#
# There is insufficient memory for the Java Runtime Environment to continue.
# Native memory allocation (mmap) failed to map 140509184 bytes for G1 virtual space
# Possible reasons:
#   The system is out of physical RAM or swap space
#   The process is running with CompressedOops enabled, and the Java Heap may be blocking the growth of the native heap
# Possible solutions:
#   Reduce memory load on the system
#   Increase physical memory or swap space
#   Check if swap backing store is full
#   Decrease Java heap size (-Xmx/-Xms)
#   Decrease number of Java threads
#   Decrease Java thread stack sizes (-Xss)
#   Set larger code cache with -XX:ReservedCodeCacheSize=
#   JVM is running with Unscaled Compressed Oops mode in which the Java heap is
#     placed in the first 4GB address space. The Java Heap base address is the
#     maximum limit for the native heap growth. Please use -XX:HeapBaseMinAddress
#     to set the Java Heap base and to place the Java Heap above 4GB virtual address.
# This output file may be truncated or incomplete.
#
#  Out of Memory Error (os_windows.cpp:3825), pid=18320, tid=25440
#
# JRE version: OpenJDK Runtime Environment (17.0.9) (build 17.0.9+0--11185874)
# Java VM: OpenJDK 64-Bit Server VM (17.0.9+0--11185874, mixed mode, tiered, compressed oops, compressed class ptrs, g1 gc, windows-amd64)
# No core dump will be written. Minidumps are not enabled by default on client versions of Windows
#

---------------  S U M M A R Y ------------

Command Line: --add-opens=java.base/java.lang=ALL-UNNAMED --add-opens=java.base/java.lang.invoke=ALL-UNNAMED --add-opens=java.base/java.util=ALL-UNNAMED --add-opens=java.prefs/java.util.prefs=ALL-UNNAMED --add-exports=jdk.compiler/com.sun.tools.javac.api=ALL-UNNAMED --add-exports=jdk.compiler/com.sun.tools.javac.util=ALL-UNNAMED --add-opens=java.base/java.util=ALL-UNNAMED --add-opens=java.prefs/java.util.prefs=ALL-UNNAMED --add-opens=java.base/java.nio.charset=ALL-UNNAMED --add-opens=java.base/java.net=ALL-UNNAMED --add-opens=java.base/java.util.concurrent.atomic=ALL-UNNAMED --add-opens=java.xml/javax.xml.namespace=ALL-UNNAMED -XX:MaxMetaspaceSize=384m -XX:+HeapDumpOnOutOfMemoryError -Xms256m -Xmx512m -Dfile.encoding=windows-1252 -Duser.country=PH -Duser.language=en -Duser.variant -javaagent:C:\Users\Nicoj\.gradle\wrapper\dists\gradle-8.12-bin\cetblhg4pflnnks72fxwobvgv\gradle-8.12\lib\agents\gradle-instrumentation-agent-8.12.jar org.gradle.launcher.daemon.bootstrap.GradleDaemon 8.12

Host: 12th Gen Intel(R) Core(TM) i5-12500H, 16 cores, 7G,  Windows 11 , 64 bit Build 26100 (10.0.26100.8328)
Time: Tue May  5 23:29:24 2026 Malay Peninsula Standard Time elapsed time: 73.862794 seconds (0d 0h 1m 13s)

---------------  T H R E A D  ---------------

Current thread (0x000001945c347d30):  VMThread "VM Thread" [stack: 0x00000091af000000,0x00000091af100000] [id=25440]

Stack: [0x00000091af000000,0x00000091af100000]
Native frames: (J=compiled Java code, j=interpreted, Vv=VM code, C=native code)
V  [jvm.dll+0x6886e9]
V  [jvm.dll+0x841e4a]
V  [jvm.dll+0x843a8e]
V  [jvm.dll+0x8440f3]
V  [jvm.dll+0x24c14f]
V  [jvm.dll+0x685499]
V  [jvm.dll+0x679c2a]
V  [jvm.dll+0x30cf9b]
V  [jvm.dll+0x314446]
V  [jvm.dll+0x36425e]
V  [jvm.dll+0x36448f]
V  [jvm.dll+0x2e2d68]
V  [jvm.dll+0x2e5e56]
V  [jvm.dll+0x2f066a]
V  [jvm.dll+0x325610]
V  [jvm.dll+0x8487eb]
V  [jvm.dll+0x849531]
V  [jvm.dll+0x849a4d]
V  [jvm.dll+0x849e24]
V  [jvm.dll+0x849ef0]
V  [jvm.dll+0x7f06aa]
V  [jvm.dll+0x687565]
C  [ucrtbase.dll+0x37b0]
C  [KERNEL32.DLL+0x2e957]
C  [ntdll.dll+0x427c]

VM_Operation (0x00000091aecff5a0): G1PauseRemark, mode: safepoint, requested by thread 0x00000194453827b0


---------------  P R O C E S S  ---------------

Threads class SMR info:
_java_thread_list=0x000001946ce0fe30, length=257, elements={
0x0000019442ff4600, 0x000001945c4d0e20, 0x000001945c4d2700, 0x000001945c52b5b0,
0x000001945c52be80, 0x000001945c52d2c0, 0x000001945c52e700, 0x000001945c52fe70,
0x000001945c533300, 0x000001945c569480, 0x000001945c671a10, 0x000001945c7e2490,
0x00000194629b18f0, 0x000001946231b880, 0x0000019462bb65f0, 0x00000194629db7c0,
0x0000019462b86e00, 0x0000019462b859c0, 0x0000019462b85ed0, 0x0000019462b868f0,
0x0000019462b863e0, 0x00000194640af730, 0x00000194640b0150, 0x00000194640af220,
0x00000194640b1080, 0x00000194640afc40, 0x00000194640aed10, 0x00000194640b3900,
0x00000194640b1590, 0x00000194640b29d0, 0x00000194640b33f0, 0x00000194640b0660,
0x00000194640b1aa0, 0x00000194640b3e10, 0x00000194640b1fb0, 0x00000194640b4320,
0x00000194640b24c0, 0x00000194640b0b70, 0x00000194640b4830, 0x000001946437fed0,
0x00000194646933d0, 0x0000019461a33170, 0x0000019464670630, 0x0000019463e1d790,
0x000001946b82cdf0, 0x000001946b84fc50, 0x000001946b850160, 0x000001946b851ab0,
0x000001946b850670, 0x000001946b850b80, 0x000001946b851fc0, 0x000001946b851090,
0x000001946b8524d0, 0x000001946b852ef0, 0x00000194669f3fc0, 0x00000194669f35a0,
0x00000194669f5e20, 0x00000194669f44d0, 0x00000194669f6330, 0x00000194669f3ab0,
0x00000194669f6840, 0x00000194669f49e0, 0x00000194669f5400, 0x00000194669f5910,
0x00000194669f6d50, 0x000001946b678060, 0x000001946b6794a0, 0x000001946b67a3d0,
0x000001946b67b810, 0x0000019461bf2380, 0x0000019461bf0a30, 0x0000019461bf1960,
0x0000019461bf0f40, 0x0000019461bf2890, 0x0000019461bf2da0, 0x0000019463e1e870,
0x0000019463e1de50, 0x0000019463e1e360, 0x0000019463e1f290, 0x0000019463e1f7a0,
0x000001946548d060, 0x000001946548eec0, 0x000001946bdbd370, 0x000001946bdbd880,
0x000001946bdba0d0, 0x000001946bdbc440, 0x000001946bdba5e0, 0x000001946548f8e0,
0x000001946548d570, 0x000001946548fdf0, 0x000001946b82d300, 0x000001946bdbaaf0,
0x000001946bdbc950, 0x000001946bdbb000, 0x000001946bdbb510, 0x000001946bdbba20,
0x000001946bdbbf30, 0x0000019464691a80, 0x0000019464691f90, 0x0000019461ad2f20,
0x0000019461ad10c0, 0x0000019461ad3430, 0x0000019461acfc80, 0x0000019461ad2a10,
0x0000019461ad15d0, 0x0000019465490810, 0x0000019461ad0190, 0x0000019461ad06a0,
0x0000019461ad0bb0, 0x0000019461ad1ae0, 0x0000019461ad1ff0, 0x0000019461ad2500,
0x0000019462242710, 0x0000019462242c20, 0x0000019462243640, 0x0000019462244060,
0x0000019462243130, 0x0000019462243b50, 0x0000019462244570, 0x0000019462240dc0,
0x00000194622412d0, 0x000001946573c9b0, 0x00000194667cc700, 0x00000194667c9460,
0x00000194667c9e80, 0x00000194667ca8a0, 0x00000194667ca390, 0x00000194667cadb0,
0x00000194667cbce0, 0x00000194667cb2c0, 0x00000194667cb7d0, 0x00000194667cc1f0,
0x00000194648ddb80, 0x00000194648de090, 0x000001946cda6880, 0x000001946cda86e0,
0x000001946cda81d0, 0x000001946573e300, 0x000001946573b570, 0x000001946573d8e0,
0x0000019461a31310, 0x0000019461a31d30, 0x0000019461a31820, 0x0000019461a2f9c0,
0x0000019461a2fed0, 0x0000019461a303e0, 0x000001946573bf90, 0x000001946573ddf0,
0x0000019463e19e30, 0x000001946b678570, 0x000001946b67adf0, 0x000001946b67b300,
0x000001946b67a8e0, 0x000001946b678a80, 0x00000194621a4da0, 0x00000194621a66f0,
0x00000194621a52b0, 0x00000194621a4890, 0x00000194621a57c0, 0x00000194621a5cd0,
0x00000194621a61e0, 0x00000194621a6c00, 0x00000194621a7110, 0x00000194669f4ef0,
0x000001946bb75280, 0x000001946bb75ca0, 0x000001946bb75790, 0x000001946cffa390,
0x000001946cffa8a0, 0x000001946cff8f50, 0x000001946cffb7d0, 0x000001946cffadb0,
0x000001946cff9970, 0x000001946cff8020, 0x000001946cff9e80, 0x000001946cffb2c0,
0x000001946cff9460, 0x000001946cff8530, 0x000001946cff8a40, 0x0000019463e1c350,
0x0000019463e1c860, 0x0000019463e1d280, 0x0000019463e1cd70, 0x0000019465927fe0,
0x0000019465928a00, 0x0000019465927ad0, 0x00000194659284f0, 0x0000019465928f10,
0x0000019465929420, 0x000001946d6fe080, 0x000001946d6fefb0, 0x000001946d6fe590,
0x000001946d6feaa0, 0x000001946d6ff4c0, 0x000001946d6ff9d0, 0x000001946b82d810,
0x000001946b82b9b0, 0x000001946b82a060, 0x000001946b82bec0, 0x000001946b82a570,
0x000001946cda5440, 0x000001946cda6d90, 0x000001946cda72a0, 0x000001946cda77b0,
0x000001946cda5950, 0x0000019463e1b270, 0x0000019463e1a340, 0x0000019463e1a850,
0x000001946c6d9f40, 0x000001946c6da960, 0x000001946c6dae70, 0x000001946c6d9a30,
0x000001946c6da450, 0x000001946c6d9520, 0x000001946d8771b0, 0x000001946c9747a0,
0x000001946c974cb0, 0x000001946c975be0, 0x000001946c974290, 0x000001946c977020,
0x000001946c9760f0, 0x000001946c973d80, 0x000001946c977530, 0x000001946c9751c0,
0x000001946c9756d0, 0x000001946573cec0, 0x000001946573c4a0, 0x000001946d3b2220,
0x000001946d3b3150, 0x000001946d3b2730, 0x000001946c8e3ef0, 0x000001946c8e39e0,
0x000001946c8e4910, 0x000001946c8e4400, 0x000001946c8e4e20, 0x0000019464fdc570,
0x0000019464fdcf90, 0x000001946bc83130, 0x000001946bc817e0, 0x000001946bc81cf0,
0x000001946bc82710, 0x000001946bc82c20, 0x000001946bc82200, 0x000001946c8b64b0,
0x000001946c8b69c0, 0x000001946c8b5fa0, 0x0000019465d2bb90, 0x000001946b6a3820,
0x000001946b6a4750, 0x000001946548e4a0, 0x000001946548e9b0, 0x000001946548f3d0,
0x000001946b8515a0, 0x000001946d6acdc0, 0x000001946d6ad2d0, 0x000001946466e2c0,
0x000001946466e7d0
}

Java Threads: ( => current thread )
  0x0000019442ff4600 JavaThread "main" [_thread_blocked, id=29740, stack(0x00000091aea00000,0x00000091aeb00000)]
  0x000001945c4d0e20 JavaThread "Reference Handler" daemon [_thread_blocked, id=1952, stack(0x00000091af100000,0x00000091af200000)]
  0x000001945c4d2700 JavaThread "Finalizer" daemon [_thread_blocked, id=30960, stack(0x00000091af200000,0x00000091af300000)]
  0x000001945c52b5b0 JavaThread "Signal Dispatcher" daemon [_thread_blocked, id=28944, stack(0x00000091af300000,0x00000091af400000)]
  0x000001945c52be80 JavaThread "Attach Listener" daemon [_thread_blocked, id=35152, stack(0x00000091af400000,0x00000091af500000)]
  0x000001945c52d2c0 JavaThread "Service Thread" daemon [_thread_blocked, id=11328, stack(0x00000091af500000,0x00000091af600000)]
  0x000001945c52e700 JavaThread "Monitor Deflation Thread" daemon [_thread_blocked, id=34820, stack(0x00000091af600000,0x00000091af700000)]
  0x000001945c52fe70 JavaThread "C2 CompilerThread0" daemon [_thread_blocked, id=3840, stack(0x00000091af700000,0x00000091af800000)]
  0x000001945c533300 JavaThread "C1 CompilerThread0" daemon [_thread_blocked, id=1672, stack(0x00000091af800000,0x00000091af900000)]
  0x000001945c569480 JavaThread "Sweeper thread" daemon [_thread_blocked, id=27884, stack(0x00000091af900000,0x00000091afa00000)]
  0x000001945c671a10 JavaThread "Common-Cleaner" daemon [_thread_blocked, id=37864, stack(0x00000091afa00000,0x00000091afb00000)]
  0x000001945c7e2490 JavaThread "Notification Thread" daemon [_thread_blocked, id=37324, stack(0x00000091afd00000,0x00000091afe00000)]
  0x00000194629b18f0 JavaThread "Daemon health stats" [_thread_blocked, id=37592, stack(0x00000091b0400000,0x00000091b0500000)]
  0x000001946231b880 JavaThread "Incoming local TCP Connector on port 64220" [_thread_in_native, id=28120, stack(0x00000091b0500000,0x00000091b0600000)]
  0x0000019462bb65f0 JavaThread "Daemon periodic checks" [_thread_blocked, id=13204, stack(0x00000091b0600000,0x00000091b0700000)]
  0x00000194629db7c0 JavaThread "Daemon" [_thread_blocked, id=22000, stack(0x00000091b0700000,0x00000091b0800000)]
  0x0000019462b86e00 JavaThread "Daemon worker" [_thread_blocked, id=1524, stack(0x00000091b0a00000,0x00000091b0b00000)]
  0x0000019462b859c0 JavaThread "Cache worker for journal cache (C:\Users\Nicoj\.gradle\caches\journal-1)" [_thread_blocked, id=32324, stack(0x00000091b1700000,0x00000091b1800000)]
  0x0000019462b85ed0 JavaThread "File lock request listener" [_thread_in_native, id=32992, stack(0x00000091b1800000,0x00000091b1900000)]
  0x0000019462b868f0 JavaThread "Cache worker for file hash cache (C:\Users\Nicoj\.gradle\caches\8.12\fileHashes)" [_thread_blocked, id=32200, stack(0x00000091b1900000,0x00000091b1a00000)]
  0x0000019462b863e0 JavaThread "File watcher server" daemon [_thread_blocked, id=23368, stack(0x00000091b1c00000,0x00000091b1d00000)]
  0x00000194640af730 JavaThread "File watcher consumer" daemon [_thread_blocked, id=33336, stack(0x00000091b1d00000,0x00000091b1e00000)]
  0x00000194640b0150 JavaThread "File lock release action executor" [_thread_blocked, id=35980, stack(0x00000091b1e00000,0x00000091b1f00000)]
  0x00000194640af220 JavaThread "jar transforms" [_thread_blocked, id=3936, stack(0x00000091b1f00000,0x00000091b2000000)]
  0x00000194640b1080 JavaThread "jar transforms Thread 2" [_thread_blocked, id=29832, stack(0x00000091b2000000,0x00000091b2100000)]
  0x00000194640afc40 JavaThread "jar transforms Thread 3" [_thread_blocked, id=35936, stack(0x00000091b2100000,0x00000091b2200000)]
  0x00000194640aed10 JavaThread "jar transforms Thread 4" [_thread_blocked, id=37120, stack(0x00000091b2200000,0x00000091b2300000)]
  0x00000194640b3900 JavaThread "jar transforms Thread 5" [_thread_blocked, id=22104, stack(0x00000091b2300000,0x00000091b2400000)]
  0x00000194640b1590 JavaThread "jar transforms Thread 6" [_thread_blocked, id=27932, stack(0x00000091b2400000,0x00000091b2500000)]
  0x00000194640b29d0 JavaThread "jar transforms Thread 7" [_thread_blocked, id=20656, stack(0x00000091b2500000,0x00000091b2600000)]
  0x00000194640b33f0 JavaThread "jar transforms Thread 8" [_thread_blocked, id=13496, stack(0x00000091b2600000,0x00000091b2700000)]
  0x00000194640b0660 JavaThread "jar transforms Thread 9" [_thread_blocked, id=5896, stack(0x00000091b2700000,0x00000091b2800000)]
  0x00000194640b1aa0 JavaThread "jar transforms Thread 10" [_thread_blocked, id=37380, stack(0x00000091b2800000,0x00000091b2900000)]
  0x00000194640b3e10 JavaThread "jar transforms Thread 11" [_thread_blocked, id=28044, stack(0x00000091b2900000,0x00000091b2a00000)]
  0x00000194640b1fb0 JavaThread "jar transforms Thread 12" [_thread_blocked, id=35896, stack(0x00000091b2a00000,0x00000091b2b00000)]
  0x00000194640b4320 JavaThread "jar transforms Thread 13" [_thread_blocked, id=31956, stack(0x00000091b2b00000,0x00000091b2c00000)]
  0x00000194640b24c0 JavaThread "jar transforms Thread 14" [_thread_blocked, id=32160, stack(0x00000091b2c00000,0x00000091b2d00000)]
  0x00000194640b0b70 JavaThread "jar transforms Thread 15" [_thread_blocked, id=2348, stack(0x00000091b2d00000,0x00000091b2e00000)]
  0x00000194640b4830 JavaThread "jar transforms Thread 16" [_thread_blocked, id=19068, stack(0x00000091b2e00000,0x00000091b2f00000)]
  0x000001946437fed0 JavaThread "Cache worker for file content cache (C:\Users\Nicoj\.gradle\caches\8.12\fileContent)" [_thread_blocked, id=31704, stack(0x00000091b3300000,0x00000091b3400000)]
  0x00000194646933d0 JavaThread "Memory manager" [_thread_blocked, id=33920, stack(0x00000091b7600000,0x00000091b7700000)]
  0x0000019461a33170 JavaThread "pool-3-thread-1" [_thread_blocked, id=31752, stack(0x00000091b7400000,0x00000091b7500000)]
  0x0000019464670630 JavaThread "included builds" [_thread_blocked, id=21440, stack(0x00000091b7a00000,0x00000091b7b00000)]
  0x0000019463e1d790 JavaThread "VFS cleanup" [_thread_blocked, id=37012, stack(0x00000091b0b00000,0x00000091b0c00000)]
  0x000001946b82cdf0 JavaThread "Handler for socket connection from /127.0.0.1:64220 to /127.0.0.1:56946" [_thread_in_native, id=30556, stack(0x00000091afb00000,0x00000091afc00000)]
  0x000001946b84fc50 JavaThread "Cancel handler" [_thread_blocked, id=24148, stack(0x00000091b0800000,0x00000091b0900000)]
  0x000001946b850160 JavaThread "Asynchronous log dispatcher for DefaultDaemonConnection: socket connection from /127.0.0.1:64220 to /127.0.0.1:56946" [_thread_blocked, id=2764, stack(0x00000091b0900000,0x00000091b0a00000)]
  0x000001946b851ab0 JavaThread "Stdin handler" [_thread_blocked, id=28612, stack(0x00000091b0c00000,0x00000091b0d00000)]
  0x000001946b850670 JavaThread "Daemon client event forwarder" [_thread_blocked, id=21880, stack(0x00000091b0d00000,0x00000091b0e00000)]
  0x000001946b850b80 JavaThread "Cache worker for file hash cache (C:\Users\Nicoj\OneDrive\Desktop\IT342-Colo-BookBud\mobile\BookBud\.gradle\8.12\fileHashes)" [_thread_blocked, id=27960, stack(0x00000091b1a00000,0x00000091b1b00000)]
  0x000001946b851fc0 JavaThread "Cache worker for Build Output Cleanup Cache (C:\Users\Nicoj\OneDrive\Desktop\IT342-Colo-BookBud\mobile\BookBud\.gradle\buildOutputCleanup)" [_thread_blocked, id=27480, stack(0x00000091b1b00000,0x00000091b1c00000)]
  0x000001946b851090 JavaThread "Cache worker for checksums cache (C:\Users\Nicoj\OneDrive\Desktop\IT342-Colo-BookBud\mobile\BookBud\.gradle\8.12\checksums)" [_thread_blocked, id=28296, stack(0x00000091b3000000,0x00000091b3100000)]
  0x000001946b8524d0 JavaThread "Cache worker for cache directory md-rule (C:\Users\Nicoj\.gradle\caches\8.12\md-rule)" [_thread_blocked, id=13452, stack(0x00000091b3100000,0x00000091b3200000)]
  0x000001946b852ef0 JavaThread "Cache worker for cache directory md-supplier (C:\Users\Nicoj\.gradle\caches\8.12\md-supplier)" [_thread_blocked, id=29328, stack(0x00000091b3200000,0x00000091b3300000)]
  0x00000194669f3fc0 JavaThread "Unconstrained build operations" [_thread_blocked, id=14836, stack(0x00000091b3400000,0x00000091b3500000)]
  0x00000194669f35a0 JavaThread "Unconstrained build operations Thread 2" [_thread_blocked, id=12292, stack(0x00000091b3500000,0x00000091b3600000)]
  0x00000194669f5e20 JavaThread "Unconstrained build operations Thread 3" [_thread_blocked, id=35968, stack(0x00000091b3600000,0x00000091b3700000)]
  0x00000194669f44d0 JavaThread "Unconstrained build operations Thread 4" [_thread_blocked, id=25648, stack(0x00000091b3700000,0x00000091b3800000)]
  0x00000194669f6330 JavaThread "Unconstrained build operations Thread 5" [_thread_blocked, id=13832, stack(0x00000091b3800000,0x00000091b3900000)]
  0x00000194669f3ab0 JavaThread "Unconstrained build operations Thread 6" [_thread_blocked, id=30700, stack(0x00000091b3900000,0x00000091b3a00000)]
  0x00000194669f6840 JavaThread "Unconstrained build operations Thread 7" [_thread_blocked, id=30008, stack(0x00000091b3a00000,0x00000091b3b00000)]
  0x00000194669f49e0 JavaThread "Unconstrained build operations Thread 8" [_thread_blocked, id=29752, stack(0x00000091b3b00000,0x00000091b3c00000)]
  0x00000194669f5400 JavaThread "Unconstrained build operations Thread 9" [_thread_blocked, id=28144, stack(0x00000091b3c00000,0x00000091b3d00000)]
  0x00000194669f5910 JavaThread "Unconstrained build operations Thread 10" [_thread_blocked, id=13864, stack(0x00000091b3d00000,0x00000091b3e00000)]
  0x00000194669f6d50 JavaThread "Unconstrained build operations Thread 11" [_thread_blocked, id=30696, stack(0x00000091b3e00000,0x00000091b3f00000)]
  0x000001946b678060 JavaThread "Unconstrained build operations Thread 12" [_thread_blocked, id=29756, stack(0x00000091b3f00000,0x00000091b4000000)]
  0x000001946b6794a0 JavaThread "Unconstrained build operations Thread 13" [_thread_blocked, id=26212, stack(0x00000091b4000000,0x00000091b4100000)]
  0x000001946b67a3d0 JavaThread "Unconstrained build operations Thread 14" [_thread_blocked, id=28096, stack(0x00000091b4100000,0x00000091b4200000)]
  0x000001946b67b810 JavaThread "Unconstrained build operations Thread 15" [_thread_blocked, id=24440, stack(0x00000091b4200000,0x00000091b4300000)]
  0x0000019461bf2380 JavaThread "Unconstrained build operations Thread 16" [_thread_blocked, id=28492, stack(0x00000091b4300000,0x00000091b4400000)]
  0x0000019461bf0a30 JavaThread "Unconstrained build operations Thread 17" [_thread_blocked, id=28468, stack(0x00000091b4400000,0x00000091b4500000)]
  0x0000019461bf1960 JavaThread "Unconstrained build operations Thread 18" [_thread_blocked, id=6888, stack(0x00000091b4500000,0x00000091b4600000)]
  0x0000019461bf0f40 JavaThread "Unconstrained build operations Thread 19" [_thread_blocked, id=2628, stack(0x00000091b4600000,0x00000091b4700000)]
  0x0000019461bf2890 JavaThread "Unconstrained build operations Thread 20" [_thread_blocked, id=24920, stack(0x00000091b4700000,0x00000091b4800000)]
  0x0000019461bf2da0 JavaThread "Unconstrained build operations Thread 21" [_thread_blocked, id=28668, stack(0x00000091b4800000,0x00000091b4900000)]
  0x0000019463e1e870 JavaThread "Unconstrained build operations Thread 22" [_thread_blocked, id=11716, stack(0x00000091b4900000,0x00000091b4a00000)]
  0x0000019463e1de50 JavaThread "Unconstrained build operations Thread 23" [_thread_blocked, id=1340, stack(0x00000091b4a00000,0x00000091b4b00000)]
  0x0000019463e1e360 JavaThread "Unconstrained build operations Thread 24" [_thread_blocked, id=28476, stack(0x00000091b4b00000,0x00000091b4c00000)]
  0x0000019463e1f290 JavaThread "Unconstrained build operations Thread 25" [_thread_blocked, id=14904, stack(0x00000091b4c00000,0x00000091b4d00000)]
  0x0000019463e1f7a0 JavaThread "Unconstrained build operations Thread 26" [_thread_blocked, id=22224, stack(0x00000091b4d00000,0x00000091b4e00000)]
  0x000001946548d060 JavaThread "Unconstrained build operations Thread 27" [_thread_blocked, id=15504, stack(0x00000091b4e00000,0x00000091b4f00000)]
  0x000001946548eec0 JavaThread "Unconstrained build operations Thread 28" [_thread_blocked, id=30596, stack(0x00000091b4f00000,0x00000091b5000000)]
  0x000001946bdbd370 JavaThread "Unconstrained build operations Thread 29" [_thread_blocked, id=21048, stack(0x00000091b5000000,0x00000091b5100000)]
  0x000001946bdbd880 JavaThread "Unconstrained build operations Thread 30" [_thread_blocked, id=30728, stack(0x00000091b5100000,0x00000091b5200000)]
  0x000001946bdba0d0 JavaThread "build event listener" [_thread_blocked, id=18700, stack(0x00000091b5400000,0x00000091b5500000)]
  0x000001946bdbc440 JavaThread "build event listener" [_thread_blocked, id=31068, stack(0x00000091b5600000,0x00000091b5700000)]
  0x000001946bdba5e0 JavaThread "Problems report writer" [_thread_blocked, id=31592, stack(0x00000091b5700000,0x00000091b5800000)]
  0x000001946548f8e0 JavaThread "pool-6-thread-1" [_thread_blocked, id=29052, stack(0x00000091b5800000,0x00000091b5900000)]
  0x000001946548d570 JavaThread "build event listener" [_thread_blocked, id=4860, stack(0x00000091b5900000,0x00000091b5a00000)]
  0x000001946548fdf0 JavaThread "included builds" [_thread_blocked, id=31712, stack(0x00000091b5a00000,0x00000091b5b00000)]
  0x000001946b82d300 JavaThread "Execution worker" [_thread_blocked, id=25008, stack(0x00000091b5b00000,0x00000091b5c00000)]
  0x000001946bdbaaf0 JavaThread "Execution worker Thread 2" [_thread_blocked, id=32168, stack(0x00000091b5c00000,0x00000091b5d00000)]
  0x000001946bdbc950 JavaThread "Execution worker Thread 3" [_thread_blocked, id=27976, stack(0x00000091b5d00000,0x00000091b5e00000)]
  0x000001946bdbb000 JavaThread "Execution worker Thread 4" [_thread_blocked, id=14732, stack(0x00000091b5e00000,0x00000091b5f00000)]
  0x000001946bdbb510 JavaThread "Execution worker Thread 5" [_thread_blocked, id=32404, stack(0x00000091b5f00000,0x00000091b6000000)]
  0x000001946bdbba20 JavaThread "Execution worker Thread 6" [_thread_blocked, id=19816, stack(0x00000091b6000000,0x00000091b6100000)]
  0x000001946bdbbf30 JavaThread "Execution worker Thread 7" [_thread_blocked, id=21268, stack(0x00000091b6100000,0x00000091b6200000)]
  0x0000019464691a80 JavaThread "Execution worker Thread 8" [_thread_blocked, id=37156, stack(0x00000091b6200000,0x00000091b6300000)]
  0x0000019464691f90 JavaThread "Execution worker Thread 9" [_thread_blocked, id=5264, stack(0x00000091b6300000,0x00000091b6400000)]
  0x0000019461ad2f20 JavaThread "Execution worker Thread 10" [_thread_blocked, id=34140, stack(0x00000091b6400000,0x00000091b6500000)]
  0x0000019461ad10c0 JavaThread "Execution worker Thread 11" [_thread_blocked, id=33312, stack(0x00000091b6500000,0x00000091b6600000)]
  0x0000019461ad3430 JavaThread "Execution worker Thread 12" [_thread_blocked, id=3956, stack(0x00000091b6600000,0x00000091b6700000)]
  0x0000019461acfc80 JavaThread "Execution worker Thread 13" [_thread_blocked, id=35832, stack(0x00000091b6700000,0x00000091b6800000)]
  0x0000019461ad2a10 JavaThread "Execution worker Thread 14" [_thread_blocked, id=35324, stack(0x00000091b6800000,0x00000091b6900000)]
  0x0000019461ad15d0 JavaThread "Execution worker Thread 15" [_thread_blocked, id=27748, stack(0x00000091b6900000,0x00000091b6a00000)]
  0x0000019465490810 JavaThread "Cache worker for execution history cache (C:\Users\Nicoj\OneDrive\Desktop\IT342-Colo-BookBud\mobile\BookBud\.gradle\8.12\executionHistory)" [_thread_blocked, id=37728, stack(0x00000091b6a00000,0x00000091b6b00000)]
  0x0000019461ad0190 JavaThread "Unconstrained build operations Thread 31" [_thread_blocked, id=31612, stack(0x00000091b6b00000,0x00000091b6c00000)]
  0x0000019461ad06a0 JavaThread "Unconstrained build operations Thread 32" [_thread_blocked, id=8236, stack(0x00000091b6c00000,0x00000091b6d00000)]
  0x0000019461ad0bb0 JavaThread "Unconstrained build operations Thread 33" [_thread_blocked, id=37468, stack(0x00000091b6d00000,0x00000091b6e00000)]
  0x0000019461ad1ae0 JavaThread "Unconstrained build operations Thread 34" [_thread_blocked, id=15812, stack(0x00000091b6e00000,0x00000091b6f00000)]
  0x0000019461ad1ff0 JavaThread "Unconstrained build operations Thread 35" [_thread_blocked, id=37724, stack(0x00000091b6f00000,0x00000091b7000000)]
  0x0000019461ad2500 JavaThread "Unconstrained build operations Thread 36" [_thread_blocked, id=9272, stack(0x00000091b7000000,0x00000091b7100000)]
  0x0000019462242710 JavaThread "Unconstrained build operations Thread 37" [_thread_blocked, id=33748, stack(0x00000091b7100000,0x00000091b7200000)]
  0x0000019462242c20 JavaThread "Unconstrained build operations Thread 38" [_thread_blocked, id=37576, stack(0x00000091b7200000,0x00000091b7300000)]
  0x0000019462243640 JavaThread "Unconstrained build operations Thread 39" [_thread_blocked, id=34740, stack(0x00000091b7500000,0x00000091b7600000)]
  0x0000019462244060 JavaThread "Unconstrained build operations Thread 40" [_thread_blocked, id=9188, stack(0x00000091b7700000,0x00000091b7800000)]
  0x0000019462243130 JavaThread "Unconstrained build operations Thread 41" [_thread_blocked, id=36108, stack(0x00000091b7800000,0x00000091b7900000)]
  0x0000019462243b50 JavaThread "Unconstrained build operations Thread 42" [_thread_blocked, id=11544, stack(0x00000091b7900000,0x00000091b7a00000)]
  0x0000019462244570 JavaThread "Unconstrained build operations Thread 43" [_thread_blocked, id=26108, stack(0x00000091b7b00000,0x00000091b7c00000)]
  0x0000019462240dc0 JavaThread "Unconstrained build operations Thread 44" [_thread_blocked, id=29912, stack(0x00000091b7c00000,0x00000091b7d00000)]
  0x00000194622412d0 JavaThread "Unconstrained build operations Thread 45" [_thread_blocked, id=33308, stack(0x00000091b7d00000,0x00000091b7e00000)]
  0x000001946573c9b0 JavaThread "WorkerExecutor Queue" [_thread_blocked, id=31936, stack(0x00000091b7e00000,0x00000091b7f00000)]
  0x00000194667cc700 JavaThread "Unconstrained build operations Thread 46" [_thread_blocked, id=24776, stack(0x00000091b7f00000,0x00000091b8000000)]
  0x00000194667c9460 JavaThread "Unconstrained build operations Thread 47" [_thread_blocked, id=37668, stack(0x00000091b8000000,0x00000091b8100000)]
  0x00000194667c9e80 JavaThread "Unconstrained build operations Thread 48" [_thread_blocked, id=30832, stack(0x00000091b8100000,0x00000091b8200000)]
  0x00000194667ca8a0 JavaThread "Unconstrained build operations Thread 49" [_thread_blocked, id=29520, stack(0x00000091b8200000,0x00000091b8300000)]
  0x00000194667ca390 JavaThread "Unconstrained build operations Thread 50" [_thread_blocked, id=37292, stack(0x00000091b8300000,0x00000091b8400000)]
  0x00000194667cadb0 JavaThread "Unconstrained build operations Thread 51" [_thread_blocked, id=3924, stack(0x00000091b8400000,0x00000091b8500000)]
  0x00000194667cbce0 JavaThread "Unconstrained build operations Thread 52" [_thread_blocked, id=18864, stack(0x00000091b8500000,0x00000091b8600000)]
  0x00000194667cb2c0 JavaThread "Unconstrained build operations Thread 53" [_thread_blocked, id=25496, stack(0x00000091b8600000,0x00000091b8700000)]
  0x00000194667cb7d0 JavaThread "Unconstrained build operations Thread 54" [_thread_blocked, id=28172, stack(0x00000091b8700000,0x00000091b8800000)]
  0x00000194667cc1f0 JavaThread "Unconstrained build operations Thread 55" [_thread_blocked, id=16796, stack(0x00000091b8800000,0x00000091b8900000)]
  0x00000194648ddb80 JavaThread "Unconstrained build operations Thread 56" [_thread_blocked, id=23048, stack(0x00000091b8900000,0x00000091b8a00000)]
  0x00000194648de090 JavaThread "Unconstrained build operations Thread 57" [_thread_blocked, id=35700, stack(0x00000091b8a00000,0x00000091b8b00000)]
  0x000001946cda6880 JavaThread "Unconstrained build operations Thread 58" [_thread_blocked, id=34400, stack(0x00000091b8b00000,0x00000091b8c00000)]
  0x000001946cda86e0 JavaThread "Unconstrained build operations Thread 59" [_thread_blocked, id=33632, stack(0x00000091b8c00000,0x00000091b8d00000)]
  0x000001946cda81d0 JavaThread "Unconstrained build operations Thread 60" [_thread_blocked, id=21576, stack(0x00000091b8d00000,0x00000091b8e00000)]
  0x000001946573e300 JavaThread "WorkerExecutor Queue Thread 2" [_thread_blocked, id=32432, stack(0x00000091b8f00000,0x00000091b9000000)]
  0x000001946573b570 JavaThread "WorkerExecutor Queue Thread 3" [_thread_blocked, id=29616, stack(0x00000091b9000000,0x00000091b9100000)]
  0x000001946573d8e0 JavaThread "WorkerExecutor Queue Thread 5" [_thread_blocked, id=28264, stack(0x00000091b9200000,0x00000091b9300000)]
  0x0000019461a31310 JavaThread "WorkerExecutor Queue Thread 6" [_thread_blocked, id=21488, stack(0x00000091b9300000,0x00000091b9400000)]
  0x0000019461a31d30 JavaThread "WorkerExecutor Queue Thread 7" [_thread_blocked, id=9324, stack(0x00000091b9400000,0x00000091b9500000)]
  0x0000019461a31820 JavaThread "WorkerExecutor Queue Thread 9" [_thread_blocked, id=36828, stack(0x00000091b9600000,0x00000091b9700000)]
  0x0000019461a2f9c0 JavaThread "WorkerExecutor Queue Thread 10" [_thread_blocked, id=29504, stack(0x00000091b9700000,0x00000091b9800000)]
  0x0000019461a2fed0 JavaThread "WorkerExecutor Queue Thread 11" [_thread_blocked, id=27184, stack(0x00000091b9800000,0x00000091b9900000)]
  0x0000019461a303e0 JavaThread "WorkerExecutor Queue Thread 13" [_thread_blocked, id=6580, stack(0x00000091b9a00000,0x00000091b9b00000)]
  0x000001946573bf90 JavaThread "WorkerExecutor Queue Thread 14" [_thread_blocked, id=32332, stack(0x00000091b9b00000,0x00000091b9c00000)]
  0x000001946573ddf0 JavaThread "WorkerExecutor Queue Thread 16" [_thread_blocked, id=2972, stack(0x00000091b9d00000,0x00000091b9e00000)]
  0x0000019463e19e30 JavaThread "Unconstrained build operations Thread 61" [_thread_blocked, id=3684, stack(0x00000091b9e00000,0x00000091b9f00000)]
  0x000001946b678570 JavaThread "Unconstrained build operations Thread 62" [_thread_blocked, id=32816, stack(0x00000091b9f00000,0x00000091ba000000)]
  0x000001946b67adf0 JavaThread "Unconstrained build operations Thread 63" [_thread_blocked, id=3532, stack(0x00000091ba000000,0x00000091ba100000)]
  0x000001946b67b300 JavaThread "Unconstrained build operations Thread 64" [_thread_blocked, id=21976, stack(0x00000091ba100000,0x00000091ba200000)]
  0x000001946b67a8e0 JavaThread "Unconstrained build operations Thread 65" [_thread_blocked, id=1520, stack(0x00000091ba200000,0x00000091ba300000)]
  0x000001946b678a80 JavaThread "Unconstrained build operations Thread 66" [_thread_blocked, id=35992, stack(0x00000091ba300000,0x00000091ba400000)]
  0x00000194621a4da0 JavaThread "Unconstrained build operations Thread 67" [_thread_blocked, id=25632, stack(0x00000091ba400000,0x00000091ba500000)]
  0x00000194621a66f0 JavaThread "Unconstrained build operations Thread 68" [_thread_blocked, id=36048, stack(0x00000091ba500000,0x00000091ba600000)]
  0x00000194621a52b0 JavaThread "Unconstrained build operations Thread 69" [_thread_blocked, id=8272, stack(0x00000091ba600000,0x00000091ba700000)]
  0x00000194621a4890 JavaThread "Unconstrained build operations Thread 70" [_thread_blocked, id=31976, stack(0x00000091ba700000,0x00000091ba800000)]
  0x00000194621a57c0 JavaThread "Unconstrained build operations Thread 71" [_thread_blocked, id=28212, stack(0x00000091ba800000,0x00000091ba900000)]
  0x00000194621a5cd0 JavaThread "Unconstrained build operations Thread 72" [_thread_blocked, id=18676, stack(0x00000091ba900000,0x00000091baa00000)]
  0x00000194621a61e0 JavaThread "Unconstrained build operations Thread 73" [_thread_blocked, id=22292, stack(0x00000091baa00000,0x00000091bab00000)]
  0x00000194621a6c00 JavaThread "Unconstrained build operations Thread 74" [_thread_blocked, id=27472, stack(0x00000091bab00000,0x00000091bac00000)]
  0x00000194621a7110 JavaThread "Unconstrained build operations Thread 75" [_thread_blocked, id=18836, stack(0x00000091bac00000,0x00000091bad00000)]
  0x00000194669f4ef0 JavaThread "Unconstrained build operations Thread 76" [_thread_blocked, id=13420, stack(0x00000091bad00000,0x00000091bae00000)]
  0x000001946bb75280 JavaThread "Unconstrained build operations Thread 77" [_thread_blocked, id=18596, stack(0x00000091bae00000,0x00000091baf00000)]
  0x000001946bb75ca0 JavaThread "Unconstrained build operations Thread 78" [_thread_blocked, id=24952, stack(0x00000091baf00000,0x00000091bb000000)]
  0x000001946bb75790 JavaThread "Unconstrained build operations Thread 79" [_thread_blocked, id=4788, stack(0x00000091bb000000,0x00000091bb100000)]
  0x000001946cffa390 JavaThread "Unconstrained build operations Thread 80" [_thread_blocked, id=17228, stack(0x00000091bb100000,0x00000091bb200000)]
  0x000001946cffa8a0 JavaThread "Unconstrained build operations Thread 81" [_thread_blocked, id=33272, stack(0x00000091bb200000,0x00000091bb300000)]
  0x000001946cff8f50 JavaThread "Unconstrained build operations Thread 82" [_thread_blocked, id=1536, stack(0x00000091bb300000,0x00000091bb400000)]
  0x000001946cffb7d0 JavaThread "Unconstrained build operations Thread 83" [_thread_blocked, id=37880, stack(0x00000091bb400000,0x00000091bb500000)]
  0x000001946cffadb0 JavaThread "Unconstrained build operations Thread 84" [_thread_blocked, id=32724, stack(0x00000091bb500000,0x00000091bb600000)]
  0x000001946cff9970 JavaThread "Unconstrained build operations Thread 85" [_thread_blocked, id=2396, stack(0x00000091bb600000,0x00000091bb700000)]
  0x000001946cff8020 JavaThread "Unconstrained build operations Thread 86" [_thread_blocked, id=27708, stack(0x00000091bb700000,0x00000091bb800000)]
  0x000001946cff9e80 JavaThread "Unconstrained build operations Thread 87" [_thread_blocked, id=32780, stack(0x00000091bb800000,0x00000091bb900000)]
  0x000001946cffb2c0 JavaThread "Unconstrained build operations Thread 88" [_thread_blocked, id=6032, stack(0x00000091bb900000,0x00000091bba00000)]
  0x000001946cff9460 JavaThread "Unconstrained build operations Thread 89" [_thread_blocked, id=22180, stack(0x00000091bba00000,0x00000091bbb00000)]
  0x000001946cff8530 JavaThread "Unconstrained build operations Thread 90" [_thread_blocked, id=25776, stack(0x00000091bbb00000,0x00000091bbc00000)]
  0x000001946cff8a40 JavaThread "Unconstrained build operations Thread 91" [_thread_blocked, id=36356, stack(0x00000091bbc00000,0x00000091bbd00000)]
  0x0000019463e1c350 JavaThread "Unconstrained build operations Thread 92" [_thread_blocked, id=35716, stack(0x00000091ae700000,0x00000091ae800000)]
  0x0000019463e1c860 JavaThread "Unconstrained build operations Thread 93" [_thread_blocked, id=37440, stack(0x00000091bbd00000,0x00000091bbe00000)]
  0x0000019463e1d280 JavaThread "Unconstrained build operations Thread 94" [_thread_blocked, id=2680, stack(0x00000091bbe00000,0x00000091bbf00000)]
  0x0000019463e1cd70 JavaThread "Unconstrained build operations Thread 95" [_thread_blocked, id=19592, stack(0x00000091bbf00000,0x00000091bc000000)]
  0x0000019465927fe0 JavaThread "Unconstrained build operations Thread 96" [_thread_blocked, id=30456, stack(0x00000091bc000000,0x00000091bc100000)]
  0x0000019465928a00 JavaThread "Unconstrained build operations Thread 97" [_thread_blocked, id=29772, stack(0x00000091bc100000,0x00000091bc200000)]
  0x0000019465927ad0 JavaThread "Unconstrained build operations Thread 98" [_thread_blocked, id=32696, stack(0x00000091bc200000,0x00000091bc300000)]
  0x00000194659284f0 JavaThread "Unconstrained build operations Thread 99" [_thread_blocked, id=34892, stack(0x00000091bc300000,0x00000091bc400000)]
  0x0000019465928f10 JavaThread "Unconstrained build operations Thread 100" [_thread_blocked, id=31660, stack(0x00000091bc400000,0x00000091bc500000)]
  0x0000019465929420 JavaThread "Unconstrained build operations Thread 101" [_thread_blocked, id=31544, stack(0x00000091bc500000,0x00000091bc600000)]
  0x000001946d6fe080 JavaThread "Unconstrained build operations Thread 102" [_thread_blocked, id=28220, stack(0x00000091bc600000,0x00000091bc700000)]
  0x000001946d6fefb0 JavaThread "Unconstrained build operations Thread 103" [_thread_blocked, id=32964, stack(0x00000091bc700000,0x00000091bc800000)]
  0x000001946d6fe590 JavaThread "Unconstrained build operations Thread 104" [_thread_blocked, id=37808, stack(0x00000091bc800000,0x00000091bc900000)]
  0x000001946d6feaa0 JavaThread "Unconstrained build operations Thread 105" [_thread_blocked, id=33348, stack(0x00000091bc900000,0x00000091bca00000)]
  0x000001946d6ff4c0 JavaThread "Unconstrained build operations Thread 106" [_thread_blocked, id=32336, stack(0x00000091bca00000,0x00000091bcb00000)]
  0x000001946d6ff9d0 JavaThread "Unconstrained build operations Thread 107" [_thread_blocked, id=31348, stack(0x00000091bcb00000,0x00000091bcc00000)]
  0x000001946b82d810 JavaThread "pool-7-thread-1" [_thread_blocked, id=21744, stack(0x00000091bcc00000,0x00000091bcd00000)]
  0x000001946b82b9b0 JavaThread "stderr" [_thread_in_native, id=30992, stack(0x00000091bcd00000,0x00000091bce00000)]
  0x000001946b82a060 JavaThread "stdout" [_thread_in_native, id=37236, stack(0x00000091bce00000,0x00000091bcf00000)]
  0x000001946b82bec0 JavaThread "stderr" [_thread_in_native, id=12956, stack(0x00000091bcf00000,0x00000091bd000000)]
  0x000001946b82a570 JavaThread "stdout" [_thread_in_native, id=4008, stack(0x00000091bd000000,0x00000091bd100000)]
  0x000001946cda5440 JavaThread "Unconstrained build operations Thread 108" [_thread_blocked, id=1748, stack(0x00000091b2f00000,0x00000091b3000000)]
  0x000001946cda6d90 JavaThread "Unconstrained build operations Thread 109" [_thread_blocked, id=25096, stack(0x00000091bd100000,0x00000091bd200000)]
  0x000001946cda72a0 JavaThread "Unconstrained build operations Thread 110" [_thread_blocked, id=16656, stack(0x00000091bd200000,0x00000091bd300000)]
  0x000001946cda77b0 JavaThread "Unconstrained build operations Thread 111" [_thread_blocked, id=31260, stack(0x00000091bd300000,0x00000091bd400000)]
  0x000001946cda5950 JavaThread "Unconstrained build operations Thread 112" [_thread_blocked, id=15560, stack(0x00000091bd400000,0x00000091bd500000)]
  0x0000019463e1b270 JavaThread "Unconstrained build operations Thread 113" [_thread_blocked, id=3972, stack(0x00000091bd500000,0x00000091bd600000)]
  0x0000019463e1a340 JavaThread "Unconstrained build operations Thread 114" [_thread_blocked, id=10036, stack(0x00000091bd600000,0x00000091bd700000)]
  0x0000019463e1a850 JavaThread "Unconstrained build operations Thread 115" [_thread_blocked, id=37000, stack(0x00000091bd700000,0x00000091bd800000)]
  0x000001946c6d9f40 JavaThread "Unconstrained build operations Thread 116" [_thread_blocked, id=3500, stack(0x00000091bd800000,0x00000091bd900000)]
  0x000001946c6da960 JavaThread "Unconstrained build operations Thread 117" [_thread_blocked, id=30396, stack(0x00000091bd900000,0x00000091bda00000)]
  0x000001946c6dae70 JavaThread "Unconstrained build operations Thread 118" [_thread_blocked, id=37588, stack(0x00000091bda00000,0x00000091bdb00000)]
  0x000001946c6d9a30 JavaThread "Unconstrained build operations Thread 119" [_thread_blocked, id=36780, stack(0x00000091bdb00000,0x00000091bdc00000)]
  0x000001946c6da450 JavaThread "Unconstrained build operations Thread 120" [_thread_blocked, id=8884, stack(0x00000091bdc00000,0x00000091bdd00000)]
  0x000001946c6d9520 JavaThread "Unconstrained build operations Thread 121" [_thread_blocked, id=29632, stack(0x00000091bdd00000,0x00000091bde00000)]
  0x000001946d8771b0 JavaThread "Unconstrained build operations Thread 122" [_thread_blocked, id=30768, stack(0x00000091bde00000,0x00000091bdf00000)]
  0x000001946c9747a0 JavaThread "Unconstrained build operations Thread 123" [_thread_blocked, id=28932, stack(0x00000091bdf00000,0x00000091be000000)]
  0x000001946c974cb0 JavaThread "Unconstrained build operations Thread 124" [_thread_blocked, id=21208, stack(0x00000091be000000,0x00000091be100000)]
  0x000001946c975be0 JavaThread "Unconstrained build operations Thread 125" [_thread_blocked, id=16620, stack(0x00000091be100000,0x00000091be200000)]
  0x000001946c974290 JavaThread "Unconstrained build operations Thread 126" [_thread_blocked, id=2428, stack(0x00000091be200000,0x00000091be300000)]
  0x000001946c977020 JavaThread "Unconstrained build operations Thread 127" [_thread_blocked, id=29640, stack(0x00000091be300000,0x00000091be400000)]
  0x000001946c9760f0 JavaThread "Unconstrained build operations Thread 128" [_thread_blocked, id=1128, stack(0x00000091be400000,0x00000091be500000)]
  0x000001946c973d80 JavaThread "Unconstrained build operations Thread 129" [_thread_blocked, id=32776, stack(0x00000091be500000,0x00000091be600000)]
  0x000001946c977530 JavaThread "Unconstrained build operations Thread 130" [_thread_blocked, id=37620, stack(0x00000091be800000,0x00000091be900000)]
  0x000001946c9751c0 JavaThread "Unconstrained build operations Thread 131" [_thread_blocked, id=20196, stack(0x00000091be900000,0x00000091bea00000)]
  0x000001946c9756d0 JavaThread "Unconstrained build operations Thread 132" [_thread_blocked, id=34216, stack(0x00000091bea00000,0x00000091beb00000)]
  0x000001946573cec0 JavaThread "Unconstrained build operations Thread 133" [_thread_blocked, id=34732, stack(0x00000091beb00000,0x00000091bec00000)]
  0x000001946573c4a0 JavaThread "Unconstrained build operations Thread 134" [_thread_blocked, id=35748, stack(0x00000091bec00000,0x00000091bed00000)]
  0x000001946d3b2220 JavaThread "Unconstrained build operations Thread 135" [_thread_blocked, id=29448, stack(0x00000091bed00000,0x00000091bee00000)]
  0x000001946d3b3150 JavaThread "Unconstrained build operations Thread 136" [_thread_blocked, id=1912, stack(0x00000091bee00000,0x00000091bef00000)]
  0x000001946d3b2730 JavaThread "Unconstrained build operations Thread 137" [_thread_blocked, id=9112, stack(0x00000091bef00000,0x00000091bf000000)]
  0x000001946c8e3ef0 JavaThread "WorkerExecutor Queue Thread 17" [_thread_blocked, id=32708, stack(0x00000091bf000000,0x00000091bf100000)]
  0x000001946c8e39e0 JavaThread "Unconstrained build operations Thread 138" [_thread_blocked, id=32276, stack(0x00000091bf100000,0x00000091bf200000)]
  0x000001946c8e4910 JavaThread "Unconstrained build operations Thread 139" [_thread_blocked, id=36112, stack(0x00000091bf200000,0x00000091bf300000)]
  0x000001946c8e4400 JavaThread "Unconstrained build operations Thread 140" [_thread_blocked, id=32232, stack(0x00000091bf300000,0x00000091bf400000)]
  0x000001946c8e4e20 JavaThread "Unconstrained build operations Thread 141" [_thread_blocked, id=18508, stack(0x00000091bf400000,0x00000091bf500000)]
  0x0000019464fdc570 JavaThread "Unconstrained build operations Thread 142" [_thread_blocked, id=30368, stack(0x00000091bf500000,0x00000091bf600000)]
  0x0000019464fdcf90 JavaThread "Unconstrained build operations Thread 143" [_thread_blocked, id=11036, stack(0x00000091bf600000,0x00000091bf700000)]
  0x000001946bc83130 JavaThread "Unconstrained build operations Thread 144" [_thread_blocked, id=35092, stack(0x00000091bf700000,0x00000091bf800000)]
  0x000001946bc817e0 JavaThread "Unconstrained build operations Thread 145" [_thread_blocked, id=32996, stack(0x00000091bf800000,0x00000091bf900000)]
  0x000001946bc81cf0 JavaThread "Unconstrained build operations Thread 146" [_thread_blocked, id=36548, stack(0x00000091bf900000,0x00000091bfa00000)]
  0x000001946bc82710 JavaThread "Unconstrained build operations Thread 147" [_thread_blocked, id=20744, stack(0x00000091bfa00000,0x00000091bfb00000)]
  0x000001946bc82c20 JavaThread "Unconstrained build operations Thread 148" [_thread_blocked, id=25028, stack(0x00000091bfb00000,0x00000091bfc00000)]
  0x000001946bc82200 JavaThread "Unconstrained build operations Thread 149" [_thread_blocked, id=36576, stack(0x00000091bfc00000,0x00000091bfd00000)]
  0x000001946c8b64b0 JavaThread "Unconstrained build operations Thread 150" [_thread_blocked, id=3440, stack(0x00000091bfd00000,0x00000091bfe00000)]
  0x000001946c8b69c0 JavaThread "Unconstrained build operations Thread 151" [_thread_blocked, id=9560, stack(0x00000091bfe00000,0x00000091bff00000)]
  0x000001946c8b5fa0 JavaThread "Unconstrained build operations Thread 152" [_thread_blocked, id=32508, stack(0x00000091bff00000,0x00000091c0000000)]
  0x0000019465d2bb90 JavaThread "WorkerExecutor Queue Thread 18" [_thread_blocked, id=35216, stack(0x00000091b5200000,0x00000091b5300000)]
  0x000001946b6a3820 JavaThread "WorkerExecutor Queue Thread 19" [_thread_blocked, id=21712, stack(0x00000091b5300000,0x00000091b5400000)]
  0x000001946b6a4750 JavaThread "WorkerExecutor Queue Thread 20" [_thread_blocked, id=29312, stack(0x00000091b5500000,0x00000091b5600000)]
  0x000001946548e4a0 JavaThread "Unconstrained build operations Thread 153" [_thread_blocked, id=3552, stack(0x00000091b9100000,0x00000091b9200000)]
  0x000001946548e9b0 JavaThread "Unconstrained build operations Thread 154" [_thread_blocked, id=13852, stack(0x00000091b9500000,0x00000091b9600000)]
  0x000001946548f3d0 JavaThread "Unconstrained build operations Thread 155" [_thread_blocked, id=5200, stack(0x00000091b9c00000,0x00000091b9d00000)]
  0x000001946b8515a0 JavaThread "Unconstrained build operations Thread 156" [_thread_blocked, id=24964, stack(0x00000091c0000000,0x00000091c0100000)]
  0x000001946d6acdc0 JavaThread "Unconstrained build operations Thread 157" [_thread_blocked, id=12656, stack(0x00000091c0100000,0x00000091c0200000)]
  0x000001946d6ad2d0 JavaThread "Unconstrained build operations Thread 158" [_thread_blocked, id=16664, stack(0x00000091c0200000,0x00000091c0300000)]
  0x000001946466e2c0 JavaThread "Unconstrained build operations Thread 159" [_thread_blocked, id=35952, stack(0x00000091c0300000,0x00000091c0400000)]
  0x000001946466e7d0 JavaThread "Unconstrained build operations Thread 160" [_thread_blocked, id=1136, stack(0x00000091c0400000,0x00000091c0500000)]

Other Threads:
=>0x000001945c347d30 VMThread "VM Thread" [stack: 0x00000091af000000,0x00000091af100000] [id=25440]
  0x000001945c7d3ce0 WatcherThread [stack: 0x00000091afe00000,0x00000091aff00000] [id=37804]
  0x000001944537d950 GCTaskThread "GC Thread#0" [stack: 0x00000091aeb00000,0x00000091aec00000] [id=31056]
  0x000001946132d4b0 GCTaskThread "GC Thread#1" [stack: 0x00000091aff00000,0x00000091b0000000] [id=25360]
  0x0000019461587020 GCTaskThread "GC Thread#2" [stack: 0x00000091b0000000,0x00000091b0100000] [id=33908]
  0x00000194613fdb60 GCTaskThread "GC Thread#3" [stack: 0x00000091b0100000,0x00000091b0200000] [id=32868]
  0x00000194616339d0 GCTaskThread "GC Thread#4" [stack: 0x00000091b0200000,0x00000091b0300000] [id=33416]
  0x0000019461633c90 GCTaskThread "GC Thread#5" [stack: 0x00000091b0300000,0x00000091b0400000] [id=32136]
  0x0000019462f3a790 GCTaskThread "GC Thread#6" [stack: 0x00000091b0e00000,0x00000091b0f00000] [id=30092]
  0x0000019462f3b550 GCTaskThread "GC Thread#7" [stack: 0x00000091b0f00000,0x00000091b1000000] [id=35268]
  0x0000019462f3aa50 GCTaskThread "GC Thread#8" [stack: 0x00000091b1000000,0x00000091b1100000] [id=20228]
  0x0000019462f3b810 GCTaskThread "GC Thread#9" [stack: 0x00000091b1100000,0x00000091b1200000] [id=36188]
  0x0000019462f3a210 GCTaskThread "GC Thread#10" [stack: 0x00000091b1200000,0x00000091b1300000] [id=12140]
  0x0000019462f3bad0 GCTaskThread "GC Thread#11" [stack: 0x00000091b1300000,0x00000091b1400000] [id=28688]
  0x0000019462f3b290 GCTaskThread "GC Thread#12" [stack: 0x00000091b1400000,0x00000091b1500000] [id=29892]
  0x00000194453827b0 ConcurrentGCThread "G1 Main Marker" [stack: 0x00000091aec00000,0x00000091aed00000] [id=32484]
  0x0000019445384dc0 ConcurrentGCThread "G1 Conc#0" [stack: 0x00000091aed00000,0x00000091aee00000] [id=31440]
  0x0000019462f3a4d0 ConcurrentGCThread "G1 Conc#1" [stack: 0x00000091b1500000,0x00000091b1600000] [id=36344]
  0x0000019462f3ad10 ConcurrentGCThread "G1 Conc#2" [stack: 0x00000091b1600000,0x00000091b1700000] [id=24840]
  0x00000194453fe7a0 ConcurrentGCThread "G1 Refine#0" [stack: 0x00000091aee00000,0x00000091aef00000] [id=2456]
  0x0000019464be5d70 ConcurrentGCThread "G1 Refine#1" [stack: 0x00000091b7300000,0x00000091b7400000] [id=5820]
  0x000001946c275d70 ConcurrentGCThread "G1 Refine#2" [stack: 0x00000091b8e00000,0x00000091b8f00000] [id=30976]
  0x000001945c1fb1b0 ConcurrentGCThread "G1 Service" [stack: 0x00000091aef00000,0x00000091af000000] [id=1740]

Threads with active compile tasks:
C2 CompilerThread0    73945 23918       4       com.android.tools.r8.graph.b4::c (121 bytes)

VM state: at safepoint (normal execution)

VM Mutex/Monitor currently owned by a thread:  ([mutex/lock_event])
[0x0000019443097fb0] Threads_lock - owner thread: 0x000001945c347d30
[0x000001944534adc0] Heap_lock - owner thread: 0x00000194453827b0

Heap address: 0x00000000e0000000, size: 512 MB, Compressed Oops mode: 32-bit

CDS archive(s) not mapped
Compressed class space mapped at: 0x0000000100000000-0x0000000114000000, reserved size: 335544320
Narrow klass base: 0x0000000000000000, Narrow klass shift: 3, Narrow klass range: 0x114000000

GC Precious Log:
 CPUs: 16 total, 16 available
 Memory: 7896M
 Large Page Support: Disabled
 NUMA Support: Disabled
 Compressed Oops: Enabled (32-bit)
 Heap Region Size: 1M
 Heap Min Capacity: 256M
 Heap Initial Capacity: 256M
 Heap Max Capacity: 512M
 Pre-touch: Disabled
 Parallel Workers: 13
 Concurrent Workers: 3
 Concurrent Refinement Workers: 13
 Periodic GC: Disabled

Heap:
 garbage-first heap   total 373760K, used 304055K [0x00000000e0000000, 0x0000000100000000)
  region size 1024K, 13 young (13312K), 3 survivors (3072K)
 Metaspace       used 158703K, committed 160064K, reserved 524288K
  class space    used 21528K, committed 22208K, reserved 327680K

Heap Regions: E=young(eden), S=young(survivor), O=old, HS=humongous(starts), HC=humongous(continues), CS=collection set, F=free, OA=open archive, CA=closed archive, TAMS=top-at-mark-start (previous, next)
|   0|0x00000000e0000000, 0x00000000e0100000, 0x00000000e0100000|100%| O|  |TAMS 0x00000000e0100000, 0x00000000e0000000| Updating 
|   1|0x00000000e0100000, 0x00000000e0200000, 0x00000000e0200000|100%|HS|  |TAMS 0x00000000e0200000, 0x00000000e0100000| Complete 
|   2|0x00000000e0200000, 0x00000000e0300000, 0x00000000e0300000|100%|HC|  |TAMS 0x00000000e0300000, 0x00000000e0200000| Complete 
|   3|0x00000000e0300000, 0x00000000e0400000, 0x00000000e0400000|100%|HC|  |TAMS 0x00000000e0400000, 0x00000000e0300000| Complete 
|   4|0x00000000e0400000, 0x00000000e0500000, 0x00000000e0500000|100%| O|  |TAMS 0x00000000e0500000, 0x00000000e0400000| Updating 
|   5|0x00000000e0500000, 0x00000000e0600000, 0x00000000e0600000|100%| O|  |TAMS 0x00000000e0600000, 0x00000000e0500000| Untracked 
|   6|0x00000000e0600000, 0x00000000e0700000, 0x00000000e0700000|100%| O|  |TAMS 0x00000000e0700000, 0x00000000e0600000| Untracked 
|   7|0x00000000e0700000, 0x00000000e0800000, 0x00000000e0800000|100%|HS|  |TAMS 0x00000000e0800000, 0x00000000e0700000| Complete 
|   8|0x00000000e0800000, 0x00000000e0900000, 0x00000000e0900000|100%| O|  |TAMS 0x00000000e0900000, 0x00000000e0800000| Untracked 
|   9|0x00000000e0900000, 0x00000000e0a00000, 0x00000000e0a00000|100%| O|  |TAMS 0x00000000e0a00000, 0x00000000e0900000| Untracked 
|  10|0x00000000e0a00000, 0x00000000e0b00000, 0x00000000e0b00000|100%| O|  |TAMS 0x00000000e0b00000, 0x00000000e0a00000| Updating 
|  11|0x00000000e0b00000, 0x00000000e0c00000, 0x00000000e0c00000|100%| O|  |TAMS 0x00000000e0c00000, 0x00000000e0b00000| Untracked 
|  12|0x00000000e0c00000, 0x00000000e0d00000, 0x00000000e0d00000|100%| O|  |TAMS 0x00000000e0d00000, 0x00000000e0c00000| Untracked 
|  13|0x00000000e0d00000, 0x00000000e0e00000, 0x00000000e0e00000|100%| O|  |TAMS 0x00000000e0e00000, 0x00000000e0d00000| Untracked 
|  14|0x00000000e0e00000, 0x00000000e0f00000, 0x00000000e0f00000|100%|HS|  |TAMS 0x00000000e0f00000, 0x00000000e0e00000| Complete 
|  15|0x00000000e0f00000, 0x00000000e1000000, 0x00000000e1000000|100%|HC|  |TAMS 0x00000000e1000000, 0x00000000e0f00000| Complete 
|  16|0x00000000e1000000, 0x00000000e1100000, 0x00000000e1100000|100%|HS|  |TAMS 0x00000000e1100000, 0x00000000e1000000| Complete 
|  17|0x00000000e1100000, 0x00000000e1200000, 0x00000000e1200000|100%|HC|  |TAMS 0x00000000e1200000, 0x00000000e1100000| Complete 
|  18|0x00000000e1200000, 0x00000000e1300000, 0x00000000e1300000|100%|HC|  |TAMS 0x00000000e1300000, 0x00000000e1200000| Complete 
|  19|0x00000000e1300000, 0x00000000e1400000, 0x00000000e1400000|100%|HS|  |TAMS 0x00000000e1400000, 0x00000000e1300000| Complete 
|  20|0x00000000e1400000, 0x00000000e1500000, 0x00000000e1500000|100%|HC|  |TAMS 0x00000000e1500000, 0x00000000e1400000| Complete 
|  21|0x00000000e1500000, 0x00000000e1600000, 0x00000000e1600000|100%|HC|  |TAMS 0x00000000e1600000, 0x00000000e1500000| Complete 
|  22|0x00000000e1600000, 0x00000000e1700000, 0x00000000e1700000|100%|HS|  |TAMS 0x00000000e1700000, 0x00000000e1600000| Complete 
|  23|0x00000000e1700000, 0x00000000e1800000, 0x00000000e1800000|100%|HC|  |TAMS 0x00000000e1800000, 0x00000000e1700000| Complete 
|  24|0x00000000e1800000, 0x00000000e1900000, 0x00000000e1900000|100%|HC|  |TAMS 0x00000000e1900000, 0x00000000e1800000| Complete 
|  25|0x00000000e1900000, 0x00000000e1a00000, 0x00000000e1a00000|100%|HS|  |TAMS 0x00000000e1a00000, 0x00000000e1900000| Complete 
|  26|0x00000000e1a00000, 0x00000000e1b00000, 0x00000000e1b00000|100%|HC|  |TAMS 0x00000000e1b00000, 0x00000000e1a00000| Complete 
|  27|0x00000000e1b00000, 0x00000000e1c00000, 0x00000000e1c00000|100%|HC|  |TAMS 0x00000000e1c00000, 0x00000000e1b00000| Complete 
|  28|0x00000000e1c00000, 0x00000000e1d00000, 0x00000000e1d00000|100%| O|  |TAMS 0x00000000e1d00000, 0x00000000e1c00000| Untracked 
|  29|0x00000000e1d00000, 0x00000000e1e00000, 0x00000000e1e00000|100%| O|  |TAMS 0x00000000e1e00000, 0x00000000e1d00000| Untracked 
|  30|0x00000000e1e00000, 0x00000000e1f00000, 0x00000000e1f00000|100%| O|  |TAMS 0x00000000e1f00000, 0x00000000e1e00000| Untracked 
|  31|0x00000000e1f00000, 0x00000000e2000000, 0x00000000e2000000|100%| O|  |TAMS 0x00000000e2000000, 0x00000000e1f00000| Untracked 
|  32|0x00000000e2000000, 0x00000000e2100000, 0x00000000e2100000|100%| O|  |TAMS 0x00000000e2100000, 0x00000000e2000000| Untracked 
|  33|0x00000000e2100000, 0x00000000e2200000, 0x00000000e2200000|100%| O|  |TAMS 0x00000000e2200000, 0x00000000e2100000| Untracked 
|  34|0x00000000e2200000, 0x00000000e2300000, 0x00000000e2300000|100%| O|  |TAMS 0x00000000e2300000, 0x00000000e2200000| Untracked 
|  35|0x00000000e2300000, 0x00000000e2400000, 0x00000000e2400000|100%| O|  |TAMS 0x00000000e2400000, 0x00000000e2300000| Untracked 
|  36|0x00000000e2400000, 0x00000000e2500000, 0x00000000e2500000|100%|HS|  |TAMS 0x00000000e2500000, 0x00000000e2400000| Complete 
|  37|0x00000000e2500000, 0x00000000e2600000, 0x00000000e2600000|100%|HC|  |TAMS 0x00000000e2600000, 0x00000000e2500000| Complete 
|  38|0x00000000e2600000, 0x00000000e2700000, 0x00000000e2700000|100%|HC|  |TAMS 0x00000000e2700000, 0x00000000e2600000| Complete 
|  39|0x00000000e2700000, 0x00000000e2800000, 0x00000000e2800000|100%|HS|  |TAMS 0x00000000e2800000, 0x00000000e2700000| Complete 
|  40|0x00000000e2800000, 0x00000000e2900000, 0x00000000e2900000|100%|HC|  |TAMS 0x00000000e2900000, 0x00000000e2800000| Complete 
|  41|0x00000000e2900000, 0x00000000e2a00000, 0x00000000e2a00000|100%|HC|  |TAMS 0x00000000e2a00000, 0x00000000e2900000| Complete 
|  42|0x00000000e2a00000, 0x00000000e2b00000, 0x00000000e2b00000|100%| O|  |TAMS 0x00000000e2b00000, 0x00000000e2a00000| Untracked 
|  43|0x00000000e2b00000, 0x00000000e2c00000, 0x00000000e2c00000|100%| O|  |TAMS 0x00000000e2c00000, 0x00000000e2b00000| Updating 
|  44|0x00000000e2c00000, 0x00000000e2d00000, 0x00000000e2d00000|100%| O|  |TAMS 0x00000000e2d00000, 0x00000000e2c00000| Updating 
|  45|0x00000000e2d00000, 0x00000000e2e00000, 0x00000000e2e00000|100%| O|  |TAMS 0x00000000e2e00000, 0x00000000e2d00000| Untracked 
|  46|0x00000000e2e00000, 0x00000000e2f00000, 0x00000000e2f00000|100%| O|  |TAMS 0x00000000e2f00000, 0x00000000e2e00000| Untracked 
|  47|0x00000000e2f00000, 0x00000000e3000000, 0x00000000e3000000|100%| O|  |TAMS 0x00000000e3000000, 0x00000000e2f00000| Updating 
|  48|0x00000000e3000000, 0x00000000e3100000, 0x00000000e3100000|100%| O|  |TAMS 0x00000000e3100000, 0x00000000e3000000| Untracked 
|  49|0x00000000e3100000, 0x00000000e3200000, 0x00000000e3200000|100%| O|  |TAMS 0x00000000e3200000, 0x00000000e3100000| Updating 
|  50|0x00000000e3200000, 0x00000000e3300000, 0x00000000e3300000|100%| O|  |TAMS 0x00000000e3300000, 0x00000000e3200000| Updating 
|  51|0x00000000e3300000, 0x00000000e3400000, 0x00000000e3400000|100%| O|  |TAMS 0x00000000e3400000, 0x00000000e3300000| Untracked 
|  52|0x00000000e3400000, 0x00000000e3500000, 0x00000000e3500000|100%| O|  |TAMS 0x00000000e3500000, 0x00000000e3400000| Untracked 
|  53|0x00000000e3500000, 0x00000000e3600000, 0x00000000e3600000|100%| O|  |TAMS 0x00000000e3600000, 0x00000000e3500000| Untracked 
|  54|0x00000000e3600000, 0x00000000e3700000, 0x00000000e3700000|100%| O|  |TAMS 0x00000000e3700000, 0x00000000e3600000| Untracked 
|  55|0x00000000e3700000, 0x00000000e3800000, 0x00000000e3800000|100%| O|  |TAMS 0x00000000e3800000, 0x00000000e3700000| Updating 
|  56|0x00000000e3800000, 0x00000000e3900000, 0x00000000e3900000|100%| O|  |TAMS 0x00000000e3900000, 0x00000000e3800000| Updating 
|  57|0x00000000e3900000, 0x00000000e3a00000, 0x00000000e3a00000|100%|HS|  |TAMS 0x00000000e3a00000, 0x00000000e3900000| Complete 
|  58|0x00000000e3a00000, 0x00000000e3b00000, 0x00000000e3b00000|100%|HS|  |TAMS 0x00000000e3b00000, 0x00000000e3a00000| Complete 
|  59|0x00000000e3b00000, 0x00000000e3c00000, 0x00000000e3c00000|100%|HS|  |TAMS 0x00000000e3c00000, 0x00000000e3b00000| Complete 
|  60|0x00000000e3c00000, 0x00000000e3d00000, 0x00000000e3d00000|100%|HC|  |TAMS 0x00000000e3d00000, 0x00000000e3c00000| Complete 
|  61|0x00000000e3d00000, 0x00000000e3e00000, 0x00000000e3e00000|100%|HS|  |TAMS 0x00000000e3e00000, 0x00000000e3d00000| Complete 
|  62|0x00000000e3e00000, 0x00000000e3f00000, 0x00000000e3f00000|100%|HC|  |TAMS 0x00000000e3f00000, 0x00000000e3e00000| Complete 
|  63|0x00000000e3f00000, 0x00000000e4000000, 0x00000000e4000000|100%|HS|  |TAMS 0x00000000e4000000, 0x00000000e3f00000| Complete 
|  64|0x00000000e4000000, 0x00000000e4100000, 0x00000000e4100000|100%|HS|  |TAMS 0x00000000e4100000, 0x00000000e4000000| Complete 
|  65|0x00000000e4100000, 0x00000000e4200000, 0x00000000e4200000|100%|HS|  |TAMS 0x00000000e4200000, 0x00000000e4100000| Complete 
|  66|0x00000000e4200000, 0x00000000e4300000, 0x00000000e4300000|100%|HC|  |TAMS 0x00000000e4300000, 0x00000000e4200000| Complete 
|  67|0x00000000e4300000, 0x00000000e4400000, 0x00000000e4400000|100%|HC|  |TAMS 0x00000000e4400000, 0x00000000e4300000| Complete 
|  68|0x00000000e4400000, 0x00000000e4500000, 0x00000000e4500000|100%|HC|  |TAMS 0x00000000e4500000, 0x00000000e4400000| Complete 
|  69|0x00000000e4500000, 0x00000000e4600000, 0x00000000e4600000|100%| O|  |TAMS 0x00000000e4600000, 0x00000000e4500000| Untracked 
|  70|0x00000000e4600000, 0x00000000e4700000, 0x00000000e4700000|100%|HS|  |TAMS 0x00000000e4700000, 0x00000000e4600000| Complete 
|  71|0x00000000e4700000, 0x00000000e4800000, 0x00000000e4800000|100%| O|  |TAMS 0x00000000e4800000, 0x00000000e4700000| Untracked 
|  72|0x00000000e4800000, 0x00000000e4900000, 0x00000000e4900000|100%| O|  |TAMS 0x00000000e4900000, 0x00000000e4800000| Untracked 
|  73|0x00000000e4900000, 0x00000000e4a00000, 0x00000000e4a00000|100%| O|  |TAMS 0x00000000e4a00000, 0x00000000e4900000| Untracked 
|  74|0x00000000e4a00000, 0x00000000e4b00000, 0x00000000e4b00000|100%| O|  |TAMS 0x00000000e4b00000, 0x00000000e4a00000| Updating 
|  75|0x00000000e4b00000, 0x00000000e4c00000, 0x00000000e4c00000|100%| O|  |TAMS 0x00000000e4c00000, 0x00000000e4b00000| Updating 
|  76|0x00000000e4c00000, 0x00000000e4d00000, 0x00000000e4d00000|100%| O|  |TAMS 0x00000000e4d00000, 0x00000000e4c00000| Updating 
|  77|0x00000000e4d00000, 0x00000000e4e00000, 0x00000000e4e00000|100%| O|  |TAMS 0x00000000e4e00000, 0x00000000e4d00000| Updating 
|  78|0x00000000e4e00000, 0x00000000e4f00000, 0x00000000e4f00000|100%| O|  |TAMS 0x00000000e4f00000, 0x00000000e4e00000| Updating 
|  79|0x00000000e4f00000, 0x00000000e5000000, 0x00000000e5000000|100%| O|  |TAMS 0x00000000e5000000, 0x00000000e4f00000| Updating 
|  80|0x00000000e5000000, 0x00000000e5100000, 0x00000000e5100000|100%| O|  |TAMS 0x00000000e5100000, 0x00000000e5000000| Updating 
|  81|0x00000000e5100000, 0x00000000e5200000, 0x00000000e5200000|100%| O|  |TAMS 0x00000000e5200000, 0x00000000e5100000| Updating 
|  82|0x00000000e5200000, 0x00000000e5300000, 0x00000000e5300000|100%| O|  |TAMS 0x00000000e5300000, 0x00000000e5200000| Updating 
|  83|0x00000000e5300000, 0x00000000e5400000, 0x00000000e5400000|100%| O|  |TAMS 0x00000000e5400000, 0x00000000e5300000| Updating 
|  84|0x00000000e5400000, 0x00000000e5500000, 0x00000000e5500000|100%| O|  |TAMS 0x00000000e5500000, 0x00000000e5400000| Untracked 
|  85|0x00000000e5500000, 0x00000000e5600000, 0x00000000e5600000|100%| O|  |TAMS 0x00000000e5600000, 0x00000000e5500000| Updating 
|  86|0x00000000e5600000, 0x00000000e5700000, 0x00000000e5700000|100%|HS|  |TAMS 0x00000000e5700000, 0x00000000e5600000| Complete 
|  87|0x00000000e5700000, 0x00000000e5800000, 0x00000000e5800000|100%|HC|  |TAMS 0x00000000e5800000, 0x00000000e5700000| Complete 
|  88|0x00000000e5800000, 0x00000000e5900000, 0x00000000e5900000|100%|HC|  |TAMS 0x00000000e5900000, 0x00000000e5800000| Complete 
|  89|0x00000000e5900000, 0x00000000e5a00000, 0x00000000e5a00000|100%|HC|  |TAMS 0x00000000e5a00000, 0x00000000e5900000| Complete 
|  90|0x00000000e5a00000, 0x00000000e5b00000, 0x00000000e5b00000|100%| O|  |TAMS 0x00000000e5b00000, 0x00000000e5a00000| Untracked 
|  91|0x00000000e5b00000, 0x00000000e5c00000, 0x00000000e5c00000|100%| O|  |TAMS 0x00000000e5c00000, 0x00000000e5b00000| Untracked 
|  92|0x00000000e5c00000, 0x00000000e5d00000, 0x00000000e5d00000|100%| O|  |TAMS 0x00000000e5d00000, 0x00000000e5c00000| Updating 
|  93|0x00000000e5d00000, 0x00000000e5e00000, 0x00000000e5e00000|100%| O|  |TAMS 0x00000000e5e00000, 0x00000000e5d00000| Untracked 
|  94|0x00000000e5e00000, 0x00000000e5f00000, 0x00000000e5f00000|100%| O|  |TAMS 0x00000000e5f00000, 0x00000000e5e00000| Untracked 
|  95|0x00000000e5f00000, 0x00000000e6000000, 0x00000000e6000000|100%| O|  |TAMS 0x00000000e6000000, 0x00000000e5f00000| Updating 
|  96|0x00000000e6000000, 0x00000000e6100000, 0x00000000e6100000|100%| O|  |TAMS 0x00000000e6100000, 0x00000000e6000000| Untracked 
|  97|0x00000000e6100000, 0x00000000e6200000, 0x00000000e6200000|100%| O|  |TAMS 0x00000000e6200000, 0x00000000e6100000| Untracked 
|  98|0x00000000e6200000, 0x00000000e6300000, 0x00000000e6300000|100%| O|  |TAMS 0x00000000e6300000, 0x00000000e6200000| Updating 
|  99|0x00000000e6300000, 0x00000000e6400000, 0x00000000e6400000|100%| O|  |TAMS 0x00000000e6400000, 0x00000000e6300000| Updating 
| 100|0x00000000e6400000, 0x00000000e6500000, 0x00000000e6500000|100%| O|  |TAMS 0x00000000e6500000, 0x00000000e6400000| Untracked 
| 101|0x00000000e6500000, 0x00000000e6600000, 0x00000000e6600000|100%| O|  |TAMS 0x00000000e6600000, 0x00000000e6500000| Updating 
| 102|0x00000000e6600000, 0x00000000e6700000, 0x00000000e6700000|100%| O|  |TAMS 0x00000000e6700000, 0x00000000e6600000| Updating 
| 103|0x00000000e6700000, 0x00000000e6800000, 0x00000000e6800000|100%| O|  |TAMS 0x00000000e6800000, 0x00000000e6700000| Updating 
| 104|0x00000000e6800000, 0x00000000e6900000, 0x00000000e6900000|100%| O|  |TAMS 0x00000000e6900000, 0x00000000e6800000| Untracked 
| 105|0x00000000e6900000, 0x00000000e6a00000, 0x00000000e6a00000|100%| O|  |TAMS 0x00000000e6a00000, 0x00000000e6900000| Untracked 
| 106|0x00000000e6a00000, 0x00000000e6b00000, 0x00000000e6b00000|100%| O|  |TAMS 0x00000000e6b00000, 0x00000000e6a00000| Untracked 
| 107|0x00000000e6b00000, 0x00000000e6c00000, 0x00000000e6c00000|100%| O|  |TAMS 0x00000000e6c00000, 0x00000000e6b00000| Untracked 
| 108|0x00000000e6c00000, 0x00000000e6d00000, 0x00000000e6d00000|100%|HS|  |TAMS 0x00000000e6d00000, 0x00000000e6c00000| Complete 
| 109|0x00000000e6d00000, 0x00000000e6e00000, 0x00000000e6e00000|100%|HC|  |TAMS 0x00000000e6e00000, 0x00000000e6d00000| Complete 
| 110|0x00000000e6e00000, 0x00000000e6f00000, 0x00000000e6f00000|100%|HS|  |TAMS 0x00000000e6f00000, 0x00000000e6e00000| Complete 
| 111|0x00000000e6f00000, 0x00000000e7000000, 0x00000000e7000000|100%|HC|  |TAMS 0x00000000e7000000, 0x00000000e6f00000| Complete 
| 112|0x00000000e7000000, 0x00000000e7100000, 0x00000000e7100000|100%|HC|  |TAMS 0x00000000e7100000, 0x00000000e7000000| Complete 
| 113|0x00000000e7100000, 0x00000000e7200000, 0x00000000e7200000|100%| O|  |TAMS 0x00000000e7200000, 0x00000000e7100000| Untracked 
| 114|0x00000000e7200000, 0x00000000e7300000, 0x00000000e7300000|100%| O|  |TAMS 0x00000000e7300000, 0x00000000e7200000| Updating 
| 115|0x00000000e7300000, 0x00000000e7400000, 0x00000000e7400000|100%| O|  |TAMS 0x00000000e7400000, 0x00000000e7300000| Updating 
| 116|0x00000000e7400000, 0x00000000e7500000, 0x00000000e7500000|100%| O|  |TAMS 0x00000000e7500000, 0x00000000e7400000| Updating 
| 117|0x00000000e7500000, 0x00000000e7600000, 0x00000000e7600000|100%| O|  |TAMS 0x00000000e7600000, 0x00000000e7500000| Updating 
| 118|0x00000000e7600000, 0x00000000e7700000, 0x00000000e7700000|100%| O|  |TAMS 0x00000000e7700000, 0x00000000e7600000| Updating 
| 119|0x00000000e7700000, 0x00000000e7800000, 0x00000000e7800000|100%|HS|  |TAMS 0x00000000e7800000, 0x00000000e7700000| Complete 
| 120|0x00000000e7800000, 0x00000000e7900000, 0x00000000e7900000|100%|HC|  |TAMS 0x00000000e7900000, 0x00000000e7800000| Complete 
| 121|0x00000000e7900000, 0x00000000e7a00000, 0x00000000e7a00000|100%|HC|  |TAMS 0x00000000e7a00000, 0x00000000e7900000| Complete 
| 122|0x00000000e7a00000, 0x00000000e7b00000, 0x00000000e7b00000|100%|HS|  |TAMS 0x00000000e7b00000, 0x00000000e7a00000| Complete 
| 123|0x00000000e7b00000, 0x00000000e7c00000, 0x00000000e7c00000|100%|HC|  |TAMS 0x00000000e7c00000, 0x00000000e7b00000| Complete 
| 124|0x00000000e7c00000, 0x00000000e7d00000, 0x00000000e7d00000|100%|HC|  |TAMS 0x00000000e7d00000, 0x00000000e7c00000| Complete 
| 125|0x00000000e7d00000, 0x00000000e7e00000, 0x00000000e7e00000|100%| O|  |TAMS 0x00000000e7e00000, 0x00000000e7d00000| Updating 
| 126|0x00000000e7e00000, 0x00000000e7f00000, 0x00000000e7f00000|100%| O|  |TAMS 0x00000000e7f00000, 0x00000000e7e00000| Updating 
| 127|0x00000000e7f00000, 0x00000000e8000000, 0x00000000e8000000|100%| O|  |TAMS 0x00000000e8000000, 0x00000000e7f00000| Updating 
| 128|0x00000000e8000000, 0x00000000e8100000, 0x00000000e8100000|100%| O|  |TAMS 0x00000000e8100000, 0x00000000e8000000| Updating 
| 129|0x00000000e8100000, 0x00000000e8200000, 0x00000000e8200000|100%| O|  |TAMS 0x00000000e8200000, 0x00000000e8100000| Updating 
| 130|0x00000000e8200000, 0x00000000e8300000, 0x00000000e8300000|100%| O|  |TAMS 0x00000000e8300000, 0x00000000e8200000| Updating 
| 131|0x00000000e8300000, 0x00000000e8400000, 0x00000000e8400000|100%| O|  |TAMS 0x00000000e8400000, 0x00000000e8300000| Untracked 
| 132|0x00000000e8400000, 0x00000000e8500000, 0x00000000e8500000|100%| O|  |TAMS 0x00000000e8500000, 0x00000000e8400000| Updating 
| 133|0x00000000e8500000, 0x00000000e8600000, 0x00000000e8600000|100%| O|  |TAMS 0x00000000e8600000, 0x00000000e8500000| Updating 
| 134|0x00000000e8600000, 0x00000000e8700000, 0x00000000e8700000|100%| O|  |TAMS 0x00000000e8700000, 0x00000000e8600000| Untracked 
| 135|0x00000000e8700000, 0x00000000e8800000, 0x00000000e8800000|100%| O|  |TAMS 0x00000000e8800000, 0x00000000e8700000| Updating 
| 136|0x00000000e8800000, 0x00000000e8900000, 0x00000000e8900000|100%| O|  |TAMS 0x00000000e8900000, 0x00000000e8800000| Updating 
| 137|0x00000000e8900000, 0x00000000e8a00000, 0x00000000e8a00000|100%| O|  |TAMS 0x00000000e8a00000, 0x00000000e8900000| Untracked 
| 138|0x00000000e8a00000, 0x00000000e8b00000, 0x00000000e8b00000|100%| O|  |TAMS 0x00000000e8b00000, 0x00000000e8a00000| Updating 
| 139|0x00000000e8b00000, 0x00000000e8c00000, 0x00000000e8c00000|100%| O|  |TAMS 0x00000000e8c00000, 0x00000000e8b00000| Updating 
| 140|0x00000000e8c00000, 0x00000000e8c00000, 0x00000000e8d00000|  0%| F|  |TAMS 0x00000000e8c00000, 0x00000000e8c00000| Untracked 
| 141|0x00000000e8d00000, 0x00000000e8e00000, 0x00000000e8e00000|100%| O|  |TAMS 0x00000000e8e00000, 0x00000000e8d00000| Updating 
| 142|0x00000000e8e00000, 0x00000000e8f00000, 0x00000000e8f00000|100%| O|  |TAMS 0x00000000e8f00000, 0x00000000e8e00000| Updating 
| 143|0x00000000e8f00000, 0x00000000e9000000, 0x00000000e9000000|100%| O|  |TAMS 0x00000000e9000000, 0x00000000e8f00000| Updating 
| 144|0x00000000e9000000, 0x00000000e9100000, 0x00000000e9100000|100%| O|  |TAMS 0x00000000e9100000, 0x00000000e9000000| Untracked 
| 145|0x00000000e9100000, 0x00000000e9200000, 0x00000000e9200000|100%| O|  |TAMS 0x00000000e9200000, 0x00000000e9100000| Untracked 
| 146|0x00000000e9200000, 0x00000000e9300000, 0x00000000e9300000|100%| O|  |TAMS 0x00000000e9300000, 0x00000000e9200000| Untracked 
| 147|0x00000000e9300000, 0x00000000e9400000, 0x00000000e9400000|100%| O|  |TAMS 0x00000000e9400000, 0x00000000e9300000| Updating 
| 148|0x00000000e9400000, 0x00000000e9500000, 0x00000000e9500000|100%| O|  |TAMS 0x00000000e9500000, 0x00000000e9400000| Untracked 
| 149|0x00000000e9500000, 0x00000000e9600000, 0x00000000e9600000|100%| O|  |TAMS 0x00000000e9600000, 0x00000000e9500000| Untracked 
| 150|0x00000000e9600000, 0x00000000e9700000, 0x00000000e9700000|100%| O|  |TAMS 0x00000000e9700000, 0x00000000e9600000| Untracked 
| 151|0x00000000e9700000, 0x00000000e9800000, 0x00000000e9800000|100%| O|  |TAMS 0x00000000e9800000, 0x00000000e9700000| Updating 
| 152|0x00000000e9800000, 0x00000000e9900000, 0x00000000e9900000|100%| O|  |TAMS 0x00000000e9900000, 0x00000000e9800000| Updating 
| 153|0x00000000e9900000, 0x00000000e9a00000, 0x00000000e9a00000|100%| O|  |TAMS 0x00000000e9a00000, 0x00000000e9900000| Updating 
| 154|0x00000000e9a00000, 0x00000000e9b00000, 0x00000000e9b00000|100%| O|  |TAMS 0x00000000e9b00000, 0x00000000e9a00000| Updating 
| 155|0x00000000e9b00000, 0x00000000e9c00000, 0x00000000e9c00000|100%| O|  |TAMS 0x00000000e9c00000, 0x00000000e9b00000| Untracked 
| 156|0x00000000e9c00000, 0x00000000e9d00000, 0x00000000e9d00000|100%| O|  |TAMS 0x00000000e9d00000, 0x00000000e9c00000| Updating 
| 157|0x00000000e9d00000, 0x00000000e9e00000, 0x00000000e9e00000|100%| O|  |TAMS 0x00000000e9e00000, 0x00000000e9d00000| Updating 
| 158|0x00000000e9e00000, 0x00000000e9f00000, 0x00000000e9f00000|100%| O|  |TAMS 0x00000000e9f00000, 0x00000000e9e00000| Updating 
| 159|0x00000000e9f00000, 0x00000000ea000000, 0x00000000ea000000|100%| O|  |TAMS 0x00000000ea000000, 0x00000000e9f00000| Updating 
| 160|0x00000000ea000000, 0x00000000ea100000, 0x00000000ea100000|100%| O|  |TAMS 0x00000000ea100000, 0x00000000ea000000| Updating 
| 161|0x00000000ea100000, 0x00000000ea200000, 0x00000000ea200000|100%| O|  |TAMS 0x00000000ea200000, 0x00000000ea100000| Updating 
| 162|0x00000000ea200000, 0x00000000ea300000, 0x00000000ea300000|100%| O|  |TAMS 0x00000000ea300000, 0x00000000ea200000| Updating 
| 163|0x00000000ea300000, 0x00000000ea400000, 0x00000000ea400000|100%| O|  |TAMS 0x00000000ea400000, 0x00000000ea300000| Updating 
| 164|0x00000000ea400000, 0x00000000ea500000, 0x00000000ea500000|100%| O|  |TAMS 0x00000000ea500000, 0x00000000ea400000| Updating 
| 165|0x00000000ea500000, 0x00000000ea600000, 0x00000000ea600000|100%| O|  |TAMS 0x00000000ea600000, 0x00000000ea500000| Updating 
| 166|0x00000000ea600000, 0x00000000ea700000, 0x00000000ea700000|100%| O|  |TAMS 0x00000000ea700000, 0x00000000ea600000| Updating 
| 167|0x00000000ea700000, 0x00000000ea800000, 0x00000000ea800000|100%| O|  |TAMS 0x00000000ea800000, 0x00000000ea700000| Updating 
| 168|0x00000000ea800000, 0x00000000ea900000, 0x00000000ea900000|100%| O|  |TAMS 0x00000000ea900000, 0x00000000ea800000| Untracked 
| 169|0x00000000ea900000, 0x00000000eaa00000, 0x00000000eaa00000|100%| O|  |TAMS 0x00000000eaa00000, 0x00000000ea900000| Untracked 
| 170|0x00000000eaa00000, 0x00000000eab00000, 0x00000000eab00000|100%| O|  |TAMS 0x00000000eab00000, 0x00000000eaa00000| Untracked 
| 171|0x00000000eab00000, 0x00000000eac00000, 0x00000000eac00000|100%| O|  |TAMS 0x00000000eac00000, 0x00000000eab00000| Untracked 
| 172|0x00000000eac00000, 0x00000000ead00000, 0x00000000ead00000|100%| O|  |TAMS 0x00000000ead00000, 0x00000000eac00000| Untracked 
| 173|0x00000000ead00000, 0x00000000eae00000, 0x00000000eae00000|100%| O|  |TAMS 0x00000000eae00000, 0x00000000ead00000| Untracked 
| 174|0x00000000eae00000, 0x00000000eaf00000, 0x00000000eaf00000|100%| O|  |TAMS 0x00000000eaf00000, 0x00000000eae00000| Untracked 
| 175|0x00000000eaf00000, 0x00000000eb000000, 0x00000000eb000000|100%| O|  |TAMS 0x00000000eb000000, 0x00000000eaf00000| Updating 
| 176|0x00000000eb000000, 0x00000000eb100000, 0x00000000eb100000|100%| O|  |TAMS 0x00000000eb100000, 0x00000000eb000000| Updating 
| 177|0x00000000eb100000, 0x00000000eb200000, 0x00000000eb200000|100%| O|  |TAMS 0x00000000eb200000, 0x00000000eb100000| Updating 
| 178|0x00000000eb200000, 0x00000000eb300000, 0x00000000eb300000|100%| O|  |TAMS 0x00000000eb300000, 0x00000000eb200000| Updating 
| 179|0x00000000eb300000, 0x00000000eb400000, 0x00000000eb400000|100%| O|  |TAMS 0x00000000eb400000, 0x00000000eb300000| Updating 
| 180|0x00000000eb400000, 0x00000000eb500000, 0x00000000eb500000|100%| O|  |TAMS 0x00000000eb500000, 0x00000000eb400000| Updating 
| 181|0x00000000eb500000, 0x00000000eb600000, 0x00000000eb600000|100%| O|  |TAMS 0x00000000eb600000, 0x00000000eb500000| Updating 
| 182|0x00000000eb600000, 0x00000000eb600000, 0x00000000eb700000|  0%| F|  |TAMS 0x00000000eb600000, 0x00000000eb600000| Untracked 
| 183|0x00000000eb700000, 0x00000000eb700000, 0x00000000eb800000|  0%| F|  |TAMS 0x00000000eb700000, 0x00000000eb700000| Untracked 
| 184|0x00000000eb800000, 0x00000000eb800000, 0x00000000eb900000|  0%| F|  |TAMS 0x00000000eb800000, 0x00000000eb800000| Untracked 
| 185|0x00000000eb900000, 0x00000000eb900000, 0x00000000eba00000|  0%| F|  |TAMS 0x00000000eb900000, 0x00000000eb900000| Untracked 
| 186|0x00000000eba00000, 0x00000000ebb00000, 0x00000000ebb00000|100%| O|  |TAMS 0x00000000ebb00000, 0x00000000eba00000| Updating 
| 187|0x00000000ebb00000, 0x00000000ebb00000, 0x00000000ebc00000|  0%| F|  |TAMS 0x00000000ebb00000, 0x00000000ebb00000| Untracked 
| 188|0x00000000ebc00000, 0x00000000ebc00000, 0x00000000ebd00000|  0%| F|  |TAMS 0x00000000ebc00000, 0x00000000ebc00000| Untracked 
| 189|0x00000000ebd00000, 0x00000000ebe00000, 0x00000000ebe00000|100%| O|  |TAMS 0x00000000ebe00000, 0x00000000ebd00000| Updating 
| 190|0x00000000ebe00000, 0x00000000ebf00000, 0x00000000ebf00000|100%| O|  |TAMS 0x00000000ebf00000, 0x00000000ebe00000| Updating 
| 191|0x00000000ebf00000, 0x00000000ec000000, 0x00000000ec000000|100%| O|  |TAMS 0x00000000ec000000, 0x00000000ebf00000| Updating 
| 192|0x00000000ec000000, 0x00000000ec100000, 0x00000000ec100000|100%| O|  |TAMS 0x00000000ec100000, 0x00000000ec000000| Updating 
| 193|0x00000000ec100000, 0x00000000ec100000, 0x00000000ec200000|  0%| F|  |TAMS 0x00000000ec100000, 0x00000000ec100000| Untracked 
| 194|0x00000000ec200000, 0x00000000ec200000, 0x00000000ec300000|  0%| F|  |TAMS 0x00000000ec200000, 0x00000000ec200000| Untracked 
| 195|0x00000000ec300000, 0x00000000ec300000, 0x00000000ec400000|  0%| F|  |TAMS 0x00000000ec300000, 0x00000000ec300000| Untracked 
| 196|0x00000000ec400000, 0x00000000ec400000, 0x00000000ec500000|  0%| F|  |TAMS 0x00000000ec400000, 0x00000000ec400000| Untracked 
| 197|0x00000000ec500000, 0x00000000ec500000, 0x00000000ec600000|  0%| F|  |TAMS 0x00000000ec500000, 0x00000000ec500000| Untracked 
| 198|0x00000000ec600000, 0x00000000ec700000, 0x00000000ec700000|100%| O|  |TAMS 0x00000000ec700000, 0x00000000ec600000| Updating 
| 199|0x00000000ec700000, 0x00000000ec700000, 0x00000000ec800000|  0%| F|  |TAMS 0x00000000ec700000, 0x00000000ec700000| Untracked 
| 200|0x00000000ec800000, 0x00000000ec800000, 0x00000000ec900000|  0%| F|  |TAMS 0x00000000ec800000, 0x00000000ec800000| Untracked 
| 201|0x00000000ec900000, 0x00000000eca00000, 0x00000000eca00000|100%| O|  |TAMS 0x00000000eca00000, 0x00000000ec900000| Updating 
| 202|0x00000000eca00000, 0x00000000ecb00000, 0x00000000ecb00000|100%| O|  |TAMS 0x00000000ecb00000, 0x00000000eca00000| Updating 
| 203|0x00000000ecb00000, 0x00000000ecc00000, 0x00000000ecc00000|100%| O|  |TAMS 0x00000000ecc00000, 0x00000000ecb00000| Updating 
| 204|0x00000000ecc00000, 0x00000000ecd00000, 0x00000000ecd00000|100%| O|  |TAMS 0x00000000ecd00000, 0x00000000ecc00000| Updating 
| 205|0x00000000ecd00000, 0x00000000ece00000, 0x00000000ece00000|100%| O|  |TAMS 0x00000000ece00000, 0x00000000ecd00000| Updating 
| 206|0x00000000ece00000, 0x00000000ecf00000, 0x00000000ecf00000|100%| O|  |TAMS 0x00000000ecf00000, 0x00000000ece00000| Updating 
| 207|0x00000000ecf00000, 0x00000000ecf00000, 0x00000000ed000000|  0%| F|  |TAMS 0x00000000ecf00000, 0x00000000ecf00000| Untracked 
| 208|0x00000000ed000000, 0x00000000ed100000, 0x00000000ed100000|100%| O|  |TAMS 0x00000000ed100000, 0x00000000ed000000| Updating 
| 209|0x00000000ed100000, 0x00000000ed200000, 0x00000000ed200000|100%| O|  |TAMS 0x00000000ed200000, 0x00000000ed100000| Updating 
| 210|0x00000000ed200000, 0x00000000ed300000, 0x00000000ed300000|100%| O|  |TAMS 0x00000000ed300000, 0x00000000ed200000| Updating 
| 211|0x00000000ed300000, 0x00000000ed400000, 0x00000000ed400000|100%| O|  |TAMS 0x00000000ed400000, 0x00000000ed300000| Updating 
| 212|0x00000000ed400000, 0x00000000ed500000, 0x00000000ed500000|100%| O|  |TAMS 0x00000000ed500000, 0x00000000ed400000| Updating 
| 213|0x00000000ed500000, 0x00000000ed600000, 0x00000000ed600000|100%| O|  |TAMS 0x00000000ed600000, 0x00000000ed500000| Updating 
| 214|0x00000000ed600000, 0x00000000ed700000, 0x00000000ed700000|100%| O|  |TAMS 0x00000000ed700000, 0x00000000ed600000| Updating 
| 215|0x00000000ed700000, 0x00000000ed800000, 0x00000000ed800000|100%| O|  |TAMS 0x00000000ed800000, 0x00000000ed700000| Updating 
| 216|0x00000000ed800000, 0x00000000ed900000, 0x00000000ed900000|100%| O|  |TAMS 0x00000000ed900000, 0x00000000ed800000| Updating 
| 217|0x00000000ed900000, 0x00000000eda00000, 0x00000000eda00000|100%| O|  |TAMS 0x00000000eda00000, 0x00000000ed900000| Updating 
| 218|0x00000000eda00000, 0x00000000edb00000, 0x00000000edb00000|100%| O|  |TAMS 0x00000000edb00000, 0x00000000eda00000| Updating 
| 219|0x00000000edb00000, 0x00000000edc00000, 0x00000000edc00000|100%| O|  |TAMS 0x00000000edc00000, 0x00000000edb00000| Updating 
| 220|0x00000000edc00000, 0x00000000edd00000, 0x00000000edd00000|100%| O|  |TAMS 0x00000000edd00000, 0x00000000edc00000| Updating 
| 221|0x00000000edd00000, 0x00000000ede00000, 0x00000000ede00000|100%| O|  |TAMS 0x00000000ede00000, 0x00000000edd00000| Untracked 
| 222|0x00000000ede00000, 0x00000000edf00000, 0x00000000edf00000|100%| O|  |TAMS 0x00000000edf00000, 0x00000000ede00000| Untracked 
| 223|0x00000000edf00000, 0x00000000ee000000, 0x00000000ee000000|100%| O|  |TAMS 0x00000000ee000000, 0x00000000edf00000| Untracked 
| 224|0x00000000ee000000, 0x00000000ee100000, 0x00000000ee100000|100%| O|  |TAMS 0x00000000ee100000, 0x00000000ee000000| Updating 
| 225|0x00000000ee100000, 0x00000000ee200000, 0x00000000ee200000|100%| O|  |TAMS 0x00000000ee200000, 0x00000000ee100000| Updating 
| 226|0x00000000ee200000, 0x00000000ee300000, 0x00000000ee300000|100%| O|  |TAMS 0x00000000ee300000, 0x00000000ee200000| Updating 
| 227|0x00000000ee300000, 0x00000000ee400000, 0x00000000ee400000|100%| O|  |TAMS 0x00000000ee400000, 0x00000000ee300000| Updating 
| 228|0x00000000ee400000, 0x00000000ee500000, 0x00000000ee500000|100%| O|  |TAMS 0x00000000ee500000, 0x00000000ee400000| Updating 
| 229|0x00000000ee500000, 0x00000000ee600000, 0x00000000ee600000|100%| O|  |TAMS 0x00000000ee600000, 0x00000000ee500000| Updating 
| 230|0x00000000ee600000, 0x00000000ee700000, 0x00000000ee700000|100%| O|  |TAMS 0x00000000ee700000, 0x00000000ee600000| Updating 
| 231|0x00000000ee700000, 0x00000000ee800000, 0x00000000ee800000|100%| O|  |TAMS 0x00000000ee800000, 0x00000000ee700000| Updating 
| 232|0x00000000ee800000, 0x00000000ee900000, 0x00000000ee900000|100%| O|  |TAMS 0x00000000ee900000, 0x00000000ee800000| Updating 
| 233|0x00000000ee900000, 0x00000000eea00000, 0x00000000eea00000|100%| O|  |TAMS 0x00000000eea00000, 0x00000000ee900000| Updating 
| 234|0x00000000eea00000, 0x00000000eeb00000, 0x00000000eeb00000|100%| O|  |TAMS 0x00000000eeb00000, 0x00000000eea00000| Updating 
| 235|0x00000000eeb00000, 0x00000000eec00000, 0x00000000eec00000|100%| O|  |TAMS 0x00000000eec00000, 0x00000000eeb00000| Updating 
| 236|0x00000000eec00000, 0x00000000eed00000, 0x00000000eed00000|100%| O|  |TAMS 0x00000000eed00000, 0x00000000eec00000| Updating 
| 237|0x00000000eed00000, 0x00000000eee00000, 0x00000000eee00000|100%| O|  |TAMS 0x00000000eee00000, 0x00000000eed00000| Updating 
| 238|0x00000000eee00000, 0x00000000eef00000, 0x00000000eef00000|100%| O|  |TAMS 0x00000000eef00000, 0x00000000eee00000| Updating 
| 239|0x00000000eef00000, 0x00000000ef000000, 0x00000000ef000000|100%| O|  |TAMS 0x00000000ef000000, 0x00000000eef00000| Updating 
| 240|0x00000000ef000000, 0x00000000ef100000, 0x00000000ef100000|100%| O|  |TAMS 0x00000000ef100000, 0x00000000ef000000| Updating 
| 241|0x00000000ef100000, 0x00000000ef200000, 0x00000000ef200000|100%| O|  |TAMS 0x00000000ef200000, 0x00000000ef100000| Updating 
| 242|0x00000000ef200000, 0x00000000ef300000, 0x00000000ef300000|100%| O|  |TAMS 0x00000000ef300000, 0x00000000ef200000| Updating 
| 243|0x00000000ef300000, 0x00000000ef400000, 0x00000000ef400000|100%| O|  |TAMS 0x00000000ef400000, 0x00000000ef300000| Updating 
| 244|0x00000000ef400000, 0x00000000ef400000, 0x00000000ef500000|  0%| F|  |TAMS 0x00000000ef400000, 0x00000000ef400000| Untracked 
| 245|0x00000000ef500000, 0x00000000ef500000, 0x00000000ef600000|  0%| F|  |TAMS 0x00000000ef500000, 0x00000000ef500000| Untracked 
| 246|0x00000000ef600000, 0x00000000ef700000, 0x00000000ef700000|100%| O|  |TAMS 0x00000000ef700000, 0x00000000ef600000| Updating 
| 247|0x00000000ef700000, 0x00000000ef700000, 0x00000000ef800000|  0%| F|  |TAMS 0x00000000ef700000, 0x00000000ef700000| Untracked 
| 248|0x00000000ef800000, 0x00000000ef900000, 0x00000000ef900000|100%| O|  |TAMS 0x00000000ef900000, 0x00000000ef800000| Updating 
| 249|0x00000000ef900000, 0x00000000efa00000, 0x00000000efa00000|100%| O|  |TAMS 0x00000000efa00000, 0x00000000ef900000| Updating 
| 250|0x00000000efa00000, 0x00000000efb00000, 0x00000000efb00000|100%| O|  |TAMS 0x00000000efb00000, 0x00000000efa00000| Updating 
| 251|0x00000000efb00000, 0x00000000efc00000, 0x00000000efc00000|100%| O|  |TAMS 0x00000000efc00000, 0x00000000efb00000| Untracked 
| 252|0x00000000efc00000, 0x00000000efd00000, 0x00000000efd00000|100%| O|  |TAMS 0x00000000efd00000, 0x00000000efc00000| Untracked 
| 253|0x00000000efd00000, 0x00000000efe00000, 0x00000000efe00000|100%| O|  |TAMS 0x00000000efe00000, 0x00000000efd00000| Updating 
| 254|0x00000000efe00000, 0x00000000eff00000, 0x00000000eff00000|100%| O|  |TAMS 0x00000000eff00000, 0x00000000efe00000| Updating 
| 255|0x00000000eff00000, 0x00000000f0000000, 0x00000000f0000000|100%| O|  |TAMS 0x00000000f0000000, 0x00000000eff00000| Updating 
| 256|0x00000000f0000000, 0x00000000f0100000, 0x00000000f0100000|100%| O|  |TAMS 0x00000000f0100000, 0x00000000f0000000| Updating 
| 257|0x00000000f0100000, 0x00000000f0200000, 0x00000000f0200000|100%| O|  |TAMS 0x00000000f0200000, 0x00000000f0100000| Updating 
| 258|0x00000000f0200000, 0x00000000f0300000, 0x00000000f0300000|100%| O|  |TAMS 0x00000000f0300000, 0x00000000f0200000| Untracked 
| 259|0x00000000f0300000, 0x00000000f0400000, 0x00000000f0400000|100%| O|  |TAMS 0x00000000f0400000, 0x00000000f0300000| Untracked 
| 260|0x00000000f0400000, 0x00000000f0500000, 0x00000000f0500000|100%| O|  |TAMS 0x00000000f0500000, 0x00000000f0400000| Untracked 
| 261|0x00000000f0500000, 0x00000000f0600000, 0x00000000f0600000|100%| O|  |TAMS 0x00000000f0600000, 0x00000000f0500000| Untracked 
| 262|0x00000000f0600000, 0x00000000f0700000, 0x00000000f0700000|100%| O|  |TAMS 0x00000000f0700000, 0x00000000f0600000| Untracked 
| 263|0x00000000f0700000, 0x00000000f0800000, 0x00000000f0800000|100%| O|  |TAMS 0x00000000f0800000, 0x00000000f0700000| Untracked 
| 264|0x00000000f0800000, 0x00000000f0900000, 0x00000000f0900000|100%| O|  |TAMS 0x00000000f0900000, 0x00000000f0800000| Untracked 
| 265|0x00000000f0900000, 0x00000000f0a00000, 0x00000000f0a00000|100%| O|  |TAMS 0x00000000f0a00000, 0x00000000f0900000| Untracked 
| 266|0x00000000f0a00000, 0x00000000f0b00000, 0x00000000f0b00000|100%| O|  |TAMS 0x00000000f0b00000, 0x00000000f0a00000| Untracked 
| 267|0x00000000f0b00000, 0x00000000f0c00000, 0x00000000f0c00000|100%| O|  |TAMS 0x00000000f0c00000, 0x00000000f0b00000| Untracked 
| 268|0x00000000f0c00000, 0x00000000f0d00000, 0x00000000f0d00000|100%| O|  |TAMS 0x00000000f0d00000, 0x00000000f0c00000| Untracked 
| 269|0x00000000f0d00000, 0x00000000f0e00000, 0x00000000f0e00000|100%| O|  |TAMS 0x00000000f0e00000, 0x00000000f0d00000| Untracked 
| 270|0x00000000f0e00000, 0x00000000f0f00000, 0x00000000f0f00000|100%| O|  |TAMS 0x00000000f0f00000, 0x00000000f0e00000| Untracked 
| 271|0x00000000f0f00000, 0x00000000f1000000, 0x00000000f1000000|100%| O|  |TAMS 0x00000000f1000000, 0x00000000f0f00000| Untracked 
| 272|0x00000000f1000000, 0x00000000f1100000, 0x00000000f1100000|100%| O|  |TAMS 0x00000000f1100000, 0x00000000f1000000| Untracked 
| 273|0x00000000f1100000, 0x00000000f1200000, 0x00000000f1200000|100%| O|  |TAMS 0x00000000f1200000, 0x00000000f1100000| Untracked 
| 274|0x00000000f1200000, 0x00000000f1300000, 0x00000000f1300000|100%| O|  |TAMS 0x00000000f1300000, 0x00000000f1200000| Untracked 
| 275|0x00000000f1300000, 0x00000000f1400000, 0x00000000f1400000|100%| O|  |TAMS 0x00000000f1400000, 0x00000000f1300000| Updating 
| 276|0x00000000f1400000, 0x00000000f1500000, 0x00000000f1500000|100%| O|  |TAMS 0x00000000f1500000, 0x00000000f1400000| Untracked 
| 277|0x00000000f1500000, 0x00000000f1600000, 0x00000000f1600000|100%| O|  |TAMS 0x00000000f1600000, 0x00000000f1500000| Untracked 
| 278|0x00000000f1600000, 0x00000000f1700000, 0x00000000f1700000|100%| O|  |TAMS 0x00000000f1700000, 0x00000000f1600000| Untracked 
| 279|0x00000000f1700000, 0x00000000f1800000, 0x00000000f1800000|100%| O|  |TAMS 0x00000000f1800000, 0x00000000f1700000| Untracked 
| 280|0x00000000f1800000, 0x00000000f1900000, 0x00000000f1900000|100%| O|  |TAMS 0x00000000f1900000, 0x00000000f1800000| Untracked 
| 281|0x00000000f1900000, 0x00000000f1a00000, 0x00000000f1a00000|100%| O|  |TAMS 0x00000000f1a00000, 0x00000000f1900000| Updating 
| 282|0x00000000f1a00000, 0x00000000f1b00000, 0x00000000f1b00000|100%| O|  |TAMS 0x00000000f1a78600, 0x00000000f1a00000| Updating 
| 283|0x00000000f1b00000, 0x00000000f1c00000, 0x00000000f1c00000|100%| O|  |TAMS 0x00000000f1b00000, 0x00000000f1b00000| Untracked 
| 284|0x00000000f1c00000, 0x00000000f1d00000, 0x00000000f1d00000|100%| O|  |TAMS 0x00000000f1c00000, 0x00000000f1c00000| Untracked 
| 285|0x00000000f1d00000, 0x00000000f1e00000, 0x00000000f1e00000|100%| O|  |TAMS 0x00000000f1d00000, 0x00000000f1d00000| Untracked 
| 286|0x00000000f1e00000, 0x00000000f1f00000, 0x00000000f1f00000|100%| O|  |TAMS 0x00000000f1e00000, 0x00000000f1e00000| Untracked 
| 287|0x00000000f1f00000, 0x00000000f2000000, 0x00000000f2000000|100%| O|  |TAMS 0x00000000f1f00000, 0x00000000f1f00000| Untracked 
| 288|0x00000000f2000000, 0x00000000f2100000, 0x00000000f2100000|100%| O|  |TAMS 0x00000000f2000000, 0x00000000f2000000| Untracked 
| 289|0x00000000f2100000, 0x00000000f2200000, 0x00000000f2200000|100%| O|  |TAMS 0x00000000f2100000, 0x00000000f2100000| Untracked 
| 290|0x00000000f2200000, 0x00000000f2300000, 0x00000000f2300000|100%| O|  |TAMS 0x00000000f2200000, 0x00000000f2200000| Untracked 
| 291|0x00000000f2300000, 0x00000000f2400000, 0x00000000f2400000|100%| O|  |TAMS 0x00000000f2300000, 0x00000000f2300000| Untracked 
| 292|0x00000000f2400000, 0x00000000f2500000, 0x00000000f2500000|100%| O|  |TAMS 0x00000000f2400000, 0x00000000f2400000| Untracked 
| 293|0x00000000f2500000, 0x00000000f2600000, 0x00000000f2600000|100%| O|  |TAMS 0x00000000f2500000, 0x00000000f2500000| Untracked 
| 294|0x00000000f2600000, 0x00000000f2700000, 0x00000000f2700000|100%| O|  |TAMS 0x00000000f2600000, 0x00000000f2600000| Untracked 
| 295|0x00000000f2700000, 0x00000000f2800000, 0x00000000f2800000|100%| O|  |TAMS 0x00000000f2700000, 0x00000000f2700000| Untracked 
| 296|0x00000000f2800000, 0x00000000f2900000, 0x00000000f2900000|100%| O|  |TAMS 0x00000000f2800000, 0x00000000f2800000| Untracked 
| 297|0x00000000f2900000, 0x00000000f2a00000, 0x00000000f2a00000|100%| O|  |TAMS 0x00000000f2900000, 0x00000000f2900000| Untracked 
| 298|0x00000000f2a00000, 0x00000000f2b00000, 0x00000000f2b00000|100%| O|  |TAMS 0x00000000f2a00000, 0x00000000f2a00000| Untracked 
| 299|0x00000000f2b00000, 0x00000000f2c00000, 0x00000000f2c00000|100%| O|  |TAMS 0x00000000f2b00000, 0x00000000f2b00000| Untracked 
| 300|0x00000000f2c00000, 0x00000000f2d00000, 0x00000000f2d00000|100%| O|  |TAMS 0x00000000f2c00000, 0x00000000f2c00000| Untracked 
| 301|0x00000000f2d00000, 0x00000000f2e00000, 0x00000000f2e00000|100%| O|  |TAMS 0x00000000f2d00000, 0x00000000f2d00000| Untracked 
| 302|0x00000000f2e00000, 0x00000000f2f00000, 0x00000000f2f00000|100%| O|  |TAMS 0x00000000f2e00000, 0x00000000f2e00000| Untracked 
| 303|0x00000000f2f00000, 0x00000000f2f7c600, 0x00000000f3000000| 48%| O|  |TAMS 0x00000000f2f00000, 0x00000000f2f00000| Updating 
| 304|0x00000000f3000000, 0x00000000f3000000, 0x00000000f3100000|  0%| F|  |TAMS 0x00000000f3000000, 0x00000000f3000000| Untracked 
| 305|0x00000000f3100000, 0x00000000f3100000, 0x00000000f3200000|  0%| F|  |TAMS 0x00000000f3100000, 0x00000000f3100000| Untracked 
| 306|0x00000000f3200000, 0x00000000f3200000, 0x00000000f3300000|  0%| F|  |TAMS 0x00000000f3200000, 0x00000000f3200000| Untracked 
| 307|0x00000000f3300000, 0x00000000f3300000, 0x00000000f3400000|  0%| F|  |TAMS 0x00000000f3300000, 0x00000000f3300000| Untracked 
| 308|0x00000000f3400000, 0x00000000f3400000, 0x00000000f3500000|  0%| F|  |TAMS 0x00000000f3400000, 0x00000000f3400000| Untracked 
| 309|0x00000000f3500000, 0x00000000f3500000, 0x00000000f3600000|  0%| F|  |TAMS 0x00000000f3500000, 0x00000000f3500000| Untracked 
| 310|0x00000000f3600000, 0x00000000f3600000, 0x00000000f3700000|  0%| F|  |TAMS 0x00000000f3600000, 0x00000000f3600000| Untracked 
| 311|0x00000000f3700000, 0x00000000f3700000, 0x00000000f3800000|  0%| F|  |TAMS 0x00000000f3700000, 0x00000000f3700000| Untracked 
| 312|0x00000000f3800000, 0x00000000f3800000, 0x00000000f3900000|  0%| F|  |TAMS 0x00000000f3800000, 0x00000000f3800000| Untracked 
| 313|0x00000000f3900000, 0x00000000f3900000, 0x00000000f3a00000|  0%| F|  |TAMS 0x00000000f3900000, 0x00000000f3900000| Untracked 
| 314|0x00000000f3a00000, 0x00000000f3a00000, 0x00000000f3b00000|  0%| F|  |TAMS 0x00000000f3a00000, 0x00000000f3a00000| Untracked 
| 315|0x00000000f3b00000, 0x00000000f3b00000, 0x00000000f3c00000|  0%| F|  |TAMS 0x00000000f3b00000, 0x00000000f3b00000| Untracked 
| 316|0x00000000f3c00000, 0x00000000f3c00000, 0x00000000f3d00000|  0%| F|  |TAMS 0x00000000f3c00000, 0x00000000f3c00000| Untracked 
| 317|0x00000000f3d00000, 0x00000000f3d00000, 0x00000000f3e00000|  0%| F|  |TAMS 0x00000000f3d00000, 0x00000000f3d00000| Untracked 
| 318|0x00000000f3e00000, 0x00000000f3e00000, 0x00000000f3f00000|  0%| F|  |TAMS 0x00000000f3e00000, 0x00000000f3e00000| Untracked 
| 319|0x00000000f3f00000, 0x00000000f3f00000, 0x00000000f4000000|  0%| F|  |TAMS 0x00000000f3f00000, 0x00000000f3f00000| Untracked 
| 320|0x00000000f4000000, 0x00000000f4000000, 0x00000000f4100000|  0%| F|  |TAMS 0x00000000f4000000, 0x00000000f4000000| Untracked 
| 321|0x00000000f4100000, 0x00000000f4100000, 0x00000000f4200000|  0%| F|  |TAMS 0x00000000f4100000, 0x00000000f4100000| Untracked 
| 322|0x00000000f4200000, 0x00000000f4200000, 0x00000000f4300000|  0%| F|  |TAMS 0x00000000f4200000, 0x00000000f4200000| Untracked 
| 323|0x00000000f4300000, 0x00000000f4300000, 0x00000000f4400000|  0%| F|  |TAMS 0x00000000f4300000, 0x00000000f4300000| Untracked 
| 324|0x00000000f4400000, 0x00000000f4400000, 0x00000000f4500000|  0%| F|  |TAMS 0x00000000f4400000, 0x00000000f4400000| Untracked 
| 325|0x00000000f4500000, 0x00000000f4500000, 0x00000000f4600000|  0%| F|  |TAMS 0x00000000f4500000, 0x00000000f4500000| Untracked 
| 326|0x00000000f4600000, 0x00000000f4600000, 0x00000000f4700000|  0%| F|  |TAMS 0x00000000f4600000, 0x00000000f4600000| Untracked 
| 327|0x00000000f4700000, 0x00000000f4700000, 0x00000000f4800000|  0%| F|  |TAMS 0x00000000f4700000, 0x00000000f4700000| Untracked 
| 328|0x00000000f4800000, 0x00000000f4800000, 0x00000000f4900000|  0%| F|  |TAMS 0x00000000f4800000, 0x00000000f4800000| Untracked 
| 329|0x00000000f4900000, 0x00000000f4900000, 0x00000000f4a00000|  0%| F|  |TAMS 0x00000000f4900000, 0x00000000f4900000| Untracked 
| 330|0x00000000f4a00000, 0x00000000f4a00000, 0x00000000f4b00000|  0%| F|  |TAMS 0x00000000f4a00000, 0x00000000f4a00000| Untracked 
| 331|0x00000000f4b00000, 0x00000000f4b00000, 0x00000000f4c00000|  0%| F|  |TAMS 0x00000000f4b00000, 0x00000000f4b00000| Untracked 
| 332|0x00000000f4c00000, 0x00000000f4c00000, 0x00000000f4d00000|  0%| F|  |TAMS 0x00000000f4c00000, 0x00000000f4c00000| Untracked 
| 333|0x00000000f4d00000, 0x00000000f4d00000, 0x00000000f4e00000|  0%| F|  |TAMS 0x00000000f4d00000, 0x00000000f4d00000| Untracked 
| 334|0x00000000f4e00000, 0x00000000f4e00000, 0x00000000f4f00000|  0%| F|  |TAMS 0x00000000f4e00000, 0x00000000f4e00000| Untracked 
| 335|0x00000000f4f00000, 0x00000000f4f00000, 0x00000000f5000000|  0%| F|  |TAMS 0x00000000f4f00000, 0x00000000f4f00000| Untracked 
| 336|0x00000000f5000000, 0x00000000f5000000, 0x00000000f5100000|  0%| F|  |TAMS 0x00000000f5000000, 0x00000000f5000000| Untracked 
| 337|0x00000000f5100000, 0x00000000f5100000, 0x00000000f5200000|  0%| F|  |TAMS 0x00000000f5100000, 0x00000000f5100000| Untracked 
| 338|0x00000000f5200000, 0x00000000f5200000, 0x00000000f5300000|  0%| F|  |TAMS 0x00000000f5200000, 0x00000000f5200000| Untracked 
| 339|0x00000000f5300000, 0x00000000f5300000, 0x00000000f5400000|  0%| F|  |TAMS 0x00000000f5300000, 0x00000000f5300000| Untracked 
| 340|0x00000000f5400000, 0x00000000f5400000, 0x00000000f5500000|  0%| F|  |TAMS 0x00000000f5400000, 0x00000000f5400000| Untracked 
| 341|0x00000000f5500000, 0x00000000f5500000, 0x00000000f5600000|  0%| F|  |TAMS 0x00000000f5500000, 0x00000000f5500000| Untracked 
| 342|0x00000000f5600000, 0x00000000f5600000, 0x00000000f5700000|  0%| F|  |TAMS 0x00000000f5600000, 0x00000000f5600000| Untracked 
| 343|0x00000000f5700000, 0x00000000f5771700, 0x00000000f5800000| 44%| S|CS|TAMS 0x00000000f5700000, 0x00000000f5700000| Complete 
| 344|0x00000000f5800000, 0x00000000f5800000, 0x00000000f5900000|  0%| F|  |TAMS 0x00000000f5800000, 0x00000000f5800000| Untracked 
| 345|0x00000000f5900000, 0x00000000f5900000, 0x00000000f5a00000|  0%| F|  |TAMS 0x00000000f5900000, 0x00000000f5900000| Untracked 
| 346|0x00000000f5a00000, 0x00000000f5a00000, 0x00000000f5b00000|  0%| F|  |TAMS 0x00000000f5a00000, 0x00000000f5a00000| Untracked 
| 347|0x00000000f5b00000, 0x00000000f5c00000, 0x00000000f5c00000|100%| S|CS|TAMS 0x00000000f5b00000, 0x00000000f5b00000| Complete 
| 348|0x00000000f5c00000, 0x00000000f5d00000, 0x00000000f5d00000|100%| S|CS|TAMS 0x00000000f5c00000, 0x00000000f5c00000| Complete 
| 349|0x00000000f5d00000, 0x00000000f5d00000, 0x00000000f5e00000|  0%| F|  |TAMS 0x00000000f5d00000, 0x00000000f5d00000| Untracked 
| 350|0x00000000f5e00000, 0x00000000f5e00000, 0x00000000f5f00000|  0%| F|  |TAMS 0x00000000f5e00000, 0x00000000f5e00000| Untracked 
| 351|0x00000000f5f00000, 0x00000000f5f00000, 0x00000000f6000000|  0%| F|  |TAMS 0x00000000f5f00000, 0x00000000f5f00000| Untracked 
| 352|0x00000000f6000000, 0x00000000f6000000, 0x00000000f6100000|  0%| F|  |TAMS 0x00000000f6000000, 0x00000000f6000000| Untracked 
| 353|0x00000000f6100000, 0x00000000f6100000, 0x00000000f6200000|  0%| F|  |TAMS 0x00000000f6100000, 0x00000000f6100000| Untracked 
| 354|0x00000000f6200000, 0x00000000f6200000, 0x00000000f6300000|  0%| F|  |TAMS 0x00000000f6200000, 0x00000000f6200000| Untracked 
| 355|0x00000000f6300000, 0x00000000f638d0c0, 0x00000000f6400000| 55%| E|  |TAMS 0x00000000f6300000, 0x00000000f6300000| Complete 
| 356|0x00000000f6400000, 0x00000000f6500000, 0x00000000f6500000|100%| E|CS|TAMS 0x00000000f6400000, 0x00000000f6400000| Complete 
| 357|0x00000000f6500000, 0x00000000f6600000, 0x00000000f6600000|100%| E|CS|TAMS 0x00000000f6500000, 0x00000000f6500000| Complete 
| 358|0x00000000f6600000, 0x00000000f6700000, 0x00000000f6700000|100%| E|CS|TAMS 0x00000000f6600000, 0x00000000f6600000| Complete 
| 359|0x00000000f6700000, 0x00000000f6800000, 0x00000000f6800000|100%| E|CS|TAMS 0x00000000f6700000, 0x00000000f6700000| Complete 
| 360|0x00000000f6800000, 0x00000000f6900000, 0x00000000f6900000|100%| E|CS|TAMS 0x00000000f6800000, 0x00000000f6800000| Complete 
| 361|0x00000000f6900000, 0x00000000f6a00000, 0x00000000f6a00000|100%| E|CS|TAMS 0x00000000f6900000, 0x00000000f6900000| Complete 
| 362|0x00000000f6a00000, 0x00000000f6b00000, 0x00000000f6b00000|100%| E|CS|TAMS 0x00000000f6a00000, 0x00000000f6a00000| Complete 
| 363|0x00000000f6b00000, 0x00000000f6c00000, 0x00000000f6c00000|100%| E|CS|TAMS 0x00000000f6b00000, 0x00000000f6b00000| Complete 
| 364|0x00000000f6c00000, 0x00000000f6d00000, 0x00000000f6d00000|100%| E|CS|TAMS 0x00000000f6c00000, 0x00000000f6c00000| Complete 

Card table byte_map: [0x00000194581a0000,0x00000194582a0000] _byte_map_base: 0x0000019457aa0000

Marking Bits (Prev, Next): (CMBitMap*) 0x000001944537dec0, (CMBitMap*) 0x000001944537de80
 Prev Bits: [0x0000019458ba0000, 0x00000194593a0000)
 Next Bits: [0x00000194583a0000, 0x0000019458ba0000)

Polling page: 0x0000019443230000

Metaspace:

Usage:
  Non-class:    133.96 MB used.
      Class:     21.02 MB used.
       Both:    154.98 MB used.

Virtual space:
  Non-class space:      192.00 MB reserved,     134.62 MB ( 70%) committed,  3 nodes.
      Class space:      320.00 MB reserved,      21.69 MB (  7%) committed,  1 nodes.
             Both:      512.00 MB reserved,     156.31 MB ( 31%) committed. 

Chunk freelists:
   Non-Class:  9.04 MB
       Class:  10.22 MB
        Both:  19.26 MB

MaxMetaspaceSize: 384.00 MB
CompressedClassSpaceSize: 320.00 MB
Initial GC threshold: 21.00 MB
Current GC threshold: 224.00 MB
CDS: off
MetaspaceReclaimPolicy: balanced
 - commit_granule_bytes: 65536.
 - commit_granule_words: 8192.
 - virtual_space_node_default_size: 8388608.
 - enlarge_chunks_in_place: 1.
 - new_chunks_are_fully_committed: 0.
 - uncommit_free_chunks: 1.
 - use_allocation_guard: 0.
 - handle_deallocations: 1.


Internal statistics:

num_allocs_failed_limit: 12.
num_arena_births: 2218.
num_arena_deaths: 4.
num_vsnodes_births: 4.
num_vsnodes_deaths: 0.
num_space_committed: 2498.
num_space_uncommitted: 0.
num_chunks_returned_to_freelist: 18.
num_chunks_taken_from_freelist: 8867.
num_chunk_merges: 15.
num_chunk_splits: 5730.
num_chunks_enlarged: 3635.
num_inconsistent_stats: 0.

CodeHeap 'non-profiled nmethods': size=119168Kb used=9964Kb max_used=11464Kb free=109203Kb
 bounds [0x00000194503c0000, 0x0000019450f10000, 0x0000019457820000]
CodeHeap 'profiled nmethods': size=119104Kb used=41811Kb max_used=41811Kb free=77292Kb
 bounds [0x0000019448820000, 0x000001944b160000, 0x000001944fc70000]
CodeHeap 'non-nmethods': size=7488Kb used=2504Kb max_used=4272Kb free=4983Kb
 bounds [0x000001944fc70000, 0x00000194500b0000, 0x00000194503c0000]
 total_blobs=20568 nmethods=19515 adapters=965
 compilation: enabled
              stopped_count=0, restarted_count=0
 full_count=0

Compilation events (20 events):
Event: 71.388 Thread 0x000001945c533300 23966       2       java.util.Collections$CopiesList::<init> (33 bytes)
Event: 71.390 Thread 0x000001945c533300 nmethod 23966 0x000001944a93b390 code [0x000001944a93b520, 0x000001944a93b678]
Event: 71.390 Thread 0x000001945c533300 23968       2       com.android.tools.r8.graph.B1::a (18 bytes)
Event: 71.393 Thread 0x000001945c533300 nmethod 23968 0x000001944a93ac10 code [0x000001944a93ade0, 0x000001944a93b188]
Event: 71.393 Thread 0x000001945c533300 23974       2       java.lang.invoke.Invokers$Holder::linkToTargetMethod (10 bytes)
Event: 71.395 Thread 0x000001945c533300 nmethod 23974 0x000001944a93a810 code [0x000001944a93a9c0, 0x000001944a93ab18]
Event: 71.395 Thread 0x000001945c533300 23975       2       java.lang.invoke.LambdaForm$DMH/0x0000000100318000::newInvokeSpecial (24 bytes)
Event: 71.399 Thread 0x000001945c533300 nmethod 23975 0x000001944a93a290 code [0x000001944a93a440, 0x000001944a93a628]
Event: 71.399 Thread 0x000001945c533300 23969       2       java.util.Collections::nCopies (42 bytes)
Event: 71.403 Thread 0x000001945c533300 nmethod 23969 0x000001944a939b10 code [0x000001944a939d00, 0x000001944a93a0b8]
Event: 71.404 Thread 0x000001945c533300 23976       2       java.lang.invoke.LambdaForm$MH/0x0000000101540000::delegate (30 bytes)
Event: 71.406 Thread 0x000001945c533300 nmethod 23976 0x000001944a939710 code [0x000001944a9398c0, 0x000001944a9399f8]
Event: 71.500 Thread 0x000001945c533300 23980       2       java.util.concurrent.ConcurrentHashMap::get (162 bytes)
Event: 71.506 Thread 0x000001945c533300 nmethod 23980 0x00000194494a7910 code [0x00000194494a7b20, 0x00000194494a8068]
Event: 71.507 Thread 0x000001945c533300 23981       2       java.lang.invoke.MethodType::equals (56 bytes)
Event: 71.511 Thread 0x000001945c533300 nmethod 23981 0x000001944a939010 code [0x000001944a9391e0, 0x000001944a9395b8]
Event: 71.511 Thread 0x000001945c533300 23982       2       java.lang.invoke.MethodType::equals (31 bytes)
Event: 71.513 Thread 0x000001945c533300 nmethod 23982 0x00000194494a7510 code [0x00000194494a76a0, 0x00000194494a7808]
Event: 71.608 Thread 0x000001945c533300 23983       2       com.android.tools.r8.internal.w5::<init> (12 bytes)
Event: 71.608 Thread 0x000001945c533300 nmethod 23983 0x00000194494a7090 code [0x00000194494a7220, 0x00000194494a7438]

GC Heap History (20 events):
Event: 68.677 GC heap before
{Heap before GC invocations=57 (full 0):
 garbage-first heap   total 373760K, used 325459K [0x00000000e0000000, 0x0000000100000000)
  region size 1024K, 71 young (72704K), 6 survivors (6144K)
 Metaspace       used 146751K, committed 148032K, reserved 458752K
  class space    used 19233K, committed 19904K, reserved 327680K
}
Event: 68.685 GC heap after
{Heap after GC invocations=58 (full 0):
 garbage-first heap   total 373760K, used 264665K [0x00000000e0000000, 0x0000000100000000)
  region size 1024K, 8 young (8192K), 8 survivors (8192K)
 Metaspace       used 146751K, committed 148032K, reserved 458752K
  class space    used 19233K, committed 19904K, reserved 327680K
}
Event: 69.494 GC heap before
{Heap before GC invocations=58 (full 0):
 garbage-first heap   total 373760K, used 324057K [0x00000000e0000000, 0x0000000100000000)
  region size 1024K, 67 young (68608K), 8 survivors (8192K)
 Metaspace       used 149548K, committed 150784K, reserved 458752K
  class space    used 19718K, committed 20352K, reserved 327680K
}
Event: 69.517 GC heap after
{Heap after GC invocations=59 (full 0):
 garbage-first heap   total 373760K, used 273355K [0x00000000e0000000, 0x0000000100000000)
  region size 1024K, 9 young (9216K), 9 survivors (9216K)
 Metaspace       used 149548K, committed 150784K, reserved 458752K
  class space    used 19718K, committed 20352K, reserved 327680K
}
Event: 70.079 GC heap before
{Heap before GC invocations=59 (full 0):
 garbage-first heap   total 373760K, used 321483K [0x00000000e0000000, 0x0000000100000000)
  region size 1024K, 57 young (58368K), 9 survivors (9216K)
 Metaspace       used 152087K, committed 153408K, reserved 524288K
  class space    used 20136K, committed 20800K, reserved 327680K
}
Event: 70.097 GC heap after
{Heap after GC invocations=60 (full 0):
 garbage-first heap   total 373760K, used 281412K [0x00000000e0000000, 0x0000000100000000)
  region size 1024K, 8 young (8192K), 8 survivors (8192K)
 Metaspace       used 152087K, committed 153408K, reserved 524288K
  class space    used 20136K, committed 20800K, reserved 327680K
}
Event: 70.294 GC heap before
{Heap before GC invocations=60 (full 0):
 garbage-first heap   total 373760K, used 320324K [0x00000000e0000000, 0x0000000100000000)
  region size 1024K, 47 young (48128K), 8 survivors (8192K)
 Metaspace       used 153092K, committed 154368K, reserved 524288K
  class space    used 20340K, committed 20992K, reserved 327680K
}
Event: 70.312 GC heap after
{Heap after GC invocations=61 (full 0):
 garbage-first heap   total 373760K, used 288768K [0x00000000e0000000, 0x0000000100000000)
  region size 1024K, 6 young (6144K), 6 survivors (6144K)
 Metaspace       used 153092K, committed 154368K, reserved 524288K
  class space    used 20340K, committed 20992K, reserved 327680K
}
Event: 70.639 GC heap before
{Heap before GC invocations=61 (full 0):
 garbage-first heap   total 373760K, used 320512K [0x00000000e0000000, 0x0000000100000000)
  region size 1024K, 38 young (38912K), 6 survivors (6144K)
 Metaspace       used 154816K, committed 156096K, reserved 524288K
  class space    used 20666K, committed 21312K, reserved 327680K
}
Event: 70.650 GC heap after
{Heap after GC invocations=62 (full 0):
 garbage-first heap   total 373760K, used 294369K [0x00000000e0000000, 0x0000000100000000)
  region size 1024K, 5 young (5120K), 5 survivors (5120K)
 Metaspace       used 154816K, committed 156096K, reserved 524288K
  class space    used 20666K, committed 21312K, reserved 327680K
}
Event: 71.029 GC heap before
{Heap before GC invocations=62 (full 0):
 garbage-first heap   total 373760K, used 322017K [0x00000000e0000000, 0x0000000100000000)
  region size 1024K, 33 young (33792K), 5 survivors (5120K)
 Metaspace       used 156277K, committed 157568K, reserved 524288K
  class space    used 20883K, committed 21504K, reserved 327680K
}
Event: 71.041 GC heap after
{Heap after GC invocations=63 (full 0):
 garbage-first heap   total 373760K, used 299062K [0x00000000e0000000, 0x0000000100000000)
  region size 1024K, 5 young (5120K), 5 survivors (5120K)
 Metaspace       used 156277K, committed 157568K, reserved 524288K
  class space    used 20883K, committed 21504K, reserved 327680K
}
Event: 71.137 GC heap before
{Heap before GC invocations=63 (full 0):
 garbage-first heap   total 373760K, used 323638K [0x00000000e0000000, 0x0000000100000000)
  region size 1024K, 29 young (29696K), 5 survivors (5120K)
 Metaspace       used 156331K, committed 157632K, reserved 524288K
  class space    used 20897K, committed 21568K, reserved 327680K
}
Event: 71.145 GC heap after
{Heap after GC invocations=64 (full 0):
 garbage-first heap   total 373760K, used 303406K [0x00000000e0000000, 0x0000000100000000)
  region size 1024K, 4 young (4096K), 4 survivors (4096K)
 Metaspace       used 156331K, committed 157632K, reserved 524288K
  class space    used 20897K, committed 21568K, reserved 327680K
}
Event: 71.203 GC heap before
{Heap before GC invocations=64 (full 0):
 garbage-first heap   total 373760K, used 323886K [0x00000000e0000000, 0x0000000100000000)
  region size 1024K, 25 young (25600K), 4 survivors (4096K)
 Metaspace       used 156560K, committed 157888K, reserved 524288K
  class space    used 20927K, committed 21568K, reserved 327680K
}
Event: 71.212 GC heap after
{Heap after GC invocations=65 (full 0):
 garbage-first heap   total 373760K, used 307899K [0x00000000e0000000, 0x0000000100000000)
  region size 1024K, 4 young (4096K), 4 survivors (4096K)
 Metaspace       used 156560K, committed 157888K, reserved 524288K
  class space    used 20927K, committed 21568K, reserved 327680K
}
Event: 71.314 GC heap before
{Heap before GC invocations=65 (full 0):
 garbage-first heap   total 373760K, used 326331K [0x00000000e0000000, 0x0000000100000000)
  region size 1024K, 22 young (22528K), 4 survivors (4096K)
 Metaspace       used 157133K, committed 158464K, reserved 524288K
  class space    used 21038K, committed 21696K, reserved 327680K
}
Event: 71.320 GC heap after
{Heap after GC invocations=66 (full 0):
 garbage-first heap   total 373760K, used 310711K [0x00000000e0000000, 0x0000000100000000)
  region size 1024K, 3 young (3072K), 3 survivors (3072K)
 Metaspace       used 157133K, committed 158464K, reserved 524288K
  class space    used 21038K, committed 21696K, reserved 327680K
}
Event: 71.491 GC heap before
{Heap before GC invocations=66 (full 0):
 garbage-first heap   total 373760K, used 327095K [0x00000000e0000000, 0x0000000100000000)
  region size 1024K, 19 young (19456K), 3 survivors (3072K)
 Metaspace       used 158166K, committed 159488K, reserved 524288K
  class space    used 21360K, committed 22016K, reserved 327680K
}
Event: 71.498 GC heap after
{Heap after GC invocations=67 (full 0):
 garbage-first heap   total 373760K, used 313271K [0x00000000e0000000, 0x0000000100000000)
  region size 1024K, 3 young (3072K), 3 survivors (3072K)
 Metaspace       used 158166K, committed 159488K, reserved 524288K
  class space    used 21360K, committed 22016K, reserved 327680K
}

Dll operation events (3 events):
Event: 0.011 Loaded shared library C:\Program Files\Android\Android Studio\jbr\bin\java.dll
Event: 0.120 Loaded shared library C:\Program Files\Android\Android Studio\jbr\bin\zip.dll
Event: 0.401 Loaded shared library C:\Program Files\Android\Android Studio\jbr\bin\verify.dll

Deoptimization events (20 events):
Event: 71.499 Thread 0x000001946bdbd370 Uncommon trap: reason=unstable_if action=reinterpret pc=0x0000019450757550 method=java.util.concurrent.ConcurrentHashMap.get(Ljava/lang/Object;)Ljava/lang/Object; @ 152 c2
Event: 71.499 Thread 0x000001946b678060 Uncommon trap: reason=null_check action=make_not_entrant pc=0x0000019450569f44 method=java.lang.invoke.MethodType.equals(Ljava/lang/Object;)Z @ 39 c2
Event: 71.500 Thread 0x0000019461ad10c0 DEOPT PACKING pc=0x0000019450757550 sp=0x00000091b65f6980
Event: 71.500 Thread 0x0000019461ad10c0 DEOPT UNPACKING pc=0x000001944fcc69a3 sp=0x00000091b65f68e8 mode 2
Event: 71.501 Thread 0x00000194669f6840 DEOPT PACKING pc=0x0000019450757550 sp=0x00000091b3af9bd0
Event: 71.501 Thread 0x000001946b6794a0 DEOPT PACKING pc=0x0000019450569f44 sp=0x00000091b40f9cc0
Event: 71.501 Thread 0x00000194669f6840 DEOPT UNPACKING pc=0x000001944fcc69a3 sp=0x00000091b3af9b38 mode 2
Event: 71.501 Thread 0x000001946bdbd370 DEOPT PACKING pc=0x0000019450757550 sp=0x00000091b50fa080
Event: 71.501 Thread 0x000001946b6794a0 DEOPT UNPACKING pc=0x000001944fcc69a3 sp=0x00000091b40f9c78 mode 2
Event: 71.501 Thread 0x000001946bdbd370 DEOPT UNPACKING pc=0x000001944fcc69a3 sp=0x00000091b50f9fe8 mode 2
Event: 71.501 Thread 0x000001946b678060 DEOPT PACKING pc=0x0000019450569f44 sp=0x00000091b3ff9f10
Event: 71.501 Thread 0x000001946b678060 DEOPT UNPACKING pc=0x000001944fcc69a3 sp=0x00000091b3ff9ec8 mode 2
Event: 71.501 Thread 0x000001946b6794a0 Uncommon trap: trap_request=0xffffff45 fr.pc=0x0000019450757550 relative=0x0000000000000190
Event: 71.501 Thread 0x000001946b678060 Uncommon trap: trap_request=0xffffff45 fr.pc=0x0000019450757550 relative=0x0000000000000190
Event: 71.501 Thread 0x000001946b6794a0 Uncommon trap: reason=unstable_if action=reinterpret pc=0x0000019450757550 method=java.util.concurrent.ConcurrentHashMap.get(Ljava/lang/Object;)Ljava/lang/Object; @ 152 c2
Event: 71.502 Thread 0x000001946b678060 Uncommon trap: reason=unstable_if action=reinterpret pc=0x0000019450757550 method=java.util.concurrent.ConcurrentHashMap.get(Ljava/lang/Object;)Ljava/lang/Object; @ 152 c2
Event: 71.502 Thread 0x000001946b6794a0 DEOPT PACKING pc=0x0000019450757550 sp=0x00000091b40f9d20
Event: 71.502 Thread 0x000001946b6794a0 DEOPT UNPACKING pc=0x000001944fcc69a3 sp=0x00000091b40f9c88 mode 2
Event: 71.502 Thread 0x000001946b678060 DEOPT PACKING pc=0x0000019450757550 sp=0x00000091b3ff9f70
Event: 71.502 Thread 0x000001946b678060 DEOPT UNPACKING pc=0x000001944fcc69a3 sp=0x00000091b3ff9ed8 mode 2

Classes unloaded (2 events):
Event: 71.612 Thread 0x000001945c347d30 Unloading class 0x0000000101434400 'java/lang/invoke/LambdaForm$DMH+0x0000000101434400'
Event: 71.612 Thread 0x000001945c347d30 Unloading class 0x0000000101434000 'java/lang/invoke/LambdaForm$DMH+0x0000000101434000'

Classes redefined (0 events):
No events

Internal exceptions (20 events):
Event: 71.372 Thread 0x0000019461bf1960 Exception <a 'java/lang/NoSuchMethodError'{0x00000000f67b6640}: 'java.lang.Object java.lang.invoke.DirectMethodHandle$Holder.invokeStatic(java.lang.Object, int, java.lang.Object, java.lang.Object)'> (0x00000000f67b6640) 
thrown [s\src\hotspot\share\interpreter\linkResolver.cpp, line 771]
Event: 71.387 Thread 0x000001946b6794a0 Exception <a 'java/lang/NoSuchMethodError'{0x00000000f65a7bd0}: 'java.lang.Object java.lang.invoke.DirectMethodHandle$Holder.invokeStatic(java.lang.Object, java.lang.Object, int, java.lang.Object, java.lang.Object)'> (0x00000000f65a7bd0) 
thrown [s\src\hotspot\share\interpreter\linkResolver.cpp, line 771]
Event: 71.387 Thread 0x0000019461bf0a30 Exception <a 'java/lang/NoSuchMethodError'{0x00000000f657ed80}: 'java.lang.Object java.lang.invoke.DirectMethodHandle$Holder.invokeStatic(java.lang.Object, java.lang.Object, int, java.lang.Object, java.lang.Object)'> (0x00000000f657ed80) 
thrown [s\src\hotspot\share\interpreter\linkResolver.cpp, line 771]
Event: 71.387 Thread 0x000001946548eec0 Exception <a 'java/lang/NoSuchMethodError'{0x00000000f65a5d20}: 'java.lang.Object java.lang.invoke.DirectMethodHandle$Holder.invokeStatic(java.lang.Object, java.lang.Object, int, java.lang.Object, java.lang.Object)'> (0x00000000f65a5d20) 
thrown [s\src\hotspot\share\interpreter\linkResolver.cpp, line 771]
Event: 71.387 Thread 0x00000194669f6840 Exception <a 'java/lang/NoSuchMethodError'{0x00000000f65ad178}: 'java.lang.Object java.lang.invoke.DirectMethodHandle$Holder.invokeStatic(java.lang.Object, java.lang.Object, int, java.lang.Object, java.lang.Object)'> (0x00000000f65ad178) 
thrown [s\src\hotspot\share\interpreter\linkResolver.cpp, line 771]
Event: 71.387 Thread 0x00000194669f5400 Exception <a 'java/lang/NoSuchMethodError'{0x00000000f658b158}: 'java.lang.Object java.lang.invoke.DirectMethodHandle$Holder.invokeStatic(java.lang.Object, java.lang.Object, int, java.lang.Object, java.lang.Object)'> (0x00000000f658b158) 
thrown [s\src\hotspot\share\interpreter\linkResolver.cpp, line 771]
Event: 71.387 Thread 0x000001946b678060 Exception <a 'java/lang/NoSuchMethodError'{0x00000000f65396b0}: 'java.lang.Object java.lang.invoke.DirectMethodHandle$Holder.invokeStatic(java.lang.Object, java.lang.Object, int, java.lang.Object, java.lang.Object)'> (0x00000000f65396b0) 
thrown [s\src\hotspot\share\interpreter\linkResolver.cpp, line 771]
Event: 71.387 Thread 0x000001946bdbd370 Exception <a 'java/lang/NoSuchMethodError'{0x00000000f65825c8}: 'java.lang.Object java.lang.invoke.DirectMethodHandle$Holder.invokeStatic(java.lang.Object, java.lang.Object, int, java.lang.Object, java.lang.Object)'> (0x00000000f65825c8) 
thrown [s\src\hotspot\share\interpreter\linkResolver.cpp, line 771]
Event: 71.387 Thread 0x000001946b67b810 Exception <a 'java/lang/NoSuchMethodError'{0x00000000f656f190}: 'java.lang.Object java.lang.invoke.DirectMethodHandle$Holder.invokeStatic(java.lang.Object, java.lang.Object, int, java.lang.Object, java.lang.Object)'> (0x00000000f656f190) 
thrown [s\src\hotspot\share\interpreter\linkResolver.cpp, line 771]
Event: 71.387 Thread 0x0000019461bf2380 Exception <a 'java/lang/NoSuchMethodError'{0x00000000f65a8910}: 'java.lang.Object java.lang.invoke.DirectMethodHandle$Holder.invokeStatic(java.lang.Object, java.lang.Object, int, java.lang.Object, java.lang.Object)'> (0x00000000f65a8910) 
thrown [s\src\hotspot\share\interpreter\linkResolver.cpp, line 771]
Event: 71.387 Thread 0x0000019461bf2da0 Exception <a 'java/lang/NoSuchMethodError'{0x00000000f65883d0}: 'java.lang.Object java.lang.invoke.DirectMethodHandle$Holder.invokeStatic(java.lang.Object, java.lang.Object, int, java.lang.Object, java.lang.Object)'> (0x00000000f65883d0) 
thrown [s\src\hotspot\share\interpreter\linkResolver.cpp, line 771]
Event: 71.388 Thread 0x00000194669f5910 Exception <a 'java/lang/NoSuchMethodError'{0x00000000f65a0ce8}: 'java.lang.Object java.lang.invoke.DirectMethodHandle$Holder.invokeStatic(java.lang.Object, java.lang.Object, int, java.lang.Object, java.lang.Object)'> (0x00000000f65a0ce8) 
thrown [s\src\hotspot\share\interpreter\linkResolver.cpp, line 771]
Event: 71.388 Thread 0x0000019463e1de50 Exception <a 'java/lang/NoSuchMethodError'{0x00000000f6591320}: 'java.lang.Object java.lang.invoke.DirectMethodHandle$Holder.invokeStatic(java.lang.Object, java.lang.Object, int, java.lang.Object, java.lang.Object)'> (0x00000000f6591320) 
thrown [s\src\hotspot\share\interpreter\linkResolver.cpp, line 771]
Event: 71.388 Thread 0x0000019461bf1960 Exception <a 'java/lang/NoSuchMethodError'{0x00000000f65a44b8}: 'java.lang.Object java.lang.invoke.DirectMethodHandle$Holder.invokeStatic(java.lang.Object, java.lang.Object, int, java.lang.Object, java.lang.Object)'> (0x00000000f65a44b8) 
thrown [s\src\hotspot\share\interpreter\linkResolver.cpp, line 771]
Event: 71.388 Thread 0x0000019461ad10c0 Exception <a 'java/lang/NoSuchMethodError'{0x00000000f658ddc0}: 'java.lang.Object java.lang.invoke.DirectMethodHandle$Holder.invokeStatic(java.lang.Object, java.lang.Object, int, java.lang.Object, java.lang.Object)'> (0x00000000f658ddc0) 
thrown [s\src\hotspot\share\interpreter\linkResolver.cpp, line 771]
Event: 71.498 Thread 0x00000194669f5400 Implicit null exception at 0x0000019450569c83 to 0x0000019450569f34
Event: 71.498 Thread 0x000001946bdbd370 Implicit null exception at 0x0000019450569c83 to 0x0000019450569f34
Event: 71.498 Thread 0x000001946b67b810 Implicit null exception at 0x0000019450569c83 to 0x0000019450569f34
Event: 71.498 Thread 0x000001946b678060 Implicit null exception at 0x0000019450569c83 to 0x0000019450569f34
Event: 71.498 Thread 0x000001946b6794a0 Implicit null exception at 0x0000019450569c83 to 0x0000019450569f34

VM Operations (20 events):
Event: 70.702 Executing VM operation: HandshakeAllThreads done
Event: 70.708 Executing VM operation: HandshakeAllThreads
Event: 70.709 Executing VM operation: HandshakeAllThreads done
Event: 70.719 Executing VM operation: HandshakeAllThreads
Event: 70.720 Executing VM operation: HandshakeAllThreads done
Event: 70.800 Executing VM operation: HandshakeAllThreads
Event: 70.802 Executing VM operation: HandshakeAllThreads done
Event: 70.860 Executing VM operation: HandshakeAllThreads
Event: 70.865 Executing VM operation: HandshakeAllThreads done
Event: 71.028 Executing VM operation: G1CollectForAllocation
Event: 71.042 Executing VM operation: G1CollectForAllocation done
Event: 71.114 Executing VM operation: G1CollectForAllocation
Event: 71.146 Executing VM operation: G1CollectForAllocation done
Event: 71.203 Executing VM operation: G1CollectForAllocation
Event: 71.212 Executing VM operation: G1CollectForAllocation done
Event: 71.313 Executing VM operation: G1CollectForAllocation
Event: 71.321 Executing VM operation: G1CollectForAllocation done
Event: 71.473 Executing VM operation: G1CollectForAllocation
Event: 71.498 Executing VM operation: G1CollectForAllocation done
Event: 71.610 Executing VM operation: G1PauseRemark

Events (20 events):
Event: 69.310 Thread 0x000001945c569480 flushing nmethod 0x000001944af06c10
Event: 69.310 Thread 0x000001945c569480 flushing nmethod 0x000001944af23810
Event: 69.310 Thread 0x000001945c569480 flushing nmethod 0x000001944af26d10
Event: 69.310 Thread 0x000001945c569480 flushing nmethod 0x000001944af41010
Event: 69.310 Thread 0x000001945c569480 flushing nmethod 0x000001944af41910
Event: 69.310 Thread 0x000001945c569480 flushing nmethod 0x000001944af43b10
Event: 69.310 Thread 0x000001945c569480 flushing nmethod 0x000001944af56c90
Event: 69.310 Thread 0x000001945c569480 flushing nmethod 0x000001944af5aa10
Event: 69.310 Thread 0x000001945c569480 flushing nmethod 0x000001944af65790
Event: 69.310 Thread 0x000001945c569480 flushing nmethod 0x000001944af80810
Event: 69.310 Thread 0x000001945c569480 flushing nmethod 0x000001944af82390
Event: 69.310 Thread 0x000001945c569480 flushing nmethod 0x000001944af89e10
Event: 69.310 Thread 0x000001945c569480 flushing nmethod 0x000001944af8e990
Event: 69.310 Thread 0x000001945c569480 flushing nmethod 0x000001944af8f290
Event: 69.310 Thread 0x000001945c569480 flushing nmethod 0x000001944afbb990
Event: 69.310 Thread 0x000001945c569480 flushing nmethod 0x000001944afbc890
Event: 69.311 Thread 0x000001945c569480 flushing nmethod 0x000001944afc2290
Event: 69.399 loading class java/util/IdentityHashMap$EntrySet
Event: 69.401 loading class java/util/IdentityHashMap$EntrySet done
Event: 69.948 Thread 0x0000019461a32240 Thread exited: 0x0000019461a32240


Dynamic libraries:
0x00007ff62fc70000 - 0x00007ff62fc7a000 	C:\Program Files\Android\Android Studio\jbr\bin\java.exe
0x00007ffc8cf00000 - 0x00007ffc8d167000 	C:\WINDOWS\SYSTEM32\ntdll.dll
0x00007ffc8bbd0000 - 0x00007ffc8bc99000 	C:\WINDOWS\System32\KERNEL32.DLL
0x00007ffc8a3b0000 - 0x00007ffc8a7a7000 	C:\WINDOWS\System32\KERNELBASE.dll
0x00007ffc8a1d0000 - 0x00007ffc8a31b000 	C:\WINDOWS\System32\ucrtbase.dll
0x00007ffc7b6c0000 - 0x00007ffc7b6db000 	C:\Program Files\Android\Android Studio\jbr\bin\VCRUNTIME140.dll
0x00007ffc50e90000 - 0x00007ffc50ea7000 	C:\Program Files\Android\Android Studio\jbr\bin\jli.dll
0x00007ffc8ccb0000 - 0x00007ffc8ce76000 	C:\WINDOWS\System32\USER32.dll
0x00007ffc89930000 - 0x00007ffc89957000 	C:\WINDOWS\System32\win32u.dll
0x00007ffc8ad10000 - 0x00007ffc8ad3b000 	C:\WINDOWS\System32\GDI32.dll
0x00007ffc8a9e0000 - 0x00007ffc8ab0c000 	C:\WINDOWS\System32\gdi32full.dll
0x00007ffc716c0000 - 0x00007ffc71952000 	C:\WINDOWS\WinSxS\amd64_microsoft.windows.common-controls_6595b64144ccf1df_6.0.26100.8328_none_3e08182ce334b678\COMCTL32.dll
0x00007ffc8a7b0000 - 0x00007ffc8a853000 	C:\WINDOWS\System32\msvcp_win.dll
0x00007ffc8bb10000 - 0x00007ffc8bbb9000 	C:\WINDOWS\System32\msvcrt.dll
0x00007ffc8ce80000 - 0x00007ffc8ceb2000 	C:\WINDOWS\System32\IMM32.DLL
0x00007ffc7b6f0000 - 0x00007ffc7b6fc000 	C:\Program Files\Android\Android Studio\jbr\bin\vcruntime140_1.dll
0x00007ffbf0810000 - 0x00007ffbf089d000 	C:\Program Files\Android\Android Studio\jbr\bin\msvcp140.dll
0x00007ffb9cef0000 - 0x00007ffb9db73000 	C:\Program Files\Android\Android Studio\jbr\bin\server\jvm.dll
0x00007ffc8b400000 - 0x00007ffc8b4b6000 	C:\WINDOWS\System32\ADVAPI32.dll
0x00007ffc8c9b0000 - 0x00007ffc8ca57000 	C:\WINDOWS\System32\sechost.dll
0x00007ffc8ca60000 - 0x00007ffc8cb78000 	C:\WINDOWS\System32\RPCRT4.dll
0x00007ffc89190000 - 0x00007ffc891ee000 	C:\WINDOWS\SYSTEM32\POWRPROF.dll
0x00007ffc7ffe0000 - 0x00007ffc7ffeb000 	C:\WINDOWS\SYSTEM32\VERSION.dll
0x00007ffc7d040000 - 0x00007ffc7d076000 	C:\WINDOWS\SYSTEM32\WINMM.dll
0x00007ffc310f0000 - 0x00007ffc310fa000 	C:\WINDOWS\SYSTEM32\WSOCK32.dll
0x00007ffc8ac80000 - 0x00007ffc8ad00000 	C:\WINDOWS\System32\WS2_32.dll
0x00007ffc89170000 - 0x00007ffc89184000 	C:\WINDOWS\SYSTEM32\UMPDC.dll
0x00007ffc886a0000 - 0x00007ffc886bb000 	C:\WINDOWS\SYSTEM32\kernel.appcore.dll
0x00007ffc65f10000 - 0x00007ffc65f1a000 	C:\Program Files\Android\Android Studio\jbr\bin\jimage.dll
0x00007ffc87300000 - 0x00007ffc87542000 	C:\WINDOWS\SYSTEM32\DBGHELP.DLL
0x00007ffc8b070000 - 0x00007ffc8b3f3000 	C:\WINDOWS\System32\combase.dll
0x00007ffc8b4c0000 - 0x00007ffc8b599000 	C:\WINDOWS\System32\OLEAUT32.dll
0x00007ffc6c5b0000 - 0x00007ffc6c5eb000 	C:\WINDOWS\SYSTEM32\dbgcore.DLL
0x00007ffc8ab10000 - 0x00007ffc8abb8000 	C:\WINDOWS\System32\bcryptPrimitives.dll
0x00007ffc50fd0000 - 0x00007ffc50fde000 	C:\Program Files\Android\Android Studio\jbr\bin\instrument.dll
0x00007ffc51000000 - 0x00007ffc51025000 	C:\Program Files\Android\Android Studio\jbr\bin\java.dll
0x00007ffc544d0000 - 0x00007ffc544e8000 	C:\Program Files\Android\Android Studio\jbr\bin\zip.dll
0x00007ffc8c230000 - 0x00007ffc8c99e000 	C:\WINDOWS\System32\SHELL32.dll
0x00007ffc89960000 - 0x00007ffc8a1cc000 	C:\WINDOWS\System32\windows.storage.dll
0x00007ffc8ba10000 - 0x00007ffc8bb06000 	C:\WINDOWS\System32\SHCORE.dll
0x00007ffc8b5a0000 - 0x00007ffc8b606000 	C:\WINDOWS\System32\shlwapi.dll
0x00007ffc89850000 - 0x00007ffc89879000 	C:\WINDOWS\SYSTEM32\profapi.dll
0x00007ffc50c80000 - 0x00007ffc50c99000 	C:\Program Files\Android\Android Studio\jbr\bin\net.dll
0x00007ffc82970000 - 0x00007ffc82a99000 	C:\WINDOWS\SYSTEM32\WINHTTP.dll
0x00007ffc88c30000 - 0x00007ffc88c9c000 	C:\WINDOWS\system32\mswsock.dll
0x00007ffc50c60000 - 0x00007ffc50c76000 	C:\Program Files\Android\Android Studio\jbr\bin\nio.dll
0x00007ffc50fe0000 - 0x00007ffc50ff0000 	C:\Program Files\Android\Android Studio\jbr\bin\verify.dll
0x00007ffc0c850000 - 0x00007ffc0c877000 	C:\Users\Nicoj\.gradle\native\1def1411415f61bf3af743bc5b6707747c0891f09f0c88961ee8f79bc544acac\windows-amd64\native-platform.dll
0x0000000065690000 - 0x0000000065703000 	C:\Users\Nicoj\.gradle\native\0.2.5\x86_64-windows-gnu\gradle-fileevents.dll
0x00007ffc57ca0000 - 0x00007ffc57ca9000 	C:\Program Files\Android\Android Studio\jbr\bin\management.dll
0x00007ffc50ff0000 - 0x00007ffc50ffb000 	C:\Program Files\Android\Android Studio\jbr\bin\management_ext.dll
0x00007ffc8bbc0000 - 0x00007ffc8bbc8000 	C:\WINDOWS\System32\PSAPI.DLL
0x00007ffc88f80000 - 0x00007ffc88f9b000 	C:\WINDOWS\SYSTEM32\CRYPTSP.dll
0x00007ffc88600000 - 0x00007ffc88639000 	C:\WINDOWS\system32\rsaenh.dll
0x00007ffc88ce0000 - 0x00007ffc88d13000 	C:\WINDOWS\SYSTEM32\USERENV.dll
0x00007ffc89820000 - 0x00007ffc8984a000 	C:\WINDOWS\SYSTEM32\bcrypt.dll
0x00007ffc88fa0000 - 0x00007ffc88fac000 	C:\WINDOWS\SYSTEM32\CRYPTBASE.dll
0x00007ffc880d0000 - 0x00007ffc88102000 	C:\WINDOWS\SYSTEM32\IPHLPAPI.DLL
0x00007ffc8aee0000 - 0x00007ffc8aeea000 	C:\WINDOWS\System32\NSI.dll
0x00007ffc82950000 - 0x00007ffc8296d000 	C:\WINDOWS\SYSTEM32\dhcpcsvc6.DLL
0x00007ffc82920000 - 0x00007ffc82945000 	C:\WINDOWS\SYSTEM32\dhcpcsvc.DLL
0x00007ffc88170000 - 0x00007ffc882a2000 	C:\WINDOWS\SYSTEM32\DNSAPI.dll
0x00007ffc3faa0000 - 0x00007ffc3faa8000 	C:\WINDOWS\system32\wshunix.dll
0x0000000065590000 - 0x0000000065603000 	C:\Users\Nicoj\AppData\Local\Temp\native-platform7730251720359310438dir\gradle-fileevents.dll
0x00007ffc5fd20000 - 0x00007ffc5fd38000 	C:\WINDOWS\system32\napinsp.dll
0x00007ffc5e5c0000 - 0x00007ffc5e5d3000 	C:\WINDOWS\System32\winrnr.dll
0x00007ffc5e590000 - 0x00007ffc5e5b2000 	C:\WINDOWS\system32\nlansp_c.dll
0x00007ffc5e550000 - 0x00007ffc5e566000 	C:\WINDOWS\system32\wshbth.dll
0x00007ffc7b7c0000 - 0x00007ffc7b7cb000 	C:\Windows\System32\rasadhlp.dll
0x00007ffc826a0000 - 0x00007ffc82726000 	C:\WINDOWS\System32\fwpuclnt.dll
0x00007ffc887e0000 - 0x00007ffc88816000 	C:\WINDOWS\SYSTEM32\ntmarta.dll
0x00007ffc86cc0000 - 0x00007ffc86d60000 	C:\WINDOWS\system32\apphelp.dll

dbghelp: loaded successfully - version: 4.0.5 - missing functions: none
symbol engine: initialized successfully - sym options: 0x614 - pdb path: .;C:\Program Files\Android\Android Studio\jbr\bin;C:\WINDOWS\SYSTEM32;C:\WINDOWS\WinSxS\amd64_microsoft.windows.common-controls_6595b64144ccf1df_6.0.26100.8328_none_3e08182ce334b678;C:\Program Files\Android\Android Studio\jbr\bin\server;C:\Users\Nicoj\.gradle\native\1def1411415f61bf3af743bc5b6707747c0891f09f0c88961ee8f79bc544acac\windows-amd64;C:\Users\Nicoj\.gradle\native\0.2.5\x86_64-windows-gnu;C:\Users\Nicoj\AppData\Local\Temp\native-platform7730251720359310438dir

VM Arguments:
jvm_args: --add-opens=java.base/java.lang=ALL-UNNAMED --add-opens=java.base/java.lang.invoke=ALL-UNNAMED --add-opens=java.base/java.util=ALL-UNNAMED --add-opens=java.prefs/java.util.prefs=ALL-UNNAMED --add-exports=jdk.compiler/com.sun.tools.javac.api=ALL-UNNAMED --add-exports=jdk.compiler/com.sun.tools.javac.util=ALL-UNNAMED --add-opens=java.base/java.util=ALL-UNNAMED --add-opens=java.prefs/java.util.prefs=ALL-UNNAMED --add-opens=java.base/java.nio.charset=ALL-UNNAMED --add-opens=java.base/java.net=ALL-UNNAMED --add-opens=java.base/java.util.concurrent.atomic=ALL-UNNAMED --add-opens=java.xml/javax.xml.namespace=ALL-UNNAMED -XX:MaxMetaspaceSize=384m -XX:+HeapDumpOnOutOfMemoryError -Xms256m -Xmx512m -Dfile.encoding=windows-1252 -Duser.country=PH -Duser.language=en -Duser.variant -javaagent:C:\Users\Nicoj\.gradle\wrapper\dists\gradle-8.12-bin\cetblhg4pflnnks72fxwobvgv\gradle-8.12\lib\agents\gradle-instrumentation-agent-8.12.jar 
java_command: org.gradle.launcher.daemon.bootstrap.GradleDaemon 8.12
java_class_path (initial): C:\Users\Nicoj\.gradle\wrapper\dists\gradle-8.12-bin\cetblhg4pflnnks72fxwobvgv\gradle-8.12\lib\gradle-daemon-main-8.12.jar
Launcher Type: SUN_STANDARD

[Global flags]
     intx CICompilerCount                          = 12                                        {product} {ergonomic}
   size_t CompressedClassSpaceSize                 = 335544320                                 {product} {ergonomic}
     uint ConcGCThreads                            = 3                                         {product} {ergonomic}
     uint G1ConcRefinementThreads                  = 13                                        {product} {ergonomic}
   size_t G1HeapRegionSize                         = 1048576                                   {product} {ergonomic}
    uintx GCDrainStackTargetSize                   = 64                                        {product} {ergonomic}
     bool HeapDumpOnOutOfMemoryError               = true                                   {manageable} {command line}
   size_t InitialHeapSize                          = 268435456                                 {product} {command line}
   size_t MarkStackSize                            = 4194304                                   {product} {ergonomic}
   size_t MaxHeapSize                              = 536870912                                 {product} {command line}
   size_t MaxMetaspaceSize                         = 402653184                                 {product} {command line}
   size_t MaxNewSize                               = 321912832                                 {product} {ergonomic}
   size_t MinHeapDeltaBytes                        = 1048576                                   {product} {ergonomic}
   size_t MinHeapSize                              = 268435456                                 {product} {command line}
    uintx NonNMethodCodeHeapSize                   = 7602480                                {pd product} {ergonomic}
    uintx NonProfiledCodeHeapSize                  = 122027880                              {pd product} {ergonomic}
    uintx ProfiledCodeHeapSize                     = 122027880                              {pd product} {ergonomic}
    uintx ReservedCodeCacheSize                    = 251658240                              {pd product} {ergonomic}
     bool SegmentedCodeCache                       = true                                      {product} {ergonomic}
   size_t SoftMaxHeapSize                          = 536870912                              {manageable} {ergonomic}
     bool UseCompressedClassPointers               = true                           {product lp64_product} {ergonomic}
     bool UseCompressedOops                        = true                           {product lp64_product} {ergonomic}
     bool UseG1GC                                  = true                                      {product} {ergonomic}
     bool UseLargePagesIndividualAllocation        = false                                  {pd product} {ergonomic}

Logging:
Log output configuration:
 #0: stdout all=warning uptime,level,tags
 #1: stderr all=off uptime,level,tags

Environment Variables:
PATH=C:\Python313\Scripts\;C:\Python313\;C:\Program Files\Common Files\Oracle\Java\javapath;C:\Program Files (x86)\Common Files\Oracle\Java\java8path;C:\Program Files (x86)\Common Files\Oracle\Java\javapath;C:\Program Files (x86)\NVIDIA Corporation\PhysX\Common;C:\Program Files\NVIDIA Corporation\NVIDIA NvDLISR;C:\WINDOWS\system32;C:\WINDOWS;C:\WINDOWS\System32\Wbem;C:\WINDOWS\System32\WindowsPowerShell\v1.0\;C:\WINDOWS\System32\OpenSSH\;C:\Program Files\nodejs\;C:\ProgramData\chocolatey\bin;C:\Program Files\Git\cmd;C:\Users\Nicoj\AppData\Local\Microsoft\WindowsApps;C:\Users\Nicoj\AppData\Local\Programs\Microsoft VS Code\bin;C:\Users\Nicoj\AppData\Local\Programs\Windsurf\bin;C:\Users\Nicoj\AppData\Roaming\npm;C:\Users\Nicoj\AppData\Local\GitHubDesktop\bin;C:\flutter\bin;C:\flutter\bin
USERNAME=Nicoj
OS=Windows_NT
PROCESSOR_IDENTIFIER=Intel64 Family 6 Model 154 Stepping 3, GenuineIntel
TMP=C:\Users\Nicoj\AppData\Local\Temp
TEMP=C:\Users\Nicoj\AppData\Local\Temp



Periodic native trim disabled

JNI global refs:
JNI global refs: 38, weak refs: 87

JNI global refs memory usage: 843, weak refs: 2737

OOME stack traces (most recent first):
Classloader memory used:
Loader org.gradle.internal.classloader.VisitableURLClassLoader$InstrumentingVisitableURLClassLoader: 7512K
Loader org.gradle.internal.classloader.VisitableURLClassLoader                         : 5941K
Loader bootstrap                                                                       : 3490K
Loader org.gradle.initialization.MixInLegacyTypesClassLoader                           : 1636K
Loader org.gradle.internal.classloader.VisitableURLClassLoader                         : 915K
Loader jdk.internal.reflect.DelegatingClassLoader                                      : 224K
Loader jdk.internal.loader.ClassLoaders$PlatformClassLoader                            : 69081B
Loader jdk.internal.loader.ClassLoaders$AppClassLoader                                 : 28928B
Loader org.gradle.groovy.scripts.internal.DefaultScriptCompilationHandler$ScriptClassLoader: 10831B
Loader org.codehaus.groovy.runtime.callsite.CallSiteClassLoader                        : 10619B
Loader sun.reflect.misc.MethodUtil                                                     : 373B

Classes loaded by more than one classloader:
Class Program                                                                         : loaded 5 times (x 70B)
Class com.google.common.base.CharMatcher$JavaUpperCase                                : loaded 3 times (x 109B)
Class com.google.common.collect.RegularImmutableList                                  : loaded 3 times (x 172B)
Class com.google.common.base.CharMatcher$IsEither                                     : loaded 3 times (x 109B)
Class com.google.common.base.CharMatcher$AnyOf                                        : loaded 3 times (x 110B)
Class com.google.common.collect.Iterators$MergingIterator                             : loaded 3 times (x 79B)
Class com.google.common.collect.ImmutableAsList                                       : loaded 3 times (x 169B)
Class com.google.common.collect.Platform                                              : loaded 3 times (x 69B)
Class com.google.common.base.CharMatcher$JavaLetter                                   : loaded 3 times (x 109B)
Class com.google.common.base.CharMatcher$FastMatcher                                  : loaded 3 times (x 109B)
Class com.google.common.base.Joiner$2                                                 : loaded 3 times (x 77B)
Class com.google.common.base.Joiner$1                                                 : loaded 3 times (x 78B)
Class com.google.common.base.CharMatcher$Invisible                                    : loaded 3 times (x 110B)
Class com.google.common.collect.ImmutableMapEntry                                     : loaded 3 times (x 83B)
Class com.google.common.base.CharMatcher$NamedFastMatcher                             : loaded 3 times (x 110B)
Class com.google.common.base.AbstractIterator$State                                   : loaded 3 times (x 77B)
Class com.google.common.collect.ImmutableSet                                          : loaded 3 times (x 143B)
Class org.gradle.internal.Cast                                                        : loaded 3 times (x 69B)
Class [Lcom.google.common.collect.AbstractMapEntry;                                   : loaded 3 times (x 67B)
Class com.google.common.collect.ImmutableBiMap                                        : loaded 3 times (x 141B)
Class com.google.common.base.Objects                                                  : loaded 3 times (x 69B)
Class com.google.common.collect.SingletonImmutableList                                : loaded 3 times (x 167B)
Class com.google.common.collect.ImmutableMap$MapViewOfValuesAsSingletonSets           : loaded 3 times (x 123B)
Class com.google.common.base.CharMatcher$ForPredicate                                 : loaded 3 times (x 110B)
Class com.google.common.collect.ImmutableSet$Builder                                  : loaded 3 times (x 83B)
Class com.google.common.base.CharMatcher$Negated                                      : loaded 3 times (x 111B)
Class com.google.common.collect.ImmutableList$Builder                                 : loaded 3 times (x 75B)
Class com.google.common.collect.AbstractMapEntry                                      : loaded 3 times (x 79B)
Class com.google.common.base.NullnessCasts                                            : loaded 3 times (x 69B)
Class com.google.common.collect.AbstractIterator                                      : loaded 3 times (x 80B)
Class com.google.common.base.CharMatcher$NegatedFastMatcher                           : loaded 3 times (x 111B)
Class com.google.common.base.CommonPattern                                            : loaded 3 times (x 72B)
Class com.google.common.collect.ImmutableCollection$Builder                           : loaded 3 times (x 74B)
Class com.google.common.base.CharMatcher$JavaLowerCase                                : loaded 3 times (x 109B)
Class com.google.common.collect.Iterables                                             : loaded 3 times (x 69B)
Class com.google.common.base.CharMatcher$Or                                           : loaded 3 times (x 110B)
Class com.google.common.collect.ImmutableMap$1                                        : loaded 3 times (x 79B)
Class com.google.common.base.CharMatcher$JavaIsoControl                               : loaded 3 times (x 110B)
Class com.google.common.base.CharMatcher$JavaDigit                                    : loaded 3 times (x 109B)
Class com.google.common.collect.ImmutableSet$SetBuilderImpl                           : loaded 3 times (x 74B)
Class com.google.common.base.CharMatcher$Digit                                        : loaded 3 times (x 110B)
Class com.google.common.collect.AbstractMultimap                                      : loaded 3 times (x 121B)
Class com.google.common.base.Splitter$1                                               : loaded 3 times (x 75B)
Class com.google.common.collect.ImmutableList$SubList                                 : loaded 3 times (x 168B)
Class com.google.common.base.CharMatcher$RangesMatcher                                : loaded 3 times (x 110B)
Class com.google.common.collect.ImmutableMapEntry$NonTerminalImmutableMapEntry        : loaded 3 times (x 83B)
Class com.google.common.base.CharMatcher$Any                                          : loaded 3 times (x 110B)
Class com.google.common.base.ExtraObjectsMethodsForWeb                                : loaded 3 times (x 69B)
Class com.google.common.collect.IndexedImmutableSet                                   : loaded 3 times (x 148B)
Class org.gradle.api.Action                                                           : loaded 3 times (x 68B)
Class com.google.common.base.CharMatcher$And                                          : loaded 3 times (x 110B)
Class org.gradle.api.UncheckedIOException                                             : loaded 3 times (x 80B)
Class com.google.common.collect.ImmutableList$SerializedForm                          : loaded 3 times (x 71B)
Class com.google.common.base.CharMatcher$Ascii                                        : loaded 3 times (x 110B)
Class com.google.common.base.CharMatcher$1                                            : loaded 3 times (x 111B)
Class com.google.common.collect.Iterators                                             : loaded 3 times (x 69B)
Class com.google.common.base.AbstractIterator$1                                       : loaded 3 times (x 69B)
Class com.google.common.collect.ImmutableEntry                                        : loaded 3 times (x 80B)
Class com.google.common.collect.Lists$StringAsImmutableList                           : loaded 3 times (x 167B)
Class com.google.common.base.AbstractIterator                                         : loaded 3 times (x 78B)
Class com.google.common.collect.ImmutableMap$Builder                                  : loaded 3 times (x 80B)
Class [Lcom.google.common.base.AbstractIterator$State;                                : loaded 3 times (x 67B)
Class com.google.common.collect.SingletonImmutableSet                                 : loaded 3 times (x 144B)
Class com.google.common.collect.ImmutableBiMapFauxverideShim                          : loaded 3 times (x 118B)
Class com.google.common.collect.ImmutableMapEntrySet                                  : loaded 3 times (x 149B)
Class com.google.common.collect.ImmutableSetMultimap                                  : loaded 3 times (x 178B)
Class com.google.common.collect.PeekingIterator                                       : loaded 3 times (x 68B)
Class com.google.common.collect.RegularImmutableAsList                                : loaded 3 times (x 176B)
Class com.google.common.base.CharMatcher$Is                                           : loaded 3 times (x 109B)
Class com.google.common.collect.ImmutableSet$CachingAsList                            : loaded 3 times (x 145B)
Class com.google.common.base.Splitter$SplittingIterator                               : loaded 3 times (x 82B)
Class [Lcom.google.common.collect.ImmutableEntry;                                     : loaded 3 times (x 67B)
Class com.google.common.base.CharMatcher                                              : loaded 3 times (x 109B)
Class com.google.common.collect.ImmutableSet$RegularSetBuilderImpl                    : loaded 3 times (x 75B)
Class com.google.common.base.CharMatcher$IsNot                                        : loaded 3 times (x 109B)
Class com.google.common.base.Splitter$1$1                                             : loaded 3 times (x 84B)
Class [Lcom.google.common.collect.ImmutableMapEntry;                                  : loaded 3 times (x 67B)
Class com.google.common.collect.ImmutableMapEntrySet$RegularEntrySet                  : loaded 3 times (x 149B)
Class com.google.common.base.Splitter$Strategy                                        : loaded 3 times (x 68B)
Class com.google.common.collect.ImmutableList$1                                       : loaded 3 times (x 95B)
Class com.google.common.collect.UnmodifiableListIterator                              : loaded 3 times (x 93B)
Class com.google.common.base.CharMatcher$None                                         : loaded 3 times (x 110B)
Class com.google.common.collect.AbstractIndexedListIterator                           : loaded 3 times (x 94B)
Class com.google.common.collect.SetMultimap                                           : loaded 3 times (x 68B)
Class com.google.common.collect.RegularImmutableMap                                   : loaded 3 times (x 119B)
Class com.google.common.collect.CollectPreconditions                                  : loaded 3 times (x 69B)
Class com.google.common.collect.RegularImmutableMap$KeySet                            : loaded 3 times (x 148B)
Class com.google.common.base.Splitter                                                 : loaded 3 times (x 70B)
Class org.gradle.internal.IoActions                                                   : loaded 3 times (x 69B)
Class com.google.common.collect.Iterators$ArrayItr                                    : loaded 3 times (x 95B)
Class com.google.common.collect.Iterators$9                                           : loaded 3 times (x 79B)
Class com.google.common.base.Function                                                 : loaded 3 times (x 68B)
Class com.google.common.base.Preconditions                                            : loaded 3 times (x 69B)
Class com.google.common.base.Joiner                                                   : loaded 3 times (x 77B)
Class com.google.common.collect.Iterators$5                                           : loaded 3 times (x 80B)
Class com.google.common.collect.RegularImmutableMap$BucketOverflowException           : loaded 3 times (x 80B)
Class com.google.common.collect.Iterators$4                                           : loaded 3 times (x 80B)
Class com.google.common.collect.BaseImmutableMultimap                                 : loaded 3 times (x 121B)
Class com.google.common.collect.Iterators$1                                           : loaded 3 times (x 79B)
Class com.google.common.base.CharMatcher$BitSetMatcher                                : loaded 3 times (x 110B)
Class com.google.common.base.CharMatcher$Whitespace                                   : loaded 3 times (x 110B)
Class com.google.common.collect.ImmutableMap$IteratorBasedImmutableMap                : loaded 3 times (x 123B)
Class com.google.common.collect.ImmutableList                                         : loaded 3 times (x 166B)
Class com.google.common.collect.Iterators$10                                          : loaded 3 times (x 79B)
Class com.google.common.collect.ObjectArrays                                          : loaded 3 times (x 69B)
Class com.google.common.collect.ImmutableList$ReverseImmutableList                    : loaded 3 times (x 168B)
Class com.google.common.collect.ImmutableMap                                          : loaded 3 times (x 118B)
Class com.google.common.collect.RegularImmutableMap$Values                            : loaded 3 times (x 167B)
Class com.google.common.collect.ImmutableCollection                                   : loaded 3 times (x 123B)
Class com.google.common.base.CharMatcher$JavaLetterOrDigit                            : loaded 3 times (x 109B)
Class org.gradle.api.GradleException                                                  : loaded 3 times (x 80B)
Class com.google.common.collect.Multimap                                              : loaded 3 times (x 68B)
Class com.google.common.base.JdkPattern                                               : loaded 3 times (x 73B)
Class com.google.common.base.CharMatcher$SingleWidth                                  : loaded 3 times (x 110B)
Class com.google.common.collect.UnmodifiableIterator                                  : loaded 3 times (x 78B)
Class com.google.common.collect.ImmutableMultimap                                     : loaded 3 times (x 145B)
Class com.google.common.collect.Lists                                                 : loaded 3 times (x 69B)
Class com.google.common.collect.BiMap                                                 : loaded 3 times (x 68B)
Class com.google.common.base.CharMatcher$InRange                                      : loaded 3 times (x 109B)
Class com.google.common.collect.RegularImmutableSet                                   : loaded 3 times (x 146B)
Class com.google.common.base.Predicate                                                : loaded 3 times (x 68B)
Class kotlin.io.FileSystemException                                                   : loaded 2 times (x 80B)
Class com.google.common.base.Equivalence                                              : loaded 2 times (x 80B)
Class com.amazon.ion.impl.lite.ContainerlessContext                                   : loaded 2 times (x 78B)
Class kotlin.coroutines.jvm.internal.RestrictedSuspendLambda                          : loaded 2 times (x 89B)
Class com.google.common.primitives.Ints                                               : loaded 2 times (x 69B)
Class com.google.common.cache.LocalCache$EntryFactory$1                               : loaded 2 times (x 81B)
Class org.gradle.tooling.model.build.JavaEnvironment                                  : loaded 2 times (x 68B)
Class org.gradle.tooling.internal.adapter.ProtocolToModelAdapter$PropertyCachingMethodInvoker: loaded 2 times (x 74B)
Class com.google.common.cache.LocalCache$EntryFactory$2                               : loaded 2 times (x 81B)
Class com.amazon.ion.IonDecimal                                                       : loaded 2 times (x 68B)
Class kotlin.collections.ArraysKt__ArraysKt                                           : loaded 2 times (x 69B)
Class com.google.common.cache.LocalCache$EntryFactory$3                               : loaded 2 times (x 81B)
Class com.google.common.cache.LocalCache$EntryFactory$4                               : loaded 2 times (x 81B)
Class org.gradle.tooling.internal.adapter.ProtocolToModelAdapter$NoOpDecoration       : loaded 2 times (x 77B)
Class com.google.common.cache.LocalCache$EntryFactory$5                               : loaded 2 times (x 81B)
Class com.google.common.cache.LocalCache$EntryFactory$6                               : loaded 2 times (x 81B)
Class com.google.common.cache.LocalCache$EntryFactory$7                               : loaded 2 times (x 81B)
Class org.gradle.internal.time.MonotonicClock                                         : loaded 2 times (x 75B)
Class com.google.common.cache.LocalCache$EntryFactory$8                               : loaded 2 times (x 81B)
Class org.gradle.tooling.internal.adapter.ProtocolToModelAdapter$SupportedPropertyInvoker: loaded 2 times (x 74B)
Class kotlin.reflect.KDeclarationContainer                                            : loaded 2 times (x 68B)
Class kotlin.collections.CollectionsKt__CollectionsKt                                 : loaded 2 times (x 69B)
Class com.amazon.ion.impl.bin.IonRawBinaryWriter$PreallocationMode$1                  : loaded 2 times (x 79B)
Class kotlin.collections.ArrayDeque$Companion                                         : loaded 2 times (x 69B)
Class com.amazon.ion.impl.bin.IonRawBinaryWriter$PreallocationMode$2                  : loaded 2 times (x 79B)
Class com.google.common.cache.LocalCache$StrongValueReference                         : loaded 2 times (x 88B)
Class com.amazon.ion.impl.bin.IonRawBinaryWriter$PreallocationMode$3                  : loaded 2 times (x 79B)
Class kotlin.text.StringsKt                                                           : loaded 2 times (x 69B)
Class org.gradle.internal.classloader.FilteringClassLoader                            : loaded 2 times (x 103B)
Class com.amazon.ion.impl.lite.IonSymbolLite                                          : loaded 2 times (x 162B)
Class com.google.common.collect.AbstractMapBasedMultimap$WrappedCollection            : loaded 2 times (x 122B)
Class com.amazon.ion.impl.lite.IonContext                                             : loaded 2 times (x 68B)
Class kotlin.collections.AbstractMutableList                                          : loaded 2 times (x 166B)
Class com.google.common.io.CharSource$ConcatenatedCharSource                          : loaded 2 times (x 84B)
Class org.jetbrains.plugins.gradle.tooling.serialization.SerializationService         : loaded 2 times (x 68B)
Class kotlin.jvm.internal.Lambda                                                      : loaded 2 times (x 73B)
Class org.gradle.tooling.model.idea.IdeaDependencyScope                               : loaded 2 times (x 68B)
Class org.gradle.tooling.model.Model                                                  : loaded 2 times (x 68B)
Class [Lcom.google.common.cache.LocalCache$Strength;                                  : loaded 2 times (x 67B)
Class kotlin.reflect.KCallable                                                        : loaded 2 times (x 68B)
Class org.gradle.internal.classpath.DefaultClassPath$ImmutableUniqueList$Builder      : loaded 2 times (x 73B)
Class com.google.common.collect.AbstractRangeSet                                      : loaded 2 times (x 112B)
Class com.amazon.ion.impl.bin.IonManagedBinaryWriter$ImportedSymbolResolverMode$1$1   : loaded 2 times (x 76B)
Class kotlin.UninitializedPropertyAccessException                                     : loaded 2 times (x 80B)
Class com.amazon.ion.impl._Private_IonContainer                                       : loaded 2 times (x 68B)
Class com.google.common.collect.Maps$8                                                : loaded 2 times (x 80B)
Class com.android.utils.FileUtils                                                     : loaded 2 times (x 69B)
Class [Lcom.google.common.cache.CacheBuilder$NullListener;                            : loaded 2 times (x 67B)
Class com.google.common.base.PatternCompiler                                          : loaded 2 times (x 68B)
Class com.google.common.io.CharStreams$NullWriter                                     : loaded 2 times (x 97B)
Class kotlin.io.FilesKt                                                               : loaded 2 times (x 69B)
Class kotlin.Result$Failure                                                           : loaded 2 times (x 70B)
Class com.google.common.collect.Maps$KeySet                                           : loaded 2 times (x 135B)
Class com.google.common.collect.ImmutableMultimap$EntryCollection                     : loaded 2 times (x 125B)
Class org.jetbrains.kotlin.idea.gradleTooling.KotlinSourceSetContainer                : loaded 2 times (x 68B)
Class kotlin.Result$Companion                                                         : loaded 2 times (x 69B)
Class com.google.common.collect.Sets$SetView                                          : loaded 2 times (x 136B)
Class kotlin.comparisons.ComparisonsKt                                                : loaded 2 times (x 69B)
Class com.amazon.ion.IonBlob                                                          : loaded 2 times (x 68B)
Class kotlin.collections.IntIterator                                                  : loaded 2 times (x 80B)
Class org.objectweb.asm.AnnotationWriter                                              : loaded 2 times (x 77B)
Class com.amazon.ion.IonMutableCatalog                                                : loaded 2 times (x 68B)
Class com.google.common.math.IntMath$1                                                : loaded 2 times (x 69B)
Class kotlin.jvm.internal.markers.KMutableIterable                                    : loaded 2 times (x 68B)
Class org.gradle.internal.classloader.ClassLoaderVisitor                              : loaded 2 times (x 74B)
Class org.objectweb.asm.Label                                                         : loaded 2 times (x 71B)
Class com.google.common.cache.CacheBuilder$NullListener                               : loaded 2 times (x 80B)
Class org.gradle.tooling.internal.adapter.ProtocolToModelAdapter$MethodInvocationCache$MethodInvocationKey: loaded 2 times (x 71B)
Class org.jetbrains.plugins.gradle.tooling.serialization.internal.adapter.Supplier    : loaded 2 times (x 68B)
Class com.android.builder.model.v2.models.Versions$Version                            : loaded 2 times (x 68B)
Class com.android.builder.model.v2.ide.ProjectType                                    : loaded 2 times (x 77B)
Class com.amazon.ion.impl.SharedSymbolTable                                           : loaded 2 times (x 91B)
Class com.android.ide.common.repository.AgpVersion$Companion                          : loaded 2 times (x 69B)
Class com.google.common.math.MathPreconditions                                        : loaded 2 times (x 69B)
Class org.gradle.internal.time.DefaultCountdownTimer                                  : loaded 2 times (x 86B)
Class com.google.common.io.ByteStreams$1                                              : loaded 2 times (x 83B)
Class [Lcom.amazon.ion.SymbolToken;                                                   : loaded 2 times (x 67B)
Class com.amazon.ion.impl.bin.IonManagedBinaryWriter$ImportedSymbolResolverMode       : loaded 2 times (x 78B)
Class kotlin.text.StringsKt__RegexExtensionsKt                                        : loaded 2 times (x 69B)
Class org.gradle.tooling.internal.adapter.CollectionMapper                            : loaded 2 times (x 71B)
Class com.amazon.ion.impl._Private_LocalSymbolTableFactory                            : loaded 2 times (x 68B)
Class com.android.builder.model.v2.ide.TestInfo                                       : loaded 2 times (x 68B)
Class org.gradle.internal.service.DefaultServiceLocator                               : loaded 2 times (x 81B)
Class com.amazon.ion.impl.lite.IonFloatLite                                           : loaded 2 times (x 153B)
Class kotlin.text.StringsKt__StringBuilderJVMKt                                       : loaded 2 times (x 69B)
Class org.gradle.internal.service.UnknownServiceException                             : loaded 2 times (x 81B)
Class org.jetbrains.plugins.gradle.model.ClasspathEntryModel                          : loaded 2 times (x 68B)
Class kotlin.collections.SetsKt___SetsKt                                              : loaded 2 times (x 69B)
Class com.google.common.util.concurrent.AbstractFuture$SynchronizedHelper             : loaded 2 times (x 76B)
Class com.google.common.collect.ArrayListMultimap                                     : loaded 2 times (x 170B)
Class com.amazon.ion.impl.lite.IonBlobLite                                            : loaded 2 times (x 159B)
Class kotlin.text.StringsKt__StringsJVMKt                                             : loaded 2 times (x 69B)
Class com.google.common.base.Strings                                                  : loaded 2 times (x 69B)
Class com.amazon.ion.IonClob                                                          : loaded 2 times (x 68B)
Class com.android.builder.model.v2.models.BasicAndroidProject                         : loaded 2 times (x 68B)
Class org.jetbrains.plugins.gradle.model.DependencyAccessorsModel                     : loaded 2 times (x 68B)
Class com.google.common.io.Closer                                                     : loaded 2 times (x 76B)
Class kotlin.collections.CollectionsKt___CollectionsKt$asSequence$$inlined$Sequence$1 : loaded 2 times (x 73B)
Class com.google.common.cache.CacheLoader$InvalidCacheLoadException                   : loaded 2 times (x 80B)
Class org.gradle.tooling.model.idea.IdeaCompilerOutput                                : loaded 2 times (x 68B)
Class org.gradle.internal.classloader.DefaultClassLoaderFactory                       : loaded 2 times (x 80B)
Class com.google.common.collect.ImmutableSet$EmptySetBuilderImpl                      : loaded 2 times (x 74B)
Class org.jetbrains.plugins.gradle.model.internal.TurnOffDefaultTasks                 : loaded 2 times (x 68B)
Class com.google.common.base.Stopwatch                                                : loaded 2 times (x 70B)
Class com.google.common.base.Platform$JdkPatternCompiler                              : loaded 2 times (x 73B)
Class com.amazon.ion.UnsupportedIonVersionException                                   : loaded 2 times (x 83B)
Class org.jetbrains.plugins.gradle.tooling.ModelBuilderService$Parameter              : loaded 2 times (x 68B)
Class com.google.common.collect.Interners$InternerImpl                                : loaded 2 times (x 73B)
Class com.google.common.collect.Table                                                 : loaded 2 times (x 68B)
Class com.android.builder.model.v2.ide.AndroidArtifact                                : loaded 2 times (x 68B)
Class com.google.common.cache.LocalCache$LoadingValueReference                        : loaded 2 times (x 94B)
Class kotlin.collections.CollectionsKt__MutableCollectionsKt                          : loaded 2 times (x 69B)
Class org.gradle.tooling.internal.adapter.ProtocolToModelAdapter$DefaultViewBuilder   : loaded 2 times (x 78B)
Class kotlin.ResultKt                                                                 : loaded 2 times (x 69B)
Class com.android.builder.model.v2.models.ModelBuilderParameter                       : loaded 2 times (x 68B)
Class com.android.builder.model.v2.ide.AndroidGradlePluginProjectFlags$BooleanFlag    : loaded 2 times (x 77B)
Class com.android.builder.model.v2.ide.CodeShrinker                                   : loaded 2 times (x 77B)
Class com.google.common.collect.Hashing                                               : loaded 2 times (x 69B)
Class com.google.common.io.ByteStreams$LimitedInputStream                             : loaded 2 times (x 90B)
Class com.amazon.ion.impl.LocalSymbolTable                                            : loaded 2 times (x 115B)
Class org.jetbrains.plugins.gradle.model.internal.DummyModel                          : loaded 2 times (x 68B)
Class org.jetbrains.plugins.gradle.model.GradleExtensions                             : loaded 2 times (x 68B)
Class com.google.common.collect.MapMakerInternalMap$AbstractStrongKeyEntry            : loaded 2 times (x 78B)
Class com.google.common.collect.ImmutableRangeSet$ComplementRanges                    : loaded 2 times (x 167B)
Class org.objectweb.asm.Context                                                       : loaded 2 times (x 70B)
Class org.jetbrains.plugins.gradle.tooling.serialization.GradleExtensionsSerializationService$WriteContext: loaded 2 times (x 70B)
Class kotlin.collections.CollectionsKt__ReversedViewsKt                               : loaded 2 times (x 69B)
Class com.android.ide.common.repository.AgpVersion$PreviewKind$Companion              : loaded 2 times (x 69B)
Class com.google.common.collect.ImmutableSortedSetFauxverideShim                      : loaded 2 times (x 145B)
Class com.google.common.base.Optional                                                 : loaded 2 times (x 78B)
Class org.gradle.tooling.model.UnsupportedMethodException                             : loaded 2 times (x 80B)
Class com.amazon.ion.impl.LocalSymbolTableAsStruct$Factory                            : loaded 2 times (x 77B)
Class org.gradle.internal.impldep.gnu.trove.PrimeFinder                               : loaded 2 times (x 69B)
Class com.google.common.base.FunctionalEquivalence                                    : loaded 2 times (x 81B)
Class com.amazon.ion.impl.bin.IonRawBinaryWriter$PatchList                            : loaded 2 times (x 83B)
Class org.objectweb.asm.AnnotationVisitor                                             : loaded 2 times (x 76B)
Class org.objectweb.asm.RecordComponentWriter                                         : loaded 2 times (x 76B)
Class com.amazon.ion.impl.bin.Symbols                                                 : loaded 2 times (x 69B)
Class kotlin.sequences.SequenceScope                                                  : loaded 2 times (x 71B)
Class com.google.common.cache.LocalCache$1                                            : loaded 2 times (x 87B)
Class com.google.common.cache.LocalCache$2                                            : loaded 2 times (x 140B)
Class com.amazon.ion.impl.IonWriterSystemText                                         : loaded 2 times (x 188B)
Class com.google.common.collect.RegularImmutableBiMap                                 : loaded 2 times (x 146B)
Class com.android.builder.model.v2.ide.TestedTargetVariant                            : loaded 2 times (x 68B)
Class kotlin.sequences.SequencesKt__SequenceBuilderKt                                 : loaded 2 times (x 69B)
Class org.jetbrains.plugins.gradle.tooling.serialization.internal.IdeaProjectSerializationService$WriteContext$1: loaded 2 times (x 81B)
Class org.jetbrains.plugins.gradle.tooling.serialization.internal.IdeaProjectSerializationService$WriteContext$2: loaded 2 times (x 81B)
Class org.jetbrains.plugins.gradle.model.VersionCatalogsModel                         : loaded 2 times (x 68B)
Class org.jetbrains.plugins.gradle.tooling.serialization.internal.IdeaProjectSerializationService$WriteContext$3: loaded 2 times (x 81B)
Class org.jetbrains.kotlin.idea.gradleTooling.AndroidAwareGradleModelProvider$Companion: loaded 2 times (x 69B)
Class org.jetbrains.plugins.gradle.tooling.serialization.internal.IdeaProjectSerializationService$WriteContext$4: loaded 2 times (x 81B)
Class kotlin.text.StringsKt__StringNumberConversionsKt                                : loaded 2 times (x 69B)
Class org.gradle.internal.classloader.VisitableURLClassLoader$Spec                    : loaded 2 times (x 72B)
Class org.jetbrains.plugins.gradle.tooling.serialization.internal.IdeaProjectSerializationService$WriteContext$5: loaded 2 times (x 81B)
Class org.gradle.tooling.model.ProjectModel                                           : loaded 2 times (x 68B)
Class org.gradle.internal.impldep.gnu.trove.TObjectIdentityHashingStrategy            : loaded 2 times (x 76B)
Class org.jetbrains.plugins.gradle.tooling.serialization.internal.IdeaProjectSerializationService$WriteContext$6: loaded 2 times (x 81B)
Class com.amazon.ion.impl.bin.IonRawBinaryWriter$PatchList$Node                       : loaded 2 times (x 70B)
Class com.google.common.base.Converter                                                : loaded 2 times (x 88B)
Class org.jetbrains.plugins.gradle.tooling.serialization.internal.IdeaProjectSerializationService$WriteContext$7: loaded 2 times (x 81B)
Class org.gradle.tooling.internal.gradle.DefaultProjectIdentifier                     : loaded 2 times (x 84B)
Class org.jetbrains.plugins.gradle.tooling.serialization.internal.IdeaProjectSerializationService$WriteContext$8: loaded 2 times (x 81B)
Class com.intellij.util.containers.IntObjectHashMap                                   : loaded 2 times (x 70B)
Class org.gradle.api.internal.classpath.ModuleRegistry                                : loaded 2 times (x 68B)
Class com.google.common.collect.ForwardingObject                                      : loaded 2 times (x 70B)
Class kotlin.KotlinNothingValueException                                              : loaded 2 times (x 80B)
Class com.google.common.cache.CacheBuilder                                            : loaded 2 times (x 70B)
Class org.objectweb.asm.ByteVector                                                    : loaded 2 times (x 77B)
Class kotlin.jvm.internal.CallableReference                                           : loaded 2 times (x 104B)
Class com.amazon.ion.impl.bin.PooledBlockAllocatorProvider$PooledBlockAllocator       : loaded 2 times (x 79B)
Class com.android.builder.model.v2.ide.LibraryType                                    : loaded 2 times (x 77B)
Class org.jetbrains.plugins.gradle.model.RepositoriesModel                            : loaded 2 times (x 68B)
Class org.gradle.api.JavaVersion                                                      : loaded 2 times (x 77B)
Class kotlin.jvm.internal.markers.KMutableCollection                                  : loaded 2 times (x 68B)
Class com.google.common.collect.ImmutableRangeSet                                     : loaded 2 times (x 113B)
Class com.google.common.base.PairwiseEquivalence                                      : loaded 2 times (x 81B)
Class com.google.common.base.Ticker                                                   : loaded 2 times (x 70B)
Class kotlin.jvm.internal.markers.KMappedMarker                                       : loaded 2 times (x 68B)
Class com.amazon.ion.impl.bin.WriteBuffer                                             : loaded 2 times (x 76B)
Class org.gradle.tooling.internal.adapter.TypeInspector                               : loaded 2 times (x 71B)
Class org.gradle.api.internal.ClassPathProvider                                       : loaded 2 times (x 68B)
Class com.google.common.base.Ascii                                                    : loaded 2 times (x 69B)
Class [Lcom.android.builder.model.v2.ide.BytecodeTransformation;                      : loaded 2 times (x 67B)
Class org.objectweb.asm.ModuleWriter                                                  : loaded 2 times (x 80B)
Class org.gradle.internal.classloader.ClasspathUtil$1                                 : loaded 2 times (x 74B)
Class com.android.builder.model.v2.dsl.DependenciesInfo                               : loaded 2 times (x 68B)
Class com.google.common.io.ByteSource$AsCharSource                                    : loaded 2 times (x 84B)
Class org.jetbrains.plugins.gradle.tooling.serialization.ExternalTestsSerializationService$ReadContext: loaded 2 times (x 70B)
Class com.google.common.cache.LocalCache$WeakValueReference                           : loaded 2 times (x 95B)
Class com.google.common.collect.ImmutableEnumMap                                      : loaded 2 times (x 123B)
Class org.gradle.tooling.model.DomainObjectSet                                        : loaded 2 times (x 68B)
Class com.amazon.ion.IonSymbol                                                        : loaded 2 times (x 68B)
Class org.jetbrains.plugins.gradle.model.ExternalProjectDependency                    : loaded 2 times (x 68B)
Class org.jetbrains.plugins.gradle.model.ExternalSourceSet                            : loaded 2 times (x 68B)
Class kotlin.sequences.TransformingSequence                                           : loaded 2 times (x 73B)
Class com.google.common.io.Files$FileByteSource                                       : loaded 2 times (x 83B)
Class kotlin.collections.CollectionsKt__MutableCollectionsJVMKt                       : loaded 2 times (x 69B)
Class kotlin.collections.EmptyList                                                    : loaded 2 times (x 134B)
Class com.google.common.cache.AbstractCache$StatsCounter                              : loaded 2 times (x 68B)
Class org.objectweb.asm.FieldVisitor                                                  : loaded 2 times (x 75B)
Class com.android.builder.model.v2.dsl.ProductFlavor                                  : loaded 2 times (x 68B)
Class org.objectweb.asm.Symbol                                                        : loaded 2 times (x 71B)
Class com.android.builder.model.v2.ide.ApiVersion                                     : loaded 2 times (x 68B)
Class com.amazon.ion.impl.bin.BlockAllocator                                          : loaded 2 times (x 78B)
Class com.google.common.cache.LocalCache$Strength$1                                   : loaded 2 times (x 79B)
Class com.amazon.ion.IonCatalog                                                       : loaded 2 times (x 68B)
Class com.google.common.collect.EmptyImmutableListMultimap                            : loaded 2 times (x 174B)
Class com.google.common.cache.LocalCache$Strength$2                                   : loaded 2 times (x 79B)
Class com.google.common.cache.LocalCache$Strength$3                                   : loaded 2 times (x 79B)
Class org.gradle.internal.classloader.ClassLoaderFactory                              : loaded 2 times (x 68B)
Class com.amazon.ion.impl.bin.IonManagedBinaryWriter$LocalSymbolTableView             : loaded 2 times (x 105B)
Class kotlin.ranges.IntProgression                                                    : loaded 2 times (x 79B)
Class com.google.common.base.Absent                                                   : loaded 2 times (x 78B)
Class com.google.common.util.concurrent.AbstractFuture$Waiter                         : loaded 2 times (x 70B)
Class com.amazon.ion.system.IonWriterBuilder                                          : loaded 2 times (x 72B)
Class kotlin.jvm.internal.FunctionReference                                           : loaded 2 times (x 120B)
Class com.google.common.util.concurrent.Uninterruptibles                              : loaded 2 times (x 69B)
Class kotlin.text.MatchNamedGroupCollection                                           : loaded 2 times (x 68B)
Class kotlin.coroutines.EmptyCoroutineContext                                         : loaded 2 times (x 75B)
Class com.amazon.ion.impl.lite.IonListLite                                            : loaded 2 times (x 457B)
Class com.android.ide.common.repository.GradleVersion                                 : loaded 2 times (x 91B)
Class com.google.common.collect.Iterators$EmptyModifiableIterator                     : loaded 2 times (x 84B)
Class org.gradle.internal.exceptions.DefaultMultiCauseException                       : loaded 2 times (x 89B)
Class org.jetbrains.plugins.gradle.model.FileCollectionDependency                     : loaded 2 times (x 68B)
Class org.gradle.api.internal.classpath.ManifestUtil                                  : loaded 2 times (x 69B)
Class org.gradle.api.specs.Spec                                                       : loaded 2 times (x 68B)
Class com.google.common.collect.RangeSet                                              : loaded 2 times (x 68B)
Class com.google.common.cache.CacheLoader$UnsupportedLoadingOperationException        : loaded 2 times (x 80B)
Class kotlin.jvm.internal.Intrinsics                                                  : loaded 2 times (x 69B)
Class com.amazon.ion.impl.bin._Private_IonManagedWriter                               : loaded 2 times (x 68B)
Class com.amazon.ion.impl.bin._Private_IonManagedBinaryWriterBuilder                  : loaded 2 times (x 70B)
Class com.google.common.util.concurrent.ListenableFuture                              : loaded 2 times (x 68B)
Class com.google.common.collect.MapMaker$Dummy                                        : loaded 2 times (x 77B)
Class com.amazon.ion.impl.lite._Private_LiteDomTrampoline                             : loaded 2 times (x 69B)
Class com.amazon.ion.impl.lite.IonValueLite                                           : loaded 2 times (x 143B)
Class com.amazon.ion.IonValue                                                         : loaded 2 times (x 68B)
Class com.amazon.ion.impl.bin.PooledBlockAllocatorProvider$PooledBlockAllocator$1     : loaded 2 times (x 77B)
Class com.amazon.ion.system.IonReaderBuilder$Mutable                                  : loaded 2 times (x 83B)
Class org.gradle.tooling.internal.gradle.GradleBuildIdentity                          : loaded 2 times (x 68B)
Class kotlin.jvm.internal.ArrayIterator                                               : loaded 2 times (x 77B)
Class kotlin.text.StringsKt___StringsJvmKt                                            : loaded 2 times (x 69B)
Class org.gradle.tooling.internal.adapter.ProtocolToModelAdapter$ReflectionMethodInvoker: loaded 2 times (x 74B)
Class com.android.builder.model.v2.dsl.BaseConfig                                     : loaded 2 times (x 68B)
Class org.jetbrains.plugins.gradle.model.GradleConfiguration                          : loaded 2 times (x 68B)
Class com.google.common.util.concurrent.AbstractFuture$Failure                        : loaded 2 times (x 70B)
Class org.objectweb.asm.Type                                                          : loaded 2 times (x 70B)
Class com.google.common.cache.LocalCache$AbstractReferenceEntry                       : loaded 2 times (x 105B)
Class org.gradle.internal.installation.GradleInstallation$1                           : loaded 2 times (x 73B)
Class kotlin.ranges.OpenEndRange                                                      : loaded 2 times (x 68B)
Class com.google.common.util.concurrent.AbstractFuture$UnsafeAtomicHelper             : loaded 2 times (x 76B)
Class org.gradle.api.internal.DefaultClassPathProvider                                : loaded 2 times (x 74B)
Class com.google.common.base.Equivalence$Equals                                       : loaded 2 times (x 80B)
Class org.jetbrains.kotlin.idea.gradleTooling.KotlinMPPGradleModel                    : loaded 2 times (x 68B)
Class com.google.common.cache.LocalCache$Segment                                      : loaded 2 times (x 152B)
Class com.google.common.collect.MapMakerInternalMap$Strength                          : loaded 2 times (x 78B)
Class com.amazon.ion.impl.bin.PooledBlockAllocatorProvider                            : loaded 2 times (x 71B)
Class kotlin.coroutines.CoroutineContext                                              : loaded 2 times (x 68B)
Class com.amazon.ion.SymbolToken                                                      : loaded 2 times (x 68B)
Class com.amazon.ion.impl.lite.IonSequenceLite                                        : loaded 2 times (x 393B)
Class com.amazon.ion.IonList                                                          : loaded 2 times (x 68B)
Class [Lcom.google.common.cache.Weigher;                                              : loaded 2 times (x 67B)
Class com.google.common.collect.MapMakerInternalMap$StrongKeyDummyValueEntry$Helper   : loaded 2 times (x 77B)
Class com.android.builder.model.v2.ide.JavaArtifact                                   : loaded 2 times (x 68B)
Class com.android.builder.model.v2.dsl.SigningConfig                                  : loaded 2 times (x 68B)
Class kotlin.text.MatchResult$Destructured                                            : loaded 2 times (x 70B)
Class kotlin.text.MatchResult$DefaultImpls                                            : loaded 2 times (x 69B)
Class org.gradle.tooling.GradleConnectionException                                    : loaded 2 times (x 80B)
Class org.jetbrains.plugins.gradle.model.FilePatternSet                               : loaded 2 times (x 68B)
Class com.amazon.ion.impl._Private_IonWriter                                          : loaded 2 times (x 68B)
Class kotlin.collections.ArrayDeque                                                   : loaded 2 times (x 167B)
Class com.google.common.cache.ReferenceEntry                                          : loaded 2 times (x 68B)
Class org.gradle.tooling.internal.adapter.ObjectGraphAdapter                          : loaded 2 times (x 68B)
Class [Lcom.android.builder.model.v2.ide.ProjectType;                                 : loaded 2 times (x 67B)
Class com.amazon.ion.IonReader                                                        : loaded 2 times (x 68B)
Class com.google.common.primitives.IntsMethodsForWeb                                  : loaded 2 times (x 69B)
Class kotlin.sequences.SequencesKt                                                    : loaded 2 times (x 69B)
Class com.google.common.collect.RangeGwtSerializationDependencies                     : loaded 2 times (x 69B)
Class com.amazon.ion.impl.lite.IonLoaderLite                                          : loaded 2 times (x 80B)
Class kotlin.collections.EmptyIterator                                                : loaded 2 times (x 87B)
Class com.google.common.collect.Maps                                                  : loaded 2 times (x 69B)
Class com.amazon.ion.impl._Private_ByteTransferSink                                   : loaded 2 times (x 68B)
Class [Lcom.android.builder.model.v2.ide.TestInfo$Execution;                          : loaded 2 times (x 67B)
Class com.android.ide.gradle.model.ArtifactIdentifierImpl                             : loaded 2 times (x 75B)
Class [Lcom.amazon.ion.SymbolTable;                                                   : loaded 2 times (x 67B)
Class com.amazon.ion.impl._Private_IonValue                                           : loaded 2 times (x 68B)
Class com.android.ide.gradle.model.LegacyV1AgpVersionModel                            : loaded 2 times (x 68B)
Class kotlin.jvm.internal.markers.KMutableList                                        : loaded 2 times (x 68B)
Class kotlin.jvm.internal.FunctionReferenceImpl                                       : loaded 2 times (x 120B)
Class com.google.common.collect.ImmutableMultimap$Builder                             : loaded 2 times (x 81B)
Class kotlin.comparisons.ComparisonsKt___ComparisonsJvmKt                             : loaded 2 times (x 69B)
Class com.android.builder.model.v2.ide.VectorDrawablesOptions                         : loaded 2 times (x 68B)
Class com.android.builder.model.v2.ide.JavaCompileOptions                             : loaded 2 times (x 68B)
Class org.jetbrains.kotlin.tooling.core.Extras                                        : loaded 2 times (x 68B)
Class [Lorg.objectweb.asm.Attribute;                                                  : loaded 2 times (x 67B)
Class com.android.builder.model.v2.ide.TestInfo$Execution                             : loaded 2 times (x 77B)
Class org.gradle.api.internal.classpath.EffectiveClassPath                            : loaded 2 times (x 88B)
Class com.google.common.collect.Maps$IteratorBasedAbstractMap                         : loaded 2 times (x 123B)
Class com.amazon.ion.impl.bin.IonRawBinaryWriter$StreamFlushMode                      : loaded 2 times (x 77B)
Class com.amazon.ion.impl._Private_ValueFactory                                       : loaded 2 times (x 68B)
Class com.google.common.io.Files                                                      : loaded 2 times (x 69B)
Class kotlin.jvm.internal.DefaultConstructorMarker                                    : loaded 2 times (x 69B)
Class com.amazon.ion.impl.lite.IonBoolLite                                            : loaded 2 times (x 149B)
Class com.google.common.cache.CacheLoader$FunctionToCacheLoader                       : loaded 2 times (x 73B)
Class kotlin.text.MatchGroupCollection                                                : loaded 2 times (x 68B)
Class com.google.common.cache.CacheBuilder$1                                          : loaded 2 times (x 83B)
Class com.google.common.cache.CacheBuilder$2                                          : loaded 2 times (x 70B)
Class org.gradle.internal.impldep.gnu.trove.THash                                     : loaded 2 times (x 79B)
Class kotlin.collections.AbstractList$SubList                                         : loaded 2 times (x 158B)
Class com.amazon.ion.IonSexp                                                          : loaded 2 times (x 68B)
Class com.google.common.io.CharStreams                                                : loaded 2 times (x 69B)
Class com.amazon.ion.impl.lite.IonSystemLite                                          : loaded 2 times (x 273B)
Class com.android.builder.model.v2.models.Versions                                    : loaded 2 times (x 68B)
Class com.google.common.collect.RegularImmutableSortedSet                             : loaded 2 times (x 233B)
Class [Lcom.google.common.cache.RemovalListener;                                      : loaded 2 times (x 67B)
Class kotlin.sequences.SequenceBuilderIterator                                        : loaded 2 times (x 83B)
Class org.gradle.tooling.model.idea.IdeaDependency                                    : loaded 2 times (x 68B)
Class com.google.common.collect.Interners                                             : loaded 2 times (x 69B)
Class org.jetbrains.kotlin.idea.gradleTooling.model.annotation.AnnotationBasedPluginModel: loaded 2 times (x 68B)
Class com.amazon.ion.impl.bin.IonManagedBinaryWriter$SymbolResolverBuilder            : loaded 2 times (x 68B)
Class org.jetbrains.kotlin.idea.gradleTooling.model.assignment.AssignmentModel        : loaded 2 times (x 68B)
Class com.android.builder.model.v2.models.VariantDependencies                         : loaded 2 times (x 68B)
Class kotlin.sequences.SequencesKt___SequencesKt$filterNotNull$1                      : loaded 2 times (x 76B)
Class com.google.common.collect.MapMakerInternalMap$Strength$1                        : loaded 2 times (x 78B)
Class org.jetbrains.plugins.gradle.tooling.serialization.ExternalProjectSerializationService: loaded 2 times (x 75B)
Class org.gradle.internal.installation.CurrentGradleInstallation                      : loaded 2 times (x 71B)
Class com.google.common.collect.MapMakerInternalMap$Strength$2                        : loaded 2 times (x 78B)
Class org.gradle.internal.installation.CurrentGradleInstallationLocator               : loaded 2 times (x 69B)
Class [Lcom.google.common.cache.LocalCache$Segment;                                   : loaded 2 times (x 67B)
Class com.amazon.ion.impl.LocalSymbolTableAsStruct                                    : loaded 2 times (x 117B)
Class com.amazon.ion.impl.lite.IonClobLite                                            : loaded 2 times (x 160B)
Class kotlin.collections.CollectionsKt__IteratorsJVMKt                                : loaded 2 times (x 69B)
Class org.gradle.api.internal.classpath.Module                                        : loaded 2 times (x 68B)
Class com.google.common.io.ByteSource$ByteArrayByteSource                             : loaded 2 times (x 83B)
Class com.google.common.collect.ImmutableSortedSet                                    : loaded 2 times (x 233B)
Class [Lcom.amazon.ion.impl.bin.IonRawBinaryWriter$PreallocationMode;                 : loaded 2 times (x 67B)
Class com.amazon.ion.impl.bin.AbstractSymbolTable                                     : loaded 2 times (x 105B)
Class kotlin.sequences.FilteringSequence                                              : loaded 2 times (x 73B)
Class org.jetbrains.plugins.gradle.model.ExternalLibraryDependency                    : loaded 2 times (x 68B)
Class org.jetbrains.plugins.gradle.tooling.serialization.ProjectDependenciesSerializationService$ReadContext: loaded 2 times (x 70B)
Class org.jetbrains.plugins.gradle.tooling.serialization.internal.IdeaProjectSerializationService$WriteContext: loaded 2 times (x 70B)
Class kotlin.sequences.DistinctSequence                                               : loaded 2 times (x 73B)
Class com.google.common.collect.MapMakerInternalMap$Segment                           : loaded 2 times (x 140B)
Class org.gradle.tooling.internal.adapter.ViewBuilder                                 : loaded 2 times (x 68B)
Class com.amazon.ion.impl.lite.IonNullLite                                            : loaded 2 times (x 146B)
Class org.gradle.tooling.internal.adapter.ProtocolToModelAdapter                      : loaded 2 times (x 78B)
Class kotlin.sequences.SequencesKt__SequencesKt                                       : loaded 2 times (x 69B)
Class kotlin.sequences.SequencesKt__SequencesJVMKt                                    : loaded 2 times (x 69B)
Class com.google.common.collect.ImmutableSet$JdkBackedSetBuilderImpl                  : loaded 2 times (x 74B)
Class [Lcom.amazon.ion.IonType;                                                       : loaded 2 times (x 67B)
Class org.gradle.tooling.internal.adapter.WeakIdentityHashMap$WeakKey                 : loaded 2 times (x 77B)
Class com.google.common.io.CharSource$AsByteSource                                    : loaded 2 times (x 83B)
Class com.amazon.ion.UnknownSymbolException                                           : loaded 2 times (x 84B)
Class [Lorg.objectweb.asm.AnnotationWriter;                                           : loaded 2 times (x 67B)
Class org.gradle.internal.service.CachingServiceLocator                               : loaded 2 times (x 80B)
Class com.google.common.collect.Streams                                               : loaded 2 times (x 69B)
Class com.amazon.ion.IonSystem                                                        : loaded 2 times (x 68B)
Class kotlin.NoWhenBranchMatchedException                                             : loaded 2 times (x 80B)
Class org.gradle.internal.time.Timer                                                  : loaded 2 times (x 68B)
Class com.android.builder.model.v2.ide.ArtifactDependenciesAdjacencyList              : loaded 2 times (x 68B)
Class kotlin.jvm.internal.CallableReference$NoReceiver                                : loaded 2 times (x 69B)
Class com.amazon.ion.impl.bin.IonRawBinaryWriter$RecyclingStack$ElementFactory        : loaded 2 times (x 68B)
Class org.jetbrains.plugins.gradle.model.tests.ExternalTestsModel                     : loaded 2 times (x 68B)
Class org.jetbrains.kotlin.idea.gradleTooling.KotlinDslScriptAdditionalTask           : loaded 2 times (x 68B)
Class kotlin.text.StringsKt__StringBuilderKt                                          : loaded 2 times (x 69B)
Class org.jetbrains.plugins.gradle.tooling.util.ObjectCollector                       : loaded 2 times (x 70B)
Class kotlin.sequences.FilteringSequence$iterator$1                                   : loaded 2 times (x 77B)
Class org.objectweb.asm.Handle                                                        : loaded 2 times (x 70B)
Class com.google.common.collect.Sets$ImprovedAbstractSet                              : loaded 2 times (x 133B)
Class com.google.common.collect.AbstractMapBasedMultimap$AsMap                        : loaded 2 times (x 126B)
Class org.gradle.internal.classpath.DefaultClassPath                                  : loaded 2 times (x 88B)
Class com.google.common.collect.MapMakerInternalMap$1                                 : loaded 2 times (x 81B)
Class kotlin.sequences.FlatteningSequence                                             : loaded 2 times (x 73B)
Class kotlin.Result                                                                   : loaded 2 times (x 70B)
Class org.gradle.internal.impldep.gnu.trove.TObjectHash$NULL                          : loaded 2 times (x 69B)
Class com.google.common.util.concurrent.AbstractFuture$SetFuture                      : loaded 2 times (x 73B)
Class kotlin.collections.CollectionsKt__CollectionsJVMKt                              : loaded 2 times (x 69B)
Class org.jetbrains.plugins.gradle.tooling.serialization.GradleExtensionsSerializationService$ReadContext: loaded 2 times (x 70B)
Class kotlin.sequences.SequencesKt___SequencesKt                                      : loaded 2 times (x 69B)
Class org.jetbrains.plugins.gradle.tooling.serialization.internal.IdeaProjectSerializationService: loaded 2 times (x 75B)
Class com.google.common.collect.CollectCollectors                                     : loaded 2 times (x 69B)
Class org.gradle.internal.impldep.gnu.trove.TObjectIntHashMap                         : loaded 2 times (x 107B)
Class org.gradle.tooling.model.idea.IdeaProject                                       : loaded 2 times (x 68B)
Class kotlin.jvm.internal.Ref$BooleanRef                                              : loaded 2 times (x 69B)
Class com.android.builder.model.v2.ide.ProjectInfo                                    : loaded 2 times (x 68B)
Class org.gradle.tooling.model.Element                                                : loaded 2 times (x 68B)
Class com.android.builder.model.v2.ide.PrivacySandboxSdkInfo                          : loaded 2 times (x 68B)
Class kotlin.sequences.FlatteningSequence$iterator$1                                  : loaded 2 times (x 77B)
Class [Lcom.amazon.ion.impl.bin.IonManagedBinaryWriter$SymbolState;                   : loaded 2 times (x 67B)
Class kotlin.collections.SetsKt__SetsJVMKt                                            : loaded 2 times (x 69B)
Class com.google.common.collect.TransformedIterator                                   : loaded 2 times (x 78B)
Class com.amazon.ion.IonLob                                                           : loaded 2 times (x 68B)
Class kotlin.collections.MapsKt___MapsJvmKt                                           : loaded 2 times (x 69B)
Class org.objectweb.asm.FieldWriter                                                   : loaded 2 times (x 76B)
Class com.google.common.collect.MapMakerInternalMap$InternalEntryHelper               : loaded 2 times (x 68B)
Class org.gradle.internal.impldep.gnu.trove.TObjectHash                               : loaded 2 times (x 92B)
Class com.google.common.collect.ImmutableMultisetGwtSerializationDependencies         : loaded 2 times (x 123B)
Class [Lcom.amazon.ion.impl.bin.IonRawBinaryWriter$StreamFlushMode;                   : loaded 2 times (x 67B)
Class com.intellij.openapi.externalSystem.model.project.dependencies.ProjectDependencies: loaded 2 times (x 68B)
Class com.google.common.collect.ImmutableListMultimap                                 : loaded 2 times (x 174B)
Class com.google.common.cache.LocalCache$LocalManualCache$1                           : loaded 2 times (x 73B)
Class [Lorg.gradle.api.JavaVersion;                                                   : loaded 2 times (x 67B)
Class kotlin.ranges.IntProgressionIterator                                            : loaded 2 times (x 80B)
Class org.jetbrains.kotlin.idea.gradleTooling.PrepareKotlinIdeImportTaskModel         : loaded 2 times (x 68B)
Class com.amazon.ion.impl.bin.IonRawBinaryWriter$PreallocationMode                    : loaded 2 times (x 79B)
Class com.google.common.collect.Lists$RandomAccessReverseList                         : loaded 2 times (x 160B)
Class kotlin.jvm.functions.Function0                                                  : loaded 2 times (x 68B)
Class org.gradle.tooling.internal.adapter.TargetTypeProvider                          : loaded 2 times (x 68B)
Class com.amazon.ion.impl.bin.IonManagedBinaryWriter$ImportedSymbolContext            : loaded 2 times (x 70B)
Class org.gradle.internal.impldep.com.google.common.base.Preconditions                : loaded 2 times (x 69B)
Class kotlin.jvm.functions.Function1                                                  : loaded 2 times (x 68B)
Class org.jetbrains.kotlin.idea.gradleTooling.AndroidAwareGradleModelProvider         : loaded 2 times (x 74B)
Class kotlin.jvm.functions.Function2                                                  : loaded 2 times (x 68B)
Class [Lcom.google.common.collect.AbstractIterator$State;                             : loaded 2 times (x 67B)
Class org.objectweb.asm.SymbolTable$Entry                                             : loaded 2 times (x 72B)
Class [Lcom.google.common.cache.LocalCache$EntryFactory;                              : loaded 2 times (x 67B)
Class kotlin.jvm.functions.Function4                                                  : loaded 2 times (x 68B)
Class com.amazon.ion.IonText                                                          : loaded 2 times (x 68B)
Class com.android.builder.model.v2.ide.Variant                                        : loaded 2 times (x 68B)
Class org.jetbrains.plugins.gradle.model.IntelliJSettings                             : loaded 2 times (x 68B)
Class com.google.common.base.Platform                                                 : loaded 2 times (x 69B)
Class com.amazon.ion.impl.lite.IonStructLite                                          : loaded 2 times (x 294B)
Class com.google.common.base.Suppliers$NonSerializableMemoizingSupplier               : loaded 2 times (x 77B)
Class org.gradle.tooling.internal.adapter.ProtocolToModelAdapter$1                    : loaded 2 times (x 73B)
Class org.gradle.internal.time.Time                                                   : loaded 2 times (x 69B)
Class com.android.builder.model.v2.ide.SourceProvider                                 : loaded 2 times (x 68B)
Class com.google.common.cache.LocalCache$StrongEntry                                  : loaded 2 times (x 106B)
Class org.gradle.internal.time.TimeSource$1                                           : loaded 2 times (x 75B)
Class [Lkotlin.coroutines.intrinsics.CoroutineSingletons;                             : loaded 2 times (x 67B)
Class com.amazon.ion.IonSequence                                                      : loaded 2 times (x 68B)
Class kotlin.ranges.ClosedRange                                                       : loaded 2 times (x 68B)
Class org.jetbrains.plugins.gradle.tooling.serialization.RepositoriesModelSerializationService$WriteContext: loaded 2 times (x 70B)
Class kotlin.KotlinNullPointerException                                               : loaded 2 times (x 81B)
Class kotlin.text.StringsKt__AppendableKt                                             : loaded 2 times (x 69B)
Class com.google.common.cache.CacheLoader                                             : loaded 2 times (x 72B)
Class org.objectweb.asm.Opcodes                                                       : loaded 2 times (x 68B)
Class com.google.common.collect.ImmutableMap$SerializedForm                           : loaded 2 times (x 71B)
Class kotlin.io.NoSuchFileException                                                   : loaded 2 times (x 80B)
Class org.objectweb.asm.MethodTooLargeException                                       : loaded 2 times (x 81B)
Class kotlin.reflect.KAnnotatedElement                                                : loaded 2 times (x 68B)
Class kotlin.text.CharsKt                                                             : loaded 2 times (x 69B)
Class com.android.ide.gradle.model.composites.BuildMap                                : loaded 2 times (x 68B)
Class kotlin.ranges.RangesKt___RangesKt                                               : loaded 2 times (x 69B)
Class com.android.ide.gradle.model.LegacyAndroidGradlePluginProperties                : loaded 2 times (x 68B)
Class kotlin.collections.CollectionsKt___CollectionsKt                                : loaded 2 times (x 69B)
Class com.google.common.cache.Cache                                                   : loaded 2 times (x 68B)
Class kotlin.sequences.SequencesKt__SequenceBuilderKt$sequence$$inlined$Sequence$1    : loaded 2 times (x 73B)
Class com.google.common.collect.Maps$EntrySet                                         : loaded 2 times (x 134B)
Class org.gradle.tooling.internal.adapter.ProtocolToModelAdapter$MixInMappingAction   : loaded 2 times (x 78B)
Class org.gradle.internal.classloader.SystemClassLoaderSpec                           : loaded 2 times (x 69B)
Class com.google.common.io.LineBuffer                                                 : loaded 2 times (x 73B)
Class com.google.common.util.concurrent.internal.InternalFutureFailureAccess          : loaded 2 times (x 70B)
Class com.amazon.ion.impl.bin.AbstractIonWriter                                       : loaded 2 times (x 159B)
Class com.google.common.io.CharSource$StringCharSource                                : loaded 2 times (x 84B)
Class org.jetbrains.plugins.gradle.tooling.serialization.AnnotationProcessingModelSerializationService$ReadContext: loaded 2 times (x 70B)
Class com.android.builder.model.v2.ide.Library                                        : loaded 2 times (x 68B)
Class com.google.common.base.Charsets                                                 : loaded 2 times (x 69B)
Class com.google.common.primitives.Ints$IntConverter                                  : loaded 2 times (x 88B)
Class com.amazon.ion.impl.bin.IonBinaryWriterAdapter$Factory                          : loaded 2 times (x 68B)
Class org.jetbrains.plugins.gradle.model.ExternalProject                              : loaded 2 times (x 68B)
Class com.google.common.collect.Interners$InternerBuilder                             : loaded 2 times (x 74B)
Class org.gradle.tooling.internal.adapter.ProtocolToModelAdapter$SafeMethodInvoker    : loaded 2 times (x 74B)
Class com.amazon.ion.system.IonWriterBuilderBase                                      : loaded 2 times (x 81B)
Class org.jetbrains.plugins.gradle.tooling.serialization.RepositoriesModelSerializationService: loaded 2 times (x 80B)
Class org.jetbrains.plugins.gradle.tooling.serialization.ProjectDependenciesSerializationService: loaded 2 times (x 75B)
Class org.gradle.tooling.internal.adapter.WeakIdentityHashMap$AbsentValueProvider     : loaded 2 times (x 68B)
Class com.android.builder.model.v2.ide.BytecodeTransformation                         : loaded 2 times (x 77B)
Class org.jetbrains.kotlin.idea.gradleTooling.model.kapt.KaptGradleModel              : loaded 2 times (x 68B)
Class com.google.common.io.LineReader$1                                               : loaded 2 times (x 73B)
Class org.gradle.tooling.model.Dependency                                             : loaded 2 times (x 68B)
Class com.android.builder.model.v2.models.ndk.NativeModule                            : loaded 2 times (x 68B)
Class com.android.builder.model.v2.ide.ViewBindingOptions                             : loaded 2 times (x 68B)
Class kotlin.io.FileAlreadyExistsException                                            : loaded 2 times (x 80B)
Class com.amazon.ion.impl.bin.IonRawBinaryWriter$1                                    : loaded 2 times (x 75B)
Class org.jetbrains.plugins.gradle.tooling.serialization.AnnotationProcessingModelSerializationService: loaded 2 times (x 75B)
Class com.amazon.ion.impl.IonWriterSystemTextMarkup                                   : loaded 2 times (x 190B)
Class org.objectweb.asm.ClassWriter                                                   : loaded 2 times (x 104B)
Class com.amazon.ion.IonFloat                                                         : loaded 2 times (x 68B)
Class com.android.builder.model.v2.ide.ComponentInfo                                  : loaded 2 times (x 68B)
Class com.amazon.ion.impl.bin.IonManagedBinaryWriter$ImportedSymbolResolverMode$1     : loaded 2 times (x 78B)
Class com.amazon.ion.impl.bin.IonManagedBinaryWriter$ImportedSymbolResolverMode$2     : loaded 2 times (x 78B)
Class com.amazon.ion.facet.Faceted                                                    : loaded 2 times (x 68B)
Class com.amazon.ion.impl.bin.IonRawBinaryWriter$ContainerType                        : loaded 2 times (x 77B)
Class com.google.common.collect.Range                                                 : loaded 2 times (x 85B)
Class com.google.common.io.ByteArrayDataOutput                                        : loaded 2 times (x 68B)
Class kotlin.collections.SetsKt                                                       : loaded 2 times (x 69B)
Class kotlin.jvm.internal.FunctionBase                                                : loaded 2 times (x 68B)
Class com.amazon.ion.impl.BlockedBuffer$BufferedOutputStream                          : loaded 2 times (x 88B)
Class com.android.builder.model.v2.models.AndroidDsl                                  : loaded 2 times (x 68B)
Class kotlin.text.MatcherMatchResult                                                  : loaded 2 times (x 78B)
Class [Lcom.google.common.cache.CacheBuilder$OneWeigher;                              : loaded 2 times (x 67B)
Class com.amazon.ion.impl.bin.IonManagedBinaryWriter$SymbolResolver                   : loaded 2 times (x 68B)
Class kotlin.Function                                                                 : loaded 2 times (x 68B)
Class kotlin.text.MatchResult                                                         : loaded 2 times (x 68B)
Class com.amazon.ion.impl._Private_ReaderWriter                                       : loaded 2 times (x 68B)
Class org.jetbrains.plugins.gradle.tooling.serialization.BuildScriptClasspathModelSerializationService$ReadContext: loaded 2 times (x 70B)
Class org.jetbrains.kotlin.idea.gradleTooling.model.samWithReceiver.SamWithReceiverModel: loaded 2 times (x 68B)
Class kotlin.ranges.RangesKt                                                          : loaded 2 times (x 69B)
Class com.android.builder.model.v2.ide.AaptOptions                                    : loaded 2 times (x 68B)
Class com.google.common.cache.LocalCache$ComputingValueReference                      : loaded 2 times (x 94B)
Class org.jetbrains.plugins.gradle.tooling.serialization.KotlinDslScriptsModelSerializationService: loaded 2 times (x 79B)
Class org.jetbrains.plugins.gradle.tooling.util.ObjectCollector$Processor             : loaded 2 times (x 68B)
Class com.amazon.ion.IonNull                                                          : loaded 2 times (x 68B)
Class com.google.common.io.ByteSource$SlicedByteSource                                : loaded 2 times (x 83B)
Class kotlin.coroutines.intrinsics.IntrinsicsKt__IntrinsicsKt                         : loaded 2 times (x 69B)
Class com.amazon.ion.impl.lite.IonTextLite                                            : loaded 2 times (x 152B)
Class kotlin.coroutines.jvm.internal.RestrictedContinuationImpl                       : loaded 2 times (x 85B)
Class com.google.common.io.Files$FileByteSink                                         : loaded 2 times (x 75B)
Class [Lcom.google.common.io.FileWriteMode;                                           : loaded 2 times (x 67B)
Class kotlin.io.FilesKt__FileReadWriteKt                                              : loaded 2 times (x 69B)
Class com.amazon.ion.impl._Private_SymtabExtendsCache                                 : loaded 2 times (x 70B)
Class com.android.ide.gradle.model.GradlePropertiesModel                              : loaded 2 times (x 68B)
Class kotlin.sequences.DistinctIterator                                               : loaded 2 times (x 81B)
Class org.gradle.tooling.model.gradle.GradleScript                                    : loaded 2 times (x 68B)
Class [Lcom.android.builder.model.v2.ide.AndroidGradlePluginProjectFlags$BooleanFlag; : loaded 2 times (x 67B)
Class com.amazon.ion.SubstituteSymbolTableException                                   : loaded 2 times (x 82B)
Class com.android.ide.common.repository.AgpVersion$PreviewKind                        : loaded 2 times (x 77B)
Class com.google.common.cache.CacheBuilder$OneWeigher                                 : loaded 2 times (x 80B)
Class com.android.ide.gradle.model.artifacts.AdditionalClassifierArtifactsModel       : loaded 2 times (x 68B)
Class org.gradle.tooling.internal.adapter.ProtocolToModelAdapter$ViewKey              : loaded 2 times (x 70B)
Class com.google.common.collect.IndexedImmutableSet$1                                 : loaded 2 times (x 172B)
Class com.google.common.collect.AbstractListMultimap                                  : loaded 2 times (x 170B)
Class kotlin.text.StringsKt__RegexExtensionsJVMKt                                     : loaded 2 times (x 69B)
Class com.amazon.ion.system.IonSystemBuilder$Mutable                                  : loaded 2 times (x 73B)
Class com.google.common.io.ByteSource$ConcatenatedByteSource                          : loaded 2 times (x 83B)
Class com.android.builder.model.v2.ide.AbstractArtifact                               : loaded 2 times (x 68B)
Class com.google.common.cache.LocalCache$Strength                                     : loaded 2 times (x 79B)
Class com.google.common.collect.AbstractMapBasedMultimap$KeySet                       : loaded 2 times (x 135B)
Class com.google.common.collect.SortedIterable                                        : loaded 2 times (x 68B)
Class kotlin.text.MatcherMatchResult$groupValues$1                                    : loaded 2 times (x 158B)
Class com.google.common.collect.ArrayListMultimapGwtSerializationDependencies         : loaded 2 times (x 170B)
Class kotlin.Unit                                                                     : loaded 2 times (x 69B)
Class org.gradle.tooling.model.kotlin.dsl.KotlinDslScriptsModel                       : loaded 2 times (x 68B)
Class com.amazon.ion.impl.lite.IonStringLite                                          : loaded 2 times (x 157B)
Class kotlin.io.FilePathComponents                                                    : loaded 2 times (x 70B)
Class com.google.common.collect.AbstractMapBasedMultimap$RandomAccessWrappedList      : loaded 2 times (x 165B)
Class org.objectweb.asm.Handler                                                       : loaded 2 times (x 70B)
Class org.gradle.api.internal.classpath.GlobalCacheRootsProvider                      : loaded 2 times (x 68B)
Class org.gradle.internal.impldep.gnu.trove.TObjectIntProcedure                       : loaded 2 times (x 68B)
Class com.android.builder.model.v2.ide.LibraryInfo                                    : loaded 2 times (x 68B)
Class kotlin.collections.CollectionsKt                                                : loaded 2 times (x 69B)
Class org.gradle.tooling.internal.gradle.GradleProjectIdentity                        : loaded 2 times (x 68B)
Class kotlin.collections.ArraysKt___ArraysJvmKt                                       : loaded 2 times (x 69B)
Class kotlin.io.FilesKt__FilePathComponentsKt                                         : loaded 2 times (x 69B)
Class kotlin.collections.CollectionsKt___CollectionsJvmKt                             : loaded 2 times (x 69B)
Class com.amazon.ion.impl.bin.IonRawBinaryWriter$StreamCloseMode                      : loaded 2 times (x 77B)
Class com.google.common.cache.LocalCache$ValueReference                               : loaded 2 times (x 68B)
Class org.gradle.tooling.internal.adapter.MethodInvocation                            : loaded 2 times (x 83B)
Class com.google.common.collect.CollectSpliterators                                   : loaded 2 times (x 69B)
Class org.gradle.internal.time.CountdownTimer                                         : loaded 2 times (x 68B)
Class org.gradle.internal.time.Clock                                                  : loaded 2 times (x 68B)
Class org.objectweb.asm.ClassReader                                                   : loaded 2 times (x 91B)
Class com.amazon.ion.impl.bin.IonRawBinaryWriter$PatchPoint                           : loaded 2 times (x 69B)
Class com.google.common.io.Java8Compatibility                                         : loaded 2 times (x 69B)
Class org.gradle.internal.classloader.ClasspathUtil                                   : loaded 2 times (x 69B)
Class kotlin.ranges.RangesKt__RangesKt                                                : loaded 2 times (x 69B)
Class org.objectweb.asm.CurrentFrame                                                  : loaded 2 times (x 71B)
Class com.amazon.ion.IonInt                                                           : loaded 2 times (x 68B)
Class com.google.common.util.concurrent.AbstractFuture                                : loaded 2 times (x 93B)
Class kotlin.NotImplementedError                                                      : loaded 2 times (x 80B)
Class org.jetbrains.kotlin.tooling.core.HasMutableExtras                              : loaded 2 times (x 68B)
Class com.amazon.ion.impl._Private_IonSymbol                                          : loaded 2 times (x 68B)
Class com.amazon.ion.impl._Private_IonBinaryWriterBuilder$Mutable                     : loaded 2 times (x 107B)
Class org.gradle.tooling.model.BuildIdentifier                                        : loaded 2 times (x 68B)
Class [Lcom.android.ide.common.repository.AgpVersion$PreviewKind;                     : loaded 2 times (x 67B)
Class com.intellij.openapi.externalSystem.model.ExternalSystemException               : loaded 2 times (x 84B)
Class kotlin.collections.CollectionsKt__IteratorsKt                                   : loaded 2 times (x 69B)
Class com.google.common.collect.TransformedListIterator                               : loaded 2 times (x 91B)
Class com.google.common.base.Ticker$1                                                 : loaded 2 times (x 70B)
Class com.google.common.collect.Maps$BiMapConverter                                   : loaded 2 times (x 88B)
Class org.gradle.api.internal.DefaultClassPathRegistry                                : loaded 2 times (x 74B)
Class com.google.common.base.Splitter$5                                               : loaded 2 times (x 78B)
Class com.google.common.collect.AbstractIterator$State                                : loaded 2 times (x 77B)
Class [Lorg.objectweb.asm.Symbol;                                                     : loaded 2 times (x 67B)
Class com.google.common.util.concurrent.AbstractFuture$Cancellation                   : loaded 2 times (x 70B)
Class com.amazon.ion.impl.bin.AbstractIonWriter$WriteValueOptimization                : loaded 2 times (x 77B)
Class com.amazon.ion.impl.bin._Private_IonRawWriter                                   : loaded 2 times (x 68B)
Class com.google.common.collect.Interner                                              : loaded 2 times (x 68B)
Class com.android.builder.model.v2.ide.BundleInfo                                     : loaded 2 times (x 68B)
Class com.amazon.ion.impl.bin.IonManagedBinaryWriter$UserState                        : loaded 2 times (x 83B)
Class org.gradle.api.internal.classpath.DefaultModuleRegistry$DefaultModule           : loaded 2 times (x 84B)
Class com.amazon.ion.ReadOnlyValueException                                           : loaded 2 times (x 82B)
Class com.google.common.io.LineReader                                                 : loaded 2 times (x 70B)
Class com.google.common.collect.ListMultimap                                          : loaded 2 times (x 68B)
Class com.android.builder.model.v2.models.AndroidProject                              : loaded 2 times (x 68B)
Class org.gradle.tooling.model.build.GradleEnvironment                                : loaded 2 times (x 68B)
Class com.amazon.ion.IonException                                                     : loaded 2 times (x 82B)
Class com.android.ide.common.repository.AgpVersion                                    : loaded 2 times (x 73B)
Class [Lcom.android.builder.model.v2.ide.AaptOptions$Namespacing;                     : loaded 2 times (x 67B)
Class com.android.ide.gradle.model.artifacts.AdditionalClassifierArtifacts            : loaded 2 times (x 68B)
Class com.amazon.ion.impl.bin.IonManagedBinaryWriter$SymbolState                      : loaded 2 times (x 78B)
Class org.jetbrains.plugins.gradle.tooling.serialization.ExternalTestsSerializationService$WriteContext: loaded 2 times (x 70B)
Class kotlin.text.StringsKt__StringsKt                                                : loaded 2 times (x 69B)
Class org.gradle.internal.time.TimeSource                                             : loaded 2 times (x 68B)
Class kotlin.comparisons.ComparisonsKt___ComparisonsKt                                : loaded 2 times (x 69B)
Class com.google.common.base.Suppliers$SupplierOfInstance                             : loaded 2 times (x 77B)
Class com.android.ide.gradle.model.ArtifactIdentifier                                 : loaded 2 times (x 68B)
Class org.objectweb.asm.RecordComponentVisitor                                        : loaded 2 times (x 75B)
Class kotlin.text.Regex$Companion                                                     : loaded 2 times (x 69B)
Class com.amazon.ion.impl.bin.IonManagedBinaryWriter$SymbolState$1                    : loaded 2 times (x 78B)
Class com.amazon.ion.impl.bin.IonManagedBinaryWriter$SymbolState$2                    : loaded 2 times (x 78B)
Class com.amazon.ion.impl.bin.IonManagedBinaryWriter$SymbolState$3                    : loaded 2 times (x 78B)
Class com.intellij.util.containers.IntObjectHashMap$ArrayProducer                     : loaded 2 times (x 68B)
Class com.google.common.cache.LocalCache$HashIterator                                 : loaded 2 times (x 84B)
Class [Lcom.google.common.collect.MapMaker$Dummy;                                     : loaded 2 times (x 67B)
Class com.amazon.ion.impl.bin.IonManagedBinaryWriter$SymbolState$4                    : loaded 2 times (x 78B)
Class ijInit1_d02w2zlaso43pqcd7cgnqqjcx                                               : loaded 2 times (x 177B)
Class org.jetbrains.kotlin.android.synthetic.idea.AndroidExtensionsGradleModel        : loaded 2 times (x 68B)
Class [Lcom.intellij.openapi.externalSystem.model.project.dependencies.ResolutionState;: loaded 2 times (x 67B)
Class com.google.common.collect.ImmutableEnumSet                                      : loaded 2 times (x 144B)
Class com.google.common.cache.LocalCache$WriteThroughEntry                            : loaded 2 times (x 77B)
Class org.objectweb.asm.ClassTooLargeException                                        : loaded 2 times (x 81B)
Class com.intellij.openapi.externalSystem.model.project.dependencies.ResolutionState  : loaded 2 times (x 77B)
Class org.gradle.api.internal.classpath.UnknownModuleException                        : loaded 2 times (x 80B)
Class com.amazon.ion.system.SimpleCatalog                                             : loaded 2 times (x 89B)
Class kotlin.coroutines.intrinsics.IntrinsicsKt__IntrinsicsJvmKt                      : loaded 2 times (x 69B)
Class com.google.common.collect.FluentIterable                                        : loaded 2 times (x 79B)
Class com.google.common.util.concurrent.AbstractFuture$Listener                       : loaded 2 times (x 70B)
Class kotlin.collections.MapsKt__MapsJVMKt                                            : loaded 2 times (x 69B)
Class com.amazon.ion.IonNumber                                                        : loaded 2 times (x 68B)
Class com.google.common.collect.MapMakerInternalMap$StrongKeyDummyValueEntry$LinkedStrongKeyDummyValueEntry: loaded 2 times (x 80B)
Class com.google.common.collect.Iterables$4                                           : loaded 2 times (x 79B)
Class org.objectweb.asm.Edge                                                          : loaded 2 times (x 70B)
Class com.android.ide.gradle.model.GradlePluginModel                                  : loaded 2 times (x 68B)
Class com.google.common.collect.Maps$EntryTransformer                                 : loaded 2 times (x 68B)
Class Settings_gradle$1$1                                                             : loaded 2 times (x 72B)
Class org.jetbrains.plugins.gradle.model.ProjectImportModelProvider                   : loaded 2 times (x 68B)
Class org.jetbrains.plugins.gradle.tooling.serialization.GradleExtensionsSerializationService: loaded 2 times (x 75B)
Class kotlin.jvm.internal.ArrayIteratorKt                                             : loaded 2 times (x 69B)
Class kotlin.collections.ArraysKt___ArraysKt                                          : loaded 2 times (x 69B)
Class com.google.common.io.ByteArrayDataInput                                         : loaded 2 times (x 68B)
Class com.android.builder.model.v2.ide.AaptOptions$Namespacing                        : loaded 2 times (x 77B)
Class com.amazon.ion.IonContainer                                                     : loaded 2 times (x 68B)
Class com.amazon.ion.impl.lite.ValueFactoryLite                                       : loaded 2 times (x 216B)
Class com.amazon.ion.impl._Private_IonWriterBase                                      : loaded 2 times (x 160B)
Class kotlin.coroutines.Continuation                                                  : loaded 2 times (x 68B)
Class [Lorg.objectweb.asm.SymbolTable$Entry;                                          : loaded 2 times (x 67B)
Class kotlin.text.StringsKt__StringNumberConversionsJVMKt                             : loaded 2 times (x 69B)
Class com.google.common.collect.SingletonImmutableBiMap                               : loaded 2 times (x 141B)
Class kotlin.ranges.IntProgression$Companion                                          : loaded 2 times (x 69B)
Class kotlin.TuplesKt                                                                 : loaded 2 times (x 69B)
Class kotlin.text.CharsKt__CharJVMKt                                                  : loaded 2 times (x 69B)
Class com.google.common.collect.FluentIterable$3                                      : loaded 2 times (x 79B)
Class com.google.common.base.Suppliers$MemoizingSupplier                              : loaded 2 times (x 77B)
Class com.google.common.base.Suppliers                                                : loaded 2 times (x 69B)
Class com.amazon.ion.impl._Private_IonTextWriterBuilder$Mutable                       : loaded 2 times (x 99B)
Class com.android.builder.model.v2.ide.AndroidLibraryData                             : loaded 2 times (x 68B)
Class org.jetbrains.plugins.gradle.model.IntelliJProjectSettings                      : loaded 2 times (x 68B)
Class [Lcom.google.common.collect.Iterators$EmptyModifiableIterator;                  : loaded 2 times (x 67B)
Class org.objectweb.asm.ClassVisitor                                                  : loaded 2 times (x 86B)
Class com.amazon.ion.system.IonReaderBuilder                                          : loaded 2 times (x 83B)
Class kotlin.text.StringsKt__IndentKt                                                 : loaded 2 times (x 69B)
Class com.google.common.collect.MapMakerInternalMap$StrongKeyDummyValueEntry          : loaded 2 times (x 80B)
Class com.google.common.cache.LoadingCache                                            : loaded 2 times (x 68B)
Class org.gradle.internal.service.ServiceLookupException                              : loaded 2 times (x 80B)
Class com.google.common.collect.MapMakerInternalMap$StrongKeyDummyValueSegment        : loaded 2 times (x 140B)
Class kotlin.collections.MapsKt__MapWithDefaultKt                                     : loaded 2 times (x 69B)
Class org.jetbrains.kotlin.idea.gradleTooling.model.lombok.LombokModel                : loaded 2 times (x 68B)
Class com.android.builder.model.v2.models.ProjectSyncIssues                           : loaded 2 times (x 68B)
Class com.google.common.base.Present                                                  : loaded 2 times (x 79B)
Class kotlin.collections.EmptySet                                                     : loaded 2 times (x 120B)
Class org.gradle.tooling.model.ProjectIdentifier                                      : loaded 2 times (x 68B)
Class org.gradle.internal.exceptions.NonGradleCauseExceptionsHolder                   : loaded 2 times (x 68B)
Class [Lorg.gradle.api.internal.ClassPathProvider;                                    : loaded 2 times (x 67B)
Class com.google.common.util.concurrent.AbstractFuture$SafeAtomicHelper               : loaded 2 times (x 77B)
Class com.google.common.collect.ImmutableMultimap$Values                              : loaded 2 times (x 124B)
Class org.gradle.internal.operations.MultipleBuildOperationFailures                   : loaded 2 times (x 89B)
Class kotlin.collections.MapsKt                                                       : loaded 2 times (x 69B)
Class org.gradle.util.internal.GUtil                                                  : loaded 2 times (x 69B)
Class org.gradle.tooling.model.internal.ImmutableDomainObjectSet                      : loaded 2 times (x 153B)
Class kotlin.jvm.internal.CollectionToArray                                           : loaded 2 times (x 69B)
Class org.gradle.tooling.internal.adapter.MethodInvoker                               : loaded 2 times (x 68B)
Class org.jetbrains.plugins.gradle.model.AnnotationProcessingModel                    : loaded 2 times (x 68B)
Class com.google.common.math.IntMath                                                  : loaded 2 times (x 69B)
Class org.jetbrains.plugins.gradle.model.ExternalTask                                 : loaded 2 times (x 68B)
Class org.gradle.tooling.model.HierarchicalElement                                    : loaded 2 times (x 68B)
Class com.android.builder.model.v2.ide.BasicArtifact                                  : loaded 2 times (x 68B)
Class com.android.builder.model.v2.ide.Edge                                           : loaded 2 times (x 68B)
Class com.google.common.collect.FluentIterable$2                                      : loaded 2 times (x 79B)
Class com.amazon.ion.system.IonTextWriterBuilder                                      : loaded 2 times (x 95B)
Class org.jetbrains.plugins.gradle.tooling.serialization.ExternalProjectSerializationService$ReadContext: loaded 2 times (x 72B)
Class org.gradle.internal.classloader.ClassLoaderSpec                                 : loaded 2 times (x 69B)
Class com.google.common.io.LineProcessor                                              : loaded 2 times (x 68B)
Class com.android.builder.model.v2.models.ndk.NativeModelBuilderParameter             : loaded 2 times (x 68B)
Class com.android.builder.model.v2.CustomSourceDirectory                              : loaded 2 times (x 68B)
Class com.google.common.collect.FluentIterable$1                                      : loaded 2 times (x 79B)
Class com.google.common.io.CharSink                                                   : loaded 2 times (x 77B)
Class org.objectweb.asm.Frame                                                         : loaded 2 times (x 71B)
Class com.google.common.cache.LocalCache$LocalManualCache                             : loaded 2 times (x 97B)
Class org.gradle.api.internal.classpath.DefaultModuleRegistry                         : loaded 2 times (x 84B)
Class com.google.common.cache.RemovalListener                                         : loaded 2 times (x 68B)
Class com.google.common.io.FileWriteMode                                              : loaded 2 times (x 77B)
Class com.google.common.cache.CacheLoader$1                                           : loaded 2 times (x 73B)
Class com.amazon.ion.impl.bin.Block                                                   : loaded 2 times (x 77B)
Class org.jetbrains.plugins.gradle.model.GradleExtension                              : loaded 2 times (x 68B)
Class [Lcom.google.common.collect.MapMakerInternalMap$Strength;                       : loaded 2 times (x 67B)
Class com.amazon.ion.impl.bin.IonManagedBinaryWriter                                  : loaded 2 times (x 164B)
Class org.gradle.tooling.internal.adapter.ProtocolToModelAdapter$AdaptingMethodInvoker: loaded 2 times (x 74B)
Class com.amazon.ion.impl.IonWriterSystem                                             : loaded 2 times (x 169B)
Class org.jetbrains.plugins.gradle.tooling.util.IntObjectMap                          : loaded 2 times (x 71B)
Class org.gradle.tooling.model.idea.IdeaModuleDependency                              : loaded 2 times (x 68B)
Class [Lcom.amazon.ion.impl.bin.IonManagedBinaryWriter$ImportedSymbolResolverMode;    : loaded 2 times (x 67B)
Class com.google.common.util.concurrent.AbstractFuture$TrustedFuture                  : loaded 2 times (x 95B)
Class org.jetbrains.plugins.gradle.tooling.serialization.RepositoriesModelSerializationService$ReadContext: loaded 2 times (x 70B)
Class com.amazon.ion.impl.bin.IonRawBinaryWriter                                      : loaded 2 times (x 167B)
Class com.amazon.ion.impl._Private_IonSystem                                          : loaded 2 times (x 68B)
Class org.gradle.internal.classloader.InstrumentingClassLoader                        : loaded 2 times (x 68B)
Class com.google.common.collect.MapMakerInternalMap$InternalEntry                     : loaded 2 times (x 68B)
Class org.jetbrains.plugins.gradle.model.BuildScriptClasspathModel                    : loaded 2 times (x 68B)
Class org.jetbrains.kotlin.idea.projectModel.KotlinTaskProperties                     : loaded 2 times (x 68B)
Class com.google.common.collect.Maps$ViewCachingAbstractMap                           : loaded 2 times (x 123B)
Class com.amazon.ion.impl._Private_IonBinaryWriterBuilder                             : loaded 2 times (x 107B)
Class com.google.common.collect.Sets                                                  : loaded 2 times (x 69B)
Class com.amazon.ion.SymbolTable                                                      : loaded 2 times (x 68B)
Class kotlin.text.Regex                                                               : loaded 2 times (x 70B)
Class kotlin.io.FilesKt__UtilsKt                                                      : loaded 2 times (x 69B)
Class org.gradle.internal.classpath.ClassPath                                         : loaded 2 times (x 68B)
Class com.amazon.ion.impl.bin.IonRawBinaryWriter$RecyclingStack                       : loaded 2 times (x 70B)
Class com.amazon.ion.impl.bin.Symbols$1                                               : loaded 2 times (x 75B)
Class sync_studio_tooling2_m6p2ocq2o50k2j00asf7dnnm                                   : loaded 2 times (x 177B)
Class com.google.common.collect.MapMakerInternalMap                                   : loaded 2 times (x 159B)
Class com.google.common.cache.CacheLoader$SupplierToCacheLoader                       : loaded 2 times (x 73B)
Class com.amazon.ion.impl.bin.Symbols$3                                               : loaded 2 times (x 105B)
Class kotlin.coroutines.jvm.internal.SuspendFunction                                  : loaded 2 times (x 68B)
Class com.google.common.collect.ImmutableMapKeySet                                    : loaded 2 times (x 148B)
Class com.google.common.base.MoreObjects                                              : loaded 2 times (x 69B)
Class com.google.common.collect.SortedMapDifference                                   : loaded 2 times (x 68B)
Class com.android.ide.common.repository.GradleVersion$VersionSegment                  : loaded 2 times (x 73B)
Class org.jetbrains.plugins.gradle.model.ExternalFilter                               : loaded 2 times (x 68B)
Class kotlin.collections.ArraysUtilJVM                                                : loaded 2 times (x 69B)
Class org.objectweb.asm.SymbolTable                                                   : loaded 2 times (x 70B)
Class com.amazon.ion.impl.bin.BlockAllocatorProvider                                  : loaded 2 times (x 70B)
Class org.gradle.tooling.internal.adapter.ProtocolToModelAdapter$ViewGraphDetails$1   : loaded 2 times (x 75B)
Class [Lorg.objectweb.asm.AnnotationVisitor;                                          : loaded 2 times (x 67B)
Class com.google.common.cache.CacheStats                                              : loaded 2 times (x 69B)
Class org.objectweb.asm.Attribute                                                     : loaded 2 times (x 75B)
Class com.amazon.ion.IonDatagram                                                      : loaded 2 times (x 68B)
Class kotlin.coroutines.jvm.internal.BaseContinuationImpl                             : loaded 2 times (x 85B)
Class org.gradle.internal.classloader.VisitableURLClassLoader                         : loaded 2 times (x 115B)
Class com.google.common.cache.LocalCache$LocalLoadingCache                            : loaded 2 times (x 132B)
Class [Lcom.amazon.ion.impl.bin.IonManagedBinaryWriter$UserState;                     : loaded 2 times (x 67B)
Class com.google.common.io.CharSource$CharSequenceCharSource                          : loaded 2 times (x 84B)
Class com.google.common.base.Supplier                                                 : loaded 2 times (x 68B)
Class org.jetbrains.plugins.gradle.tooling.serialization.BuildScriptClasspathModelSerializationService: loaded 2 times (x 75B)
Class kotlin.io.FilesKt__FileTreeWalkKt                                               : loaded 2 times (x 69B)
Class com.google.common.collect.ImmutableMultimap$Keys                                : loaded 2 times (x 164B)
Class com.google.common.collect.ImmutableRangeSet$AsSet                               : loaded 2 times (x 233B)
Class com.google.common.util.concurrent.AbstractFuture$AtomicHelper                   : loaded 2 times (x 76B)
Class com.google.common.io.AppendableWriter                                           : loaded 2 times (x 98B)
Class org.gradle.util.internal.DefaultGradleVersion                                   : loaded 2 times (x 82B)
Class com.google.common.hash.PrimitiveSink                                            : loaded 2 times (x 68B)
Class com.google.common.io.CharSource$EmptyCharSource                                 : loaded 2 times (x 84B)
Class org.jetbrains.plugins.gradle.model.GradleProperty                               : loaded 2 times (x 68B)
Class com.amazon.ion.IonStruct                                                        : loaded 2 times (x 68B)
Class com.amazon.ion.impl.lite.IonLobLite                                             : loaded 2 times (x 155B)
Class org.gradle.api.internal.ClassPathRegistry                                       : loaded 2 times (x 68B)
Class com.google.common.cache.LocalCache$EntryFactory                                 : loaded 2 times (x 81B)
Class com.google.common.util.concurrent.UncheckedExecutionException                   : loaded 2 times (x 80B)
Class kotlin.collections.CollectionsKt__IterablesKt                                   : loaded 2 times (x 69B)
Class org.gradle.internal.classloader.VisitableURLClassLoader$InstrumentingVisitableURLClassLoader: loaded 2 times (x 121B)
Class kotlin.coroutines.jvm.internal.DebugProbesKt                                    : loaded 2 times (x 69B)
Class org.gradle.internal.classloader.ClassLoaderHierarchy                            : loaded 2 times (x 68B)
Class org.jetbrains.plugins.gradle.tooling.serialization.BuildScriptClasspathModelSerializationService$WriteContext: loaded 2 times (x 70B)
Class com.android.builder.model.v2.ide.AndroidGradlePluginProjectFlags                : loaded 2 times (x 68B)
Class kotlin.sequences.SequencesKt___SequencesJvmKt                                   : loaded 2 times (x 69B)
Class kotlin.collections.MapsKt__MapsKt                                               : loaded 2 times (x 69B)
Class com.amazon.ion.UnexpectedEofException                                           : loaded 2 times (x 82B)
Class kotlin.collections.ArraysKt                                                     : loaded 2 times (x 69B)
Class org.gradle.internal.exceptions.MultiCauseException                              : loaded 2 times (x 68B)
Class com.amazon.ion.impl.lite.IonSexpLite                                            : loaded 2 times (x 457B)
Class com.amazon.ion.impl.bin.IonManagedBinaryWriter$UserState$1                      : loaded 2 times (x 83B)
Class [Lcom.amazon.ion.impl.bin.IonRawBinaryWriter$ContainerType;                     : loaded 2 times (x 67B)
Class com.amazon.ion.impl.bin.IonManagedBinaryWriter$UserState$2                      : loaded 2 times (x 83B)
Class [Lcom.amazon.ion.impl.bin.IonRawBinaryWriter$StreamCloseMode;                   : loaded 2 times (x 67B)
Class com.android.builder.model.v2.models.VariantDependenciesAdjacencyList            : loaded 2 times (x 68B)
Class com.amazon.ion.impl.bin.IonManagedBinaryWriter$UserState$3                      : loaded 2 times (x 83B)
Class com.amazon.ion.impl.bin.IonManagedBinaryWriter$UserState$4                      : loaded 2 times (x 83B)
Class com.amazon.ion.IonTimestamp                                                     : loaded 2 times (x 68B)
Class kotlin.text.CharsKt__CharKt                                                     : loaded 2 times (x 69B)
Class com.google.common.collect.Lists$ReverseList                                     : loaded 2 times (x 160B)
Class com.google.common.io.Closer$Suppressor                                          : loaded 2 times (x 68B)
Class com.amazon.ion.impl.bin.IonRawBinaryWriter$PatchList$1                          : loaded 2 times (x 81B)
Class org.jetbrains.kotlin.idea.gradleTooling.model.parcelize.ParcelizeGradleModel    : loaded 2 times (x 68B)
Class kotlin.collections.MapsKt___MapsKt                                              : loaded 2 times (x 69B)
Class com.google.common.collect.AbstractMapBasedMultimap$WrappedList                  : loaded 2 times (x 165B)
Class [Lorg.objectweb.asm.Type;                                                       : loaded 2 times (x 67B)
Class org.gradle.tooling.model.kotlin.dsl.KotlinDslScriptModel                        : loaded 2 times (x 68B)
Class com.google.common.collect.MapMakerInternalMap$WeakValueReference                : loaded 2 times (x 68B)
Class com.google.common.collect.Lists$ReverseList$1                                   : loaded 2 times (x 97B)
Class org.jetbrains.plugins.gradle.model.MavenRepositoryModel                         : loaded 2 times (x 68B)
Class kotlin.sequences.TransformingSequence$iterator$1                                : loaded 2 times (x 77B)
Class com.amazon.ion.impl._Private_Utils                                              : loaded 2 times (x 69B)
Class com.google.common.cache.Weigher                                                 : loaded 2 times (x 68B)
Class com.amazon.ion.impl._Private_IonTextWriterBuilder                               : loaded 2 times (x 99B)
Class com.google.common.collect.MapMakerInternalMap$StrongValueEntry                  : loaded 2 times (x 68B)
Class com.google.common.io.ByteSource                                                 : loaded 2 times (x 82B)
Class com.android.builder.model.v2.AndroidModel                                       : loaded 2 times (x 68B)
Class org.jetbrains.plugins.gradle.tooling.serialization.ToolingStreamApiUtils        : loaded 2 times (x 69B)
Class org.gradle.internal.InternalTransformer                                         : loaded 2 times (x 68B)
Class com.google.common.collect.AbstractMapBasedMultimap$AsMap$AsMapEntries           : loaded 2 times (x 136B)
Class com.android.builder.model.v2.ide.LintOptions                                    : loaded 2 times (x 68B)
Class org.jetbrains.kotlin.idea.gradleTooling.model.noarg.NoArgModel                  : loaded 2 times (x 68B)
Class org.jetbrains.kotlin.idea.gradleTooling.KotlinGradleModel                       : loaded 2 times (x 68B)
Class kotlin.sequences.Sequence                                                       : loaded 2 times (x 68B)
Class org.gradle.tooling.internal.gradle.DefaultBuildIdentifier                       : loaded 2 times (x 77B)
Class org.gradle.internal.service.ServiceLocator                                      : loaded 2 times (x 68B)
Class Settings_gradle$1                                                               : loaded 2 times (x 72B)
Class org.jetbrains.plugins.gradle.model.ExternalDependency                           : loaded 2 times (x 68B)
Class com.amazon.ion.impl.bin.IonManagedBinaryWriter$ImportedSymbolResolverMode$1$1$1 : loaded 2 times (x 74B)
Class com.google.common.collect.ImmutableRangeSet$1                                   : loaded 2 times (x 169B)
Class com.google.common.util.concurrent.SettableFuture                                : loaded 2 times (x 95B)
Class org.gradle.internal.impldep.gnu.trove.TObjectHashingStrategy                    : loaded 2 times (x 68B)
Class org.gradle.tooling.internal.adapter.ProtocolToModelAdapter$MethodInvocationCache: loaded 2 times (x 71B)
Class com.amazon.ion.IonString                                                        : loaded 2 times (x 68B)
Class [Lcom.android.builder.model.v2.ide.CodeShrinker;                                : loaded 2 times (x 67B)
Class com.google.common.io.Files$2                                                    : loaded 2 times (x 74B)
Class com.amazon.ion.IonLoader                                                        : loaded 2 times (x 68B)
Class com.android.builder.model.v2.models.Versions$Companion                          : loaded 2 times (x 69B)
Class org.objectweb.asm.ModuleVisitor                                                 : loaded 2 times (x 79B)
Class com.amazon.ion.IonBinaryWriter                                                  : loaded 2 times (x 68B)
Class kotlin.sequences.SequencesKt___SequencesKt$flatMap$2                            : loaded 2 times (x 123B)
Class org.jetbrains.kotlin.idea.gradleTooling.model.allopen.AllOpenModel              : loaded 2 times (x 68B)
Class com.google.common.io.ByteStreams                                                : loaded 2 times (x 69B)
Class kotlin.coroutines.jvm.internal.CoroutineStackFrame                              : loaded 2 times (x 68B)
Class org.jetbrains.plugins.gradle.model.AnnotationProcessingConfig                   : loaded 2 times (x 68B)
Class org.jetbrains.plugins.gradle.tooling.serialization.ExternalTestsSerializationService: loaded 2 times (x 75B)
Class kotlin.internal.ProgressionUtilKt                                               : loaded 2 times (x 69B)
Class com.amazon.ion.impl.lite.IonIntLite                                             : loaded 2 times (x 154B)
Class kotlin.reflect.KFunction                                                        : loaded 2 times (x 68B)
Class com.android.builder.model.v2.dsl.BuildType                                      : loaded 2 times (x 68B)
Class org.jetbrains.plugins.gradle.tooling.serialization.ProjectDependenciesSerializationService$WriteContext: loaded 2 times (x 70B)
Class com.google.common.collect.MapMaker                                              : loaded 2 times (x 70B)
Class com.google.common.io.Closer$SuppressingSuppressor                               : loaded 2 times (x 73B)
Class kotlin.jvm.KotlinReflectionNotSupportedError                                    : loaded 2 times (x 80B)
Class kotlin.io.TerminateException                                                    : loaded 2 times (x 80B)
Class org.gradle.tooling.internal.adapter.WeakIdentityHashMap                         : loaded 2 times (x 74B)
Class com.google.common.collect.ImmutableMultiset                                     : loaded 2 times (x 161B)
Class kotlin.collections.ArraysKt__ArraysJVMKt                                        : loaded 2 times (x 69B)
Class [Lorg.objectweb.asm.Label;                                                      : loaded 2 times (x 67B)
Class org.gradle.internal.classpath.DefaultClassPath$ImmutableUniqueList              : loaded 2 times (x 159B)
Class com.amazon.ion.IonBool                                                          : loaded 2 times (x 68B)
Class com.amazon.ion.impl.bin.IonRawBinaryWriter$ContainerInfo                        : loaded 2 times (x 74B)
Class org.gradle.internal.time.DefaultTimer                                           : loaded 2 times (x 78B)
Class kotlin.collections.AbstractCollection                                           : loaded 2 times (x 115B)
Class com.google.common.collect.ImmutableMultimap$1                                   : loaded 2 times (x 80B)
Class com.google.common.collect.ImmutableMultimap$2                                   : loaded 2 times (x 79B)
Class com.intellij.util.ThrowableConsumer                                             : loaded 2 times (x 68B)
Class org.gradle.internal.classpath.TransformedClassPath                              : loaded 2 times (x 94B)
Class com.google.common.collect.MapDifference                                         : loaded 2 times (x 68B)
Class org.jetbrains.plugins.gradle.tooling.serialization.ExternalProjectSerializationService$WriteContext: loaded 2 times (x 72B)
Class com.amazon.ion.impl.bin.IonManagedBinaryWriter$ImportDescriptor                 : loaded 2 times (x 74B)
Class com.amazon.ion.system.IonBinaryWriterBuilder                                    : loaded 2 times (x 95B)
Class com.google.common.io.ByteSource$EmptyByteSource                                 : loaded 2 times (x 83B)
Class com.android.ide.common.repository.AgpVersion$Companion$WhenMappings             : loaded 2 times (x 69B)
Class sync_studio_tooling2_m6p2ocq2o50k2j00asf7dnnm$_run_closure1                     : loaded 2 times (x 137B)
Class org.jetbrains.kotlin.tooling.core.HasExtras                                     : loaded 2 times (x 68B)
Class com.google.common.collect.Sets$1                                                : loaded 2 times (x 137B)
Class com.google.common.collect.Sets$2                                                : loaded 2 times (x 137B)
Class com.google.common.util.concurrent.AbstractFuture$Trusted                        : loaded 2 times (x 68B)
Class org.gradle.tooling.internal.adapter.ProtocolToModelAdapter$InvocationHandlerImpl: loaded 2 times (x 75B)
Class com.google.common.collect.Sets$3                                                : loaded 2 times (x 137B)
Class com.google.common.graph.SuccessorsFunction                                      : loaded 2 times (x 68B)
Class com.google.common.collect.Sets$4                                                : loaded 2 times (x 137B)
Class org.jetbrains.plugins.gradle.tooling.serialization.AnnotationProcessingModelSerializationService$WriteContext: loaded 2 times (x 70B)
Class kotlin.text.MatcherMatchResult$groups$1                                         : loaded 2 times (x 149B)
Class Settings_gradle                                                                 : loaded 2 times (x 126B)
Class kotlin.text.StringsKt___StringsKt                                               : loaded 2 times (x 69B)
Class org.jetbrains.plugins.gradle.tooling.serialization.internal.IdeaProjectSerializationService$ReadContext: loaded 2 times (x 70B)
Class org.gradle.tooling.model.idea.IdeaLanguageLevel                                 : loaded 2 times (x 68B)
Class kotlin.collections.ArraysKt___ArraysKt$asSequence$$inlined$Sequence$1           : loaded 2 times (x 73B)
Class kotlin.coroutines.intrinsics.CoroutineSingletons                                : loaded 2 times (x 77B)
Class kotlin.Pair                                                                     : loaded 2 times (x 70B)
Class com.google.common.io.ByteSink                                                   : loaded 2 times (x 74B)
Class com.android.utils.StringHelper                                                  : loaded 2 times (x 69B)
Class com.google.common.collect.AbstractMapBasedMultimap$WrappedCollection$WrappedIterator: loaded 2 times (x 82B)
Class com.android.builder.model.v2.ide.BasicVariant                                   : loaded 2 times (x 68B)
Class org.objectweb.asm.MethodWriter                                                  : loaded 2 times (x 104B)
Class com.android.builder.model.v2.ide.SourceSetContainer                             : loaded 2 times (x 68B)
Class com.amazon.ion.impl._Private_Utils$1                                            : loaded 2 times (x 87B)
Class kotlin.collections.AbstractList$Companion                                       : loaded 2 times (x 69B)
Class kotlin.coroutines.intrinsics.IntrinsicsKt                                       : loaded 2 times (x 69B)
Class org.gradle.tooling.internal.adapter.ProtocolToModelAdapter$ViewDecoration       : loaded 2 times (x 68B)
Class kotlin.collections.AbstractList                                                 : loaded 2 times (x 157B)
Class kotlin.sequences.SequencesKt___SequencesKt$sortedWith$1                         : loaded 2 times (x 73B)
Class com.google.common.util.concurrent.ExecutionError                                : loaded 2 times (x 80B)
Class kotlin.collections.AbstractIterator                                             : loaded 2 times (x 81B)
Class com.google.common.io.ByteSink$AsCharSink                                        : loaded 2 times (x 78B)
Class com.google.common.base.Equivalence$Identity                                     : loaded 2 times (x 80B)
Class [Lcom.google.common.collect.MapMakerInternalMap$Segment;                        : loaded 2 times (x 67B)
Class org.gradle.util.GradleVersion                                                   : loaded 2 times (x 81B)
Class kotlin.ranges.IntRange                                                          : loaded 2 times (x 91B)
Class kotlin.collections.SetsKt__SetsKt                                               : loaded 2 times (x 69B)
Class com.google.common.collect.AbstractIterator$1                                    : loaded 2 times (x 69B)
Class com.amazon.ion.ValueFactory                                                     : loaded 2 times (x 68B)
Class com.android.ide.gradle.model.AdditionalClassifierArtifactsModelParameter        : loaded 2 times (x 68B)
Class com.google.common.io.CharSource                                                 : loaded 2 times (x 83B)
Class com.google.common.cache.LocalCache                                              : loaded 2 times (x 185B)
Class com.google.common.collect.ImmutableRangeSet$Builder                             : loaded 2 times (x 75B)
Class kotlin.ranges.IntRange$Companion                                                : loaded 2 times (x 69B)
Class com.amazon.ion.util._Private_FastAppendable                                     : loaded 2 times (x 68B)
Class com.google.common.util.concurrent.AbstractFuture$UnsafeAtomicHelper$1           : loaded 2 times (x 74B)
Class org.gradle.internal.impldep.gnu.trove.TObjectCanonicalHashingStrategy           : loaded 2 times (x 78B)
Class org.gradle.internal.installation.GradleInstallation                             : loaded 2 times (x 73B)
Class org.jetbrains.plugins.gradle.tooling.util.IntObjectMap$ObjectFactory            : loaded 2 times (x 68B)
Class [Lcom.android.builder.model.v2.ide.LibraryType;                                 : loaded 2 times (x 67B)
Class com.google.common.collect.Multiset                                              : loaded 2 times (x 68B)
Class org.jetbrains.plugins.gradle.ExternalDependencyId                               : loaded 2 times (x 68B)
Class com.amazon.ion.impl.lite.IonContainerLite                                       : loaded 2 times (x 244B)
Class com.amazon.ion.impl.lite.IonDecimalLite                                         : loaded 2 times (x 156B)
Class org.jetbrains.plugins.gradle.tooling.util.IntObjectMap$1                        : loaded 2 times (x 75B)
Class [Lcom.amazon.ion.impl.bin.AbstractIonWriter$WriteValueOptimization;             : loaded 2 times (x 67B)
Class com.amazon.ion.Decimal                                                          : loaded 2 times (x 131B)
Class com.amazon.ion.impl.lite.IonTimestampLite                                       : loaded 2 times (x 163B)
Class kotlin.comparisons.ComparisonsKt__ComparisonsKt                                 : loaded 2 times (x 69B)
Class kotlin.collections.EmptyMap                                                     : loaded 2 times (x 107B)
Class org.gradle.tooling.internal.adapter.ProtocolToModelAdapter$ViewGraphDetails     : loaded 2 times (x 70B)
Class org.objectweb.asm.MethodVisitor                                                 : loaded 2 times (x 103B)
Class com.amazon.ion.IonWriter                                                        : loaded 2 times (x 68B)
Class com.google.common.collect.AbstractMapBasedMultimap$KeySet$1                     : loaded 2 times (x 80B)
Class com.amazon.ion.system.IonSystemBuilder                                          : loaded 2 times (x 73B)
Class com.google.common.collect.AbstractMapBasedMultimap                              : loaded 2 times (x 137B)
Class org.gradle.internal.impldep.gnu.trove.Equality                                  : loaded 2 times (x 68B)
Class kotlin.text.RegexKt                                                             : loaded 2 times (x 69B)
Class com.amazon.ion.IonType                                                          : loaded 2 times (x 77B)


---------------  S Y S T E M  ---------------

OS:
 Windows 11 , 64 bit Build 26100 (10.0.26100.8328)
OS uptime: 0 days 5:24 hours
Hyper-V role detected

CPU: total 16 (initial active 16) (8 cores per cpu, 2 threads per core) family 6 model 154 stepping 3 microcode 0x423, cx8, cmov, fxsr, ht, mmx, 3dnowpref, sse, sse2, sse3, ssse3, sse4.1, sse4.2, popcnt, lzcnt, tsc, tscinvbit, avx, avx2, aes, erms, clmul, bmi1, bmi2, adx, sha, fma, vzeroupper, clflush, clflushopt, clwb, hv
Processor Information for processor 0
  Max Mhz: 3100, Current Mhz: 3100, Mhz Limit: 3100
Processor Information for processor 1
  Max Mhz: 3100, Current Mhz: 3100, Mhz Limit: 3100
Processor Information for processor 2
  Max Mhz: 3100, Current Mhz: 3100, Mhz Limit: 3100
Processor Information for processor 3
  Max Mhz: 3100, Current Mhz: 3100, Mhz Limit: 3100
Processor Information for processor 4
  Max Mhz: 3100, Current Mhz: 3100, Mhz Limit: 3100
Processor Information for processor 5
  Max Mhz: 3100, Current Mhz: 3100, Mhz Limit: 3100
Processor Information for processor 6
  Max Mhz: 3100, Current Mhz: 3100, Mhz Limit: 3100
Processor Information for processor 7
  Max Mhz: 3100, Current Mhz: 3100, Mhz Limit: 3100
Processor Information for processor 8
  Max Mhz: 3100, Current Mhz: 2232, Mhz Limit: 2232
Processor Information for processor 9
  Max Mhz: 3100, Current Mhz: 2232, Mhz Limit: 2232
Processor Information for processor 10
  Max Mhz: 3100, Current Mhz: 2232, Mhz Limit: 2232
Processor Information for processor 11
  Max Mhz: 3100, Current Mhz: 1488, Mhz Limit: 2232
Processor Information for processor 12
  Max Mhz: 3100, Current Mhz: 1488, Mhz Limit: 2232
Processor Information for processor 13
  Max Mhz: 3100, Current Mhz: 2232, Mhz Limit: 2232
Processor Information for processor 14
  Max Mhz: 3100, Current Mhz: 1488, Mhz Limit: 2232
Processor Information for processor 15
  Max Mhz: 3100, Current Mhz: 2232, Mhz Limit: 2232

Memory: 4k page, system-wide physical 7896M (382M free)
TotalPageFile size 24280M (AvailPageFile size 88M)
current process WorkingSet (physical memory assigned to process): 554M, peak: 554M
current process commit charge ("private bytes"): 832M, peak: 967M

vm_info: OpenJDK 64-Bit Server VM (17.0.9+0--11185874) for windows-amd64 JRE (17.0.9+0--11185874), built on Dec  6 2023 18:57:44 by "androidbuild" with MS VC++ 16.10 / 16.11 (VS2019)

END.
