#
# There is insufficient memory for the Java Runtime Environment to continue.
# Native memory allocation (mmap) failed to map 8388608 bytes for G1 virtual space
# Possible reasons:
#   The system is out of physical RAM or swap space
#   The process is running with CompressedOops enabled, and the Java Heap may be blocking the growth of the native heap
# Possible solutions:
#   Reduce memory load on the system
#   Increase physical memory or swap space
#   Check if swap backing store is full
#   Decrease Java heap size (-Xmx/-Xms)
#   Decrease number of Java threads
#   Decrease Java thread stack sizes (-Xss)
#   Set larger code cache with -XX:ReservedCodeCacheSize=
#   JVM is running with Unscaled Compressed Oops mode in which the Java heap is
#     placed in the first 4GB address space. The Java Heap base address is the
#     maximum limit for the native heap growth. Please use -XX:HeapBaseMinAddress
#     to set the Java Heap base and to place the Java Heap above 4GB virtual address.
# This output file may be truncated or incomplete.
#
#  Out of Memory Error (os_windows.cpp:3825), pid=11040, tid=35408
#
# JRE version: OpenJDK Runtime Environment (17.0.9) (build 17.0.9+0--11185874)
# Java VM: OpenJDK 64-Bit Server VM (17.0.9+0--11185874, mixed mode, tiered, compressed oops, compressed class ptrs, g1 gc, windows-amd64)
# No core dump will be written. Minidumps are not enabled by default on client versions of Windows
#

---------------  S U M M A R Y ------------

Command Line: --add-opens=java.base/java.lang=ALL-UNNAMED --add-opens=java.base/java.lang.invoke=ALL-UNNAMED --add-opens=java.base/java.util=ALL-UNNAMED --add-opens=java.prefs/java.util.prefs=ALL-UNNAMED --add-exports=jdk.compiler/com.sun.tools.javac.api=ALL-UNNAMED --add-exports=jdk.compiler/com.sun.tools.javac.util=ALL-UNNAMED --add-opens=java.base/java.util=ALL-UNNAMED --add-opens=java.prefs/java.util.prefs=ALL-UNNAMED --add-opens=java.base/java.nio.charset=ALL-UNNAMED --add-opens=java.base/java.net=ALL-UNNAMED --add-opens=java.base/java.util.concurrent.atomic=ALL-UNNAMED --add-opens=java.xml/javax.xml.namespace=ALL-UNNAMED -XX:MaxMetaspaceSize=384m -XX:+HeapDumpOnOutOfMemoryError -Xms256m -Xmx512m -Dfile.encoding=windows-1252 -Duser.country=PH -Duser.language=en -Duser.variant -javaagent:C:\Users\Nicoj\.gradle\wrapper\dists\gradle-8.12-bin\cetblhg4pflnnks72fxwobvgv\gradle-8.12\lib\agents\gradle-instrumentation-agent-8.12.jar org.gradle.launcher.daemon.bootstrap.GradleDaemon 8.12

Host: 12th Gen Intel(R) Core(TM) i5-12500H, 16 cores, 7G,  Windows 11 , 64 bit Build 26100 (10.0.26100.8328)
Time: Wed May  6 00:02:30 2026 Malay Peninsula Standard Time elapsed time: 18.896613 seconds (0d 0h 0m 18s)

---------------  T H R E A D  ---------------

Current thread (0x000002038359efd0):  VMThread "VM Thread" [stack: 0x0000009795f00000,0x0000009796000000] [id=35408]

Stack: [0x0000009795f00000,0x0000009796000000]
Native frames: (J=compiled Java code, j=interpreted, Vv=VM code, C=native code)
V  [jvm.dll+0x6886e9]
V  [jvm.dll+0x841e4a]
V  [jvm.dll+0x843a8e]
V  [jvm.dll+0x8440f3]
V  [jvm.dll+0x24c14f]
V  [jvm.dll+0x685499]
V  [jvm.dll+0x679c2a]
V  [jvm.dll+0x30cf9b]
V  [jvm.dll+0x314446]
V  [jvm.dll+0x36425e]
V  [jvm.dll+0x36448f]
V  [jvm.dll+0x2e2d68]
V  [jvm.dll+0x2e5e56]
V  [jvm.dll+0x2f066a]
V  [jvm.dll+0x325610]
V  [jvm.dll+0x8487eb]
V  [jvm.dll+0x849531]
V  [jvm.dll+0x849a4d]
V  [jvm.dll+0x849e24]
V  [jvm.dll+0x849ef0]
V  [jvm.dll+0x7f06aa]
V  [jvm.dll+0x687565]
C  [ucrtbase.dll+0x37b0]
C  [KERNEL32.DLL+0x2e957]
C  [ntdll.dll+0x427c]

VM_Operation (0x0000009795bff5a0): G1PauseRemark, mode: safepoint, requested by thread 0x00000203ea841ab0


---------------  P R O C E S S  ---------------

Threads class SMR info:
_java_thread_list=0x000002038d9035d0, length=141, elements={
0x00000203ea80efe0, 0x000002038359f900, 0x0000020383739420, 0x00000203837673a0,
0x0000020383767c70, 0x0000020383768540, 0x0000020383768e10, 0x000002038376e040,
0x000002038376e950, 0x0000020383793430, 0x0000020383580970, 0x0000020383a4f840,
0x0000020388edc190, 0x0000020388edd0c0, 0x0000020388edc6a0, 0x0000020388edd5d0,
0x0000020388ede500, 0x0000020388edb260, 0x0000020388eddae0, 0x0000020388eddff0,
0x0000020388edea10, 0x0000020388edb770, 0x000002038adc36e0, 0x000002038adc31d0,
0x000002038adc5a50, 0x000002038adc5030, 0x000002038adc6980, 0x000002038adc4610,
0x000002038adc3bf0, 0x000002038adc6e90, 0x000002038adc6470, 0x000002038adc5f60,
0x000002038adc73a0, 0x000002038adc78b0, 0x000002038adc4100, 0x000002038adc87e0,
0x000002038adca130, 0x000002038adca640, 0x000002038adc7dc0, 0x000002038adc9710,
0x000002038adc82d0, 0x000002038adcab50, 0x000002038adc8cf0, 0x000002038adc9200,
0x000002038adc9c20, 0x000002038b1ceb60, 0x000002038b1cf070, 0x000002038b1d13e0,
0x000002038b1cdc30, 0x000002038b1ce650, 0x000002038b1ce140, 0x000002038b1d3240,
0x000002038b1d50a0, 0x000002038b1d3c60, 0x000002038b1d4170, 0x000002038b1d1e00,
0x000002038b1d4680, 0x000002038b1d3750, 0x000002038b1d4b90, 0x000002038b1d55b0,
0x000002038b1d2310, 0x000002038b1d2820, 0x000002038b1d2d30, 0x0000020388edbc80,
0x000002038bee28a0, 0x000002038bee4c10, 0x000002038bee1e80, 0x000002038bee5120,
0x000002038bee2390, 0x000002038bee41f0, 0x000002038bee6560, 0x000002038bee5630,
0x000002038bee5b40, 0x000002038bee6050, 0x000002038bee4700, 0x000002038bee6a70,
0x000002038bee32c0, 0x000002038bee6f80, 0x000002038bee37d0, 0x000002038bee79a0,
0x000002038bee7490, 0x000002038bee7eb0, 0x000002038bee92f0, 0x000002038bee83c0,
0x000002038bee88d0, 0x000002038bee8de0, 0x000002038bee9800, 0x000002038d156cb0,
0x000002038d153f20, 0x000002038d155870, 0x000002038d154e50, 0x000002038d155360,
0x000002038d1571c0, 0x000002038d154430, 0x000002038d154940, 0x000002038d159530,
0x000002038d1567a0, 0x000002038d159020, 0x000002038d155d80, 0x000002038d159a40,
0x000002038d157be0, 0x000002038d1576d0, 0x000002038d156290, 0x000002038d159f50,
0x000002038d15a460, 0x000002038d158b10, 0x000002038d15a970, 0x000002038d15ae80,
0x000002038d15b8a0, 0x000002038d1580f0, 0x000002038d15b390, 0x000002038d158600,
0x000002038ca8f1e0, 0x000002038ca8dda0, 0x00000203893dd150, 0x00000203893db800,
0x000002038e0891f0, 0x000002038eb274c0, 0x0000020388286290, 0x0000020388285d80,
0x00000203882876d0, 0x00000203882867a0, 0x000002038c503030, 0x000002038c502100,
0x00000203893dbd10, 0x0000020388286cb0, 0x00000203882871c0, 0x0000020388143b40,
0x00000203881421f0, 0x0000020388143120, 0x0000020388142700, 0x0000020388142c10,
0x000002038c503540, 0x000002038ca8e7c0, 0x000002038eb26080, 0x0000020388b472c0,
0x000002038eb26fb0, 0x000002038a3bce70, 0x000002038e9397a0, 0x000002038e93c540,
0x000002038cc7c870
}

Java Threads: ( => current thread )
  0x00000203ea80efe0 JavaThread "main" [_thread_blocked, id=36196, stack(0x0000009795900000,0x0000009795a00000)]
  0x000002038359f900 JavaThread "Reference Handler" daemon [_thread_blocked, id=2664, stack(0x0000009796000000,0x0000009796100000)]
  0x0000020383739420 JavaThread "Finalizer" daemon [_thread_blocked, id=25888, stack(0x0000009796100000,0x0000009796200000)]
  0x00000203837673a0 JavaThread "Signal Dispatcher" daemon [_thread_blocked, id=21304, stack(0x0000009796200000,0x0000009796300000)]
  0x0000020383767c70 JavaThread "Attach Listener" daemon [_thread_blocked, id=20812, stack(0x0000009796300000,0x0000009796400000)]
  0x0000020383768540 JavaThread "Service Thread" daemon [_thread_blocked, id=29060, stack(0x0000009796400000,0x0000009796500000)]
  0x0000020383768e10 JavaThread "Monitor Deflation Thread" daemon [_thread_blocked, id=3540, stack(0x0000009796500000,0x0000009796600000)]
  0x000002038376e040 JavaThread "C2 CompilerThread0" daemon [_thread_blocked, id=33872, stack(0x0000009796600000,0x0000009796700000)]
  0x000002038376e950 JavaThread "C1 CompilerThread0" daemon [_thread_blocked, id=2032, stack(0x0000009796700000,0x0000009796800000)]
  0x0000020383793430 JavaThread "Sweeper thread" daemon [_thread_blocked, id=2292, stack(0x0000009796800000,0x0000009796900000)]
  0x0000020383580970 JavaThread "Common-Cleaner" daemon [_thread_blocked, id=27068, stack(0x0000009796900000,0x0000009796a00000)]
  0x0000020383a4f840 JavaThread "Notification Thread" daemon [_thread_blocked, id=34388, stack(0x0000009796c00000,0x0000009796d00000)]
  0x0000020388edc190 JavaThread "Daemon health stats" [_thread_blocked, id=28396, stack(0x0000009797400000,0x0000009797500000)]
  0x0000020388edd0c0 JavaThread "Incoming local TCP Connector on port 64924" [_thread_in_native, id=34068, stack(0x0000009797500000,0x0000009797600000)]
  0x0000020388edc6a0 JavaThread "Daemon periodic checks" [_thread_blocked, id=28944, stack(0x0000009797600000,0x0000009797700000)]
  0x0000020388edd5d0 JavaThread "Daemon" [_thread_blocked, id=34308, stack(0x0000009797800000,0x0000009797900000)]
  0x0000020388ede500 JavaThread "Handler for socket connection from /127.0.0.1:64924 to /127.0.0.1:64925" [_thread_in_native, id=36524, stack(0x0000009797900000,0x0000009797a00000)]
  0x0000020388edb260 JavaThread "Cancel handler" [_thread_blocked, id=5996, stack(0x0000009797a00000,0x0000009797b00000)]
  0x0000020388eddae0 JavaThread "Daemon worker" [_thread_blocked, id=2400, stack(0x0000009797b00000,0x0000009797c00000)]
  0x0000020388eddff0 JavaThread "Asynchronous log dispatcher for DefaultDaemonConnection: socket connection from /127.0.0.1:64924 to /127.0.0.1:64925" [_thread_blocked, id=35776, stack(0x0000009797c00000,0x0000009797d00000)]
  0x0000020388edea10 JavaThread "Stdin handler" [_thread_blocked, id=25736, stack(0x0000009797d00000,0x0000009797e00000)]
  0x0000020388edb770 JavaThread "Daemon client event forwarder" [_thread_blocked, id=3896, stack(0x0000009797e00000,0x0000009797f00000)]
  0x000002038adc36e0 JavaThread "Cache worker for journal cache (C:\Users\Nicoj\.gradle\caches\journal-1)" [_thread_blocked, id=25828, stack(0x0000009798800000,0x0000009798900000)]
  0x000002038adc31d0 JavaThread "File lock request listener" [_thread_in_native, id=21388, stack(0x0000009798900000,0x0000009798a00000)]
  0x000002038adc5a50 JavaThread "Cache worker for file hash cache (C:\Users\Nicoj\.gradle\caches\8.12\fileHashes)" [_thread_blocked, id=30648, stack(0x0000009797700000,0x0000009797800000)]
  0x000002038adc5030 JavaThread "Cache worker for file hash cache (C:\Users\Nicoj\OneDrive\Desktop\IT342-Colo-BookBud\mobile\BookBud\.gradle\8.12\fileHashes)" [_thread_blocked, id=1164, stack(0x0000009798b00000,0x0000009798c00000)]
  0x000002038adc6980 JavaThread "Cache worker for Build Output Cleanup Cache (C:\Users\Nicoj\OneDrive\Desktop\IT342-Colo-BookBud\mobile\BookBud\.gradle\buildOutputCleanup)" [_thread_blocked, id=37832, stack(0x0000009798c00000,0x0000009798d00000)]
  0x000002038adc4610 JavaThread "File watcher server" daemon [_thread_in_native, id=16600, stack(0x0000009798d00000,0x0000009798e00000)]
  0x000002038adc3bf0 JavaThread "File watcher consumer" daemon [_thread_blocked, id=30316, stack(0x0000009798e00000,0x0000009798f00000)]
  0x000002038adc6e90 JavaThread "jar transforms" [_thread_blocked, id=32228, stack(0x0000009798f00000,0x0000009799000000)]
  0x000002038adc6470 JavaThread "jar transforms Thread 2" [_thread_blocked, id=2368, stack(0x0000009799000000,0x0000009799100000)]
  0x000002038adc5f60 JavaThread "jar transforms Thread 3" [_thread_blocked, id=22924, stack(0x0000009799100000,0x0000009799200000)]
  0x000002038adc73a0 JavaThread "jar transforms Thread 4" [_thread_blocked, id=36824, stack(0x0000009799200000,0x0000009799300000)]
  0x000002038adc78b0 JavaThread "jar transforms Thread 5" [_thread_blocked, id=31644, stack(0x0000009799300000,0x0000009799400000)]
  0x000002038adc4100 JavaThread "jar transforms Thread 6" [_thread_blocked, id=27556, stack(0x0000009799400000,0x0000009799500000)]
  0x000002038adc87e0 JavaThread "jar transforms Thread 7" [_thread_blocked, id=26024, stack(0x0000009799500000,0x0000009799600000)]
  0x000002038adca130 JavaThread "jar transforms Thread 8" [_thread_blocked, id=35052, stack(0x0000009799600000,0x0000009799700000)]
  0x000002038adca640 JavaThread "jar transforms Thread 9" [_thread_blocked, id=29980, stack(0x0000009799700000,0x0000009799800000)]
  0x000002038adc7dc0 JavaThread "jar transforms Thread 10" [_thread_blocked, id=33076, stack(0x0000009799800000,0x0000009799900000)]
  0x000002038adc9710 JavaThread "jar transforms Thread 11" [_thread_blocked, id=29184, stack(0x0000009799900000,0x0000009799a00000)]
  0x000002038adc82d0 JavaThread "jar transforms Thread 12" [_thread_blocked, id=28668, stack(0x0000009799a00000,0x0000009799b00000)]
  0x000002038adcab50 JavaThread "jar transforms Thread 13" [_thread_blocked, id=29636, stack(0x0000009799b00000,0x0000009799c00000)]
  0x000002038adc8cf0 JavaThread "jar transforms Thread 14" [_thread_blocked, id=4304, stack(0x0000009799c00000,0x0000009799d00000)]
  0x000002038adc9200 JavaThread "jar transforms Thread 15" [_thread_blocked, id=32032, stack(0x0000009799d00000,0x0000009799e00000)]
  0x000002038adc9c20 JavaThread "jar transforms Thread 16" [_thread_blocked, id=27936, stack(0x0000009799e00000,0x0000009799f00000)]
  0x000002038b1ceb60 JavaThread "Cache worker for checksums cache (C:\Users\Nicoj\OneDrive\Desktop\IT342-Colo-BookBud\mobile\BookBud\.gradle\8.12\checksums)" [_thread_blocked, id=31500, stack(0x0000009799f00000,0x000000979a000000)]
  0x000002038b1cf070 JavaThread "Cache worker for file content cache (C:\Users\Nicoj\.gradle\caches\8.12\fileContent)" [_thread_blocked, id=20800, stack(0x000000979a000000,0x000000979a100000)]
  0x000002038b1d13e0 JavaThread "Cache worker for cache directory md-rule (C:\Users\Nicoj\.gradle\caches\8.12\md-rule)" [_thread_blocked, id=18700, stack(0x000000979a100000,0x000000979a200000)]
  0x000002038b1cdc30 JavaThread "Cache worker for cache directory md-supplier (C:\Users\Nicoj\.gradle\caches\8.12\md-supplier)" [_thread_blocked, id=29892, stack(0x000000979a200000,0x000000979a300000)]
  0x000002038b1ce650 JavaThread "Unconstrained build operations" [_thread_blocked, id=36600, stack(0x000000979a300000,0x000000979a400000)]
  0x000002038b1ce140 JavaThread "Unconstrained build operations Thread 2" [_thread_blocked, id=37616, stack(0x000000979a400000,0x000000979a500000)]
  0x000002038b1d3240 JavaThread "Unconstrained build operations Thread 3" [_thread_blocked, id=2456, stack(0x000000979a500000,0x000000979a600000)]
  0x000002038b1d50a0 JavaThread "Unconstrained build operations Thread 4" [_thread_blocked, id=12632, stack(0x000000979a600000,0x000000979a700000)]
  0x000002038b1d3c60 JavaThread "Unconstrained build operations Thread 5" [_thread_blocked, id=31632, stack(0x000000979a700000,0x000000979a800000)]
  0x000002038b1d4170 JavaThread "Unconstrained build operations Thread 6" [_thread_blocked, id=29272, stack(0x000000979a800000,0x000000979a900000)]
  0x000002038b1d1e00 JavaThread "Unconstrained build operations Thread 7" [_thread_blocked, id=32472, stack(0x000000979a900000,0x000000979aa00000)]
  0x000002038b1d4680 JavaThread "Unconstrained build operations Thread 8" [_thread_blocked, id=35836, stack(0x000000979aa00000,0x000000979ab00000)]
  0x000002038b1d3750 JavaThread "Unconstrained build operations Thread 9" [_thread_blocked, id=32936, stack(0x000000979ab00000,0x000000979ac00000)]
  0x000002038b1d4b90 JavaThread "Unconstrained build operations Thread 10" [_thread_blocked, id=17284, stack(0x000000979ac00000,0x000000979ad00000)]
  0x000002038b1d55b0 JavaThread "Unconstrained build operations Thread 11" [_thread_blocked, id=36448, stack(0x000000979ad00000,0x000000979ae00000)]
  0x000002038b1d2310 JavaThread "Unconstrained build operations Thread 12" [_thread_blocked, id=18320, stack(0x000000979ae00000,0x000000979af00000)]
  0x000002038b1d2820 JavaThread "Unconstrained build operations Thread 13" [_thread_blocked, id=33596, stack(0x000000979af00000,0x000000979b000000)]
  0x000002038b1d2d30 JavaThread "Unconstrained build operations Thread 14" [_thread_blocked, id=2352, stack(0x000000979b000000,0x000000979b100000)]
  0x0000020388edbc80 JavaThread "Unconstrained build operations Thread 15" [_thread_blocked, id=24764, stack(0x000000979b100000,0x000000979b200000)]
  0x000002038bee28a0 JavaThread "Unconstrained build operations Thread 16" [_thread_blocked, id=32916, stack(0x000000979b200000,0x000000979b300000)]
  0x000002038bee4c10 JavaThread "Unconstrained build operations Thread 17" [_thread_blocked, id=27816, stack(0x000000979b300000,0x000000979b400000)]
  0x000002038bee1e80 JavaThread "Unconstrained build operations Thread 18" [_thread_blocked, id=2552, stack(0x000000979b400000,0x000000979b500000)]
  0x000002038bee5120 JavaThread "Unconstrained build operations Thread 19" [_thread_blocked, id=34248, stack(0x000000979b500000,0x000000979b600000)]
  0x000002038bee2390 JavaThread "Unconstrained build operations Thread 20" [_thread_blocked, id=29628, stack(0x000000979b600000,0x000000979b700000)]
  0x000002038bee41f0 JavaThread "Unconstrained build operations Thread 21" [_thread_blocked, id=22360, stack(0x000000979b700000,0x000000979b800000)]
  0x000002038bee6560 JavaThread "Unconstrained build operations Thread 22" [_thread_blocked, id=3564, stack(0x000000979b800000,0x000000979b900000)]
  0x000002038bee5630 JavaThread "Unconstrained build operations Thread 23" [_thread_blocked, id=9112, stack(0x000000979b900000,0x000000979ba00000)]
  0x000002038bee5b40 JavaThread "Unconstrained build operations Thread 24" [_thread_blocked, id=27700, stack(0x000000979ba00000,0x000000979bb00000)]
  0x000002038bee6050 JavaThread "Unconstrained build operations Thread 25" [_thread_blocked, id=25620, stack(0x000000979bb00000,0x000000979bc00000)]
  0x000002038bee4700 JavaThread "Unconstrained build operations Thread 26" [_thread_blocked, id=32812, stack(0x000000979bc00000,0x000000979bd00000)]
  0x000002038bee6a70 JavaThread "Unconstrained build operations Thread 27" [_thread_blocked, id=468, stack(0x000000979bd00000,0x000000979be00000)]
  0x000002038bee32c0 JavaThread "Unconstrained build operations Thread 28" [_thread_blocked, id=37848, stack(0x000000979be00000,0x000000979bf00000)]
  0x000002038bee6f80 JavaThread "Unconstrained build operations Thread 29" [_thread_blocked, id=20804, stack(0x000000979bf00000,0x000000979c000000)]
  0x000002038bee37d0 JavaThread "Unconstrained build operations Thread 30" [_thread_blocked, id=34608, stack(0x000000979c000000,0x000000979c100000)]
  0x000002038bee79a0 JavaThread "Unconstrained build operations Thread 31" [_thread_blocked, id=36696, stack(0x000000979c100000,0x000000979c200000)]
  0x000002038bee7490 JavaThread "Unconstrained build operations Thread 32" [_thread_blocked, id=13360, stack(0x000000979c200000,0x000000979c300000)]
  0x000002038bee7eb0 JavaThread "Unconstrained build operations Thread 33" [_thread_blocked, id=35592, stack(0x000000979c300000,0x000000979c400000)]
  0x000002038bee92f0 JavaThread "Unconstrained build operations Thread 34" [_thread_blocked, id=12704, stack(0x000000979c400000,0x000000979c500000)]
  0x000002038bee83c0 JavaThread "Unconstrained build operations Thread 35" [_thread_blocked, id=34152, stack(0x000000979c500000,0x000000979c600000)]
  0x000002038bee88d0 JavaThread "Unconstrained build operations Thread 36" [_thread_blocked, id=16984, stack(0x000000979c600000,0x000000979c700000)]
  0x000002038bee8de0 JavaThread "Unconstrained build operations Thread 37" [_thread_blocked, id=13832, stack(0x000000979c700000,0x000000979c800000)]
  0x000002038bee9800 JavaThread "Unconstrained build operations Thread 38" [_thread_blocked, id=29016, stack(0x000000979c800000,0x000000979c900000)]
  0x000002038d156cb0 JavaThread "Unconstrained build operations Thread 39" [_thread_blocked, id=29652, stack(0x000000979c900000,0x000000979ca00000)]
  0x000002038d153f20 JavaThread "Unconstrained build operations Thread 40" [_thread_blocked, id=22016, stack(0x000000979ca00000,0x000000979cb00000)]
  0x000002038d155870 JavaThread "Unconstrained build operations Thread 41" [_thread_blocked, id=29028, stack(0x000000979cb00000,0x000000979cc00000)]
  0x000002038d154e50 JavaThread "Unconstrained build operations Thread 42" [_thread_blocked, id=1800, stack(0x000000979cc00000,0x000000979cd00000)]
  0x000002038d155360 JavaThread "Unconstrained build operations Thread 43" [_thread_blocked, id=2076, stack(0x000000979cd00000,0x000000979ce00000)]
  0x000002038d1571c0 JavaThread "Unconstrained build operations Thread 44" [_thread_blocked, id=34996, stack(0x000000979ce00000,0x000000979cf00000)]
  0x000002038d154430 JavaThread "Unconstrained build operations Thread 45" [_thread_blocked, id=37152, stack(0x000000979cf00000,0x000000979d000000)]
  0x000002038d154940 JavaThread "Unconstrained build operations Thread 46" [_thread_blocked, id=35236, stack(0x000000979d000000,0x000000979d100000)]
  0x000002038d159530 JavaThread "Unconstrained build operations Thread 47" [_thread_blocked, id=21464, stack(0x000000979d100000,0x000000979d200000)]
  0x000002038d1567a0 JavaThread "Unconstrained build operations Thread 48" [_thread_blocked, id=2372, stack(0x000000979d200000,0x000000979d300000)]
  0x000002038d159020 JavaThread "Unconstrained build operations Thread 49" [_thread_blocked, id=21048, stack(0x000000979d300000,0x000000979d400000)]
  0x000002038d155d80 JavaThread "Unconstrained build operations Thread 50" [_thread_blocked, id=34692, stack(0x000000979d400000,0x000000979d500000)]
  0x000002038d159a40 JavaThread "Unconstrained build operations Thread 51" [_thread_blocked, id=17316, stack(0x000000979d500000,0x000000979d600000)]
  0x000002038d157be0 JavaThread "Unconstrained build operations Thread 52" [_thread_blocked, id=20808, stack(0x000000979d600000,0x000000979d700000)]
  0x000002038d1576d0 JavaThread "Unconstrained build operations Thread 53" [_thread_blocked, id=29532, stack(0x000000979d700000,0x000000979d800000)]
  0x000002038d156290 JavaThread "Unconstrained build operations Thread 54" [_thread_blocked, id=34120, stack(0x000000979d800000,0x000000979d900000)]
  0x000002038d159f50 JavaThread "Unconstrained build operations Thread 55" [_thread_blocked, id=29208, stack(0x000000979d900000,0x000000979da00000)]
  0x000002038d15a460 JavaThread "Unconstrained build operations Thread 56" [_thread_blocked, id=16628, stack(0x000000979da00000,0x000000979db00000)]
  0x000002038d158b10 JavaThread "Unconstrained build operations Thread 57" [_thread_blocked, id=25400, stack(0x000000979db00000,0x000000979dc00000)]
  0x000002038d15a970 JavaThread "Unconstrained build operations Thread 58" [_thread_blocked, id=35736, stack(0x000000979dc00000,0x000000979dd00000)]
  0x000002038d15ae80 JavaThread "Unconstrained build operations Thread 59" [_thread_blocked, id=9780, stack(0x000000979dd00000,0x000000979de00000)]
  0x000002038d15b8a0 JavaThread "Unconstrained build operations Thread 60" [_thread_blocked, id=30064, stack(0x000000979de00000,0x000000979df00000)]
  0x000002038d1580f0 JavaThread "Unconstrained build operations Thread 61" [_thread_blocked, id=4752, stack(0x000000979df00000,0x000000979e000000)]
  0x000002038d15b390 JavaThread "Unconstrained build operations Thread 62" [_thread_blocked, id=35812, stack(0x000000979e000000,0x000000979e100000)]
  0x000002038d158600 JavaThread "Unconstrained build operations Thread 63" [_thread_blocked, id=31072, stack(0x000000979e100000,0x000000979e200000)]
  0x000002038ca8f1e0 JavaThread "Unconstrained build operations Thread 64" [_thread_blocked, id=34100, stack(0x000000979e200000,0x000000979e300000)]
  0x000002038ca8dda0 JavaThread "Memory manager" [_thread_blocked, id=23608, stack(0x000000979e300000,0x000000979e400000)]
  0x00000203893dd150 JavaThread "build event listener" [_thread_blocked, id=28652, stack(0x000000979e500000,0x000000979e600000)]
  0x00000203893db800 JavaThread "Problems report writer" [_thread_blocked, id=3624, stack(0x000000979e600000,0x000000979e700000)]
  0x000002038e0891f0 JavaThread "pool-3-thread-1" [_thread_blocked, id=29852, stack(0x000000979e800000,0x000000979e900000)]
  0x000002038eb274c0 JavaThread "included builds" [_thread_blocked, id=35744, stack(0x000000979ea00000,0x000000979eb00000)]
  0x0000020388286290 JavaThread "Execution worker" [_thread_blocked, id=22096, stack(0x000000979eb00000,0x000000979ec00000)]
  0x0000020388285d80 JavaThread "Execution worker Thread 2" [_thread_blocked, id=26704, stack(0x000000979ec00000,0x000000979ed00000)]
  0x00000203882876d0 JavaThread "Execution worker Thread 3" [_thread_blocked, id=34240, stack(0x000000979ed00000,0x000000979ee00000)]
  0x00000203882867a0 JavaThread "Execution worker Thread 4" [_thread_blocked, id=472, stack(0x000000979ee00000,0x000000979ef00000)]
  0x000002038c503030 JavaThread "Execution worker Thread 5" [_thread_blocked, id=1404, stack(0x000000979ef00000,0x000000979f000000)]
  0x000002038c502100 JavaThread "Execution worker Thread 6" [_thread_blocked, id=22328, stack(0x000000979f000000,0x000000979f100000)]
  0x00000203893dbd10 JavaThread "Execution worker Thread 7" [_thread_blocked, id=6700, stack(0x000000979f100000,0x000000979f200000)]
  0x0000020388286cb0 JavaThread "Execution worker Thread 8" [_thread_blocked, id=31012, stack(0x000000979f200000,0x000000979f300000)]
  0x00000203882871c0 JavaThread "Execution worker Thread 9" [_thread_blocked, id=17956, stack(0x000000979f300000,0x000000979f400000)]
  0x0000020388143b40 JavaThread "Execution worker Thread 10" [_thread_blocked, id=20864, stack(0x000000979f400000,0x000000979f500000)]
  0x00000203881421f0 JavaThread "Execution worker Thread 11" [_thread_blocked, id=35880, stack(0x000000979f500000,0x000000979f600000)]
  0x0000020388143120 JavaThread "Execution worker Thread 12" [_thread_blocked, id=15012, stack(0x000000979f600000,0x000000979f700000)]
  0x0000020388142700 JavaThread "Execution worker Thread 13" [_thread_blocked, id=14696, stack(0x000000979f700000,0x000000979f800000)]
  0x0000020388142c10 JavaThread "Execution worker Thread 14" [_thread_blocked, id=36780, stack(0x000000979f800000,0x000000979f900000)]
  0x000002038c503540 JavaThread "Execution worker Thread 15" [_thread_blocked, id=30708, stack(0x000000979f900000,0x000000979fa00000)]
  0x000002038ca8e7c0 JavaThread "Cache worker for execution history cache (C:\Users\Nicoj\OneDrive\Desktop\IT342-Colo-BookBud\mobile\BookBud\.gradle\8.12\executionHistory)" [_thread_blocked, id=36744, stack(0x000000979fa00000,0x000000979fb00000)]
  0x000002038eb26080 JavaThread "idea-tooling-model-converter" [_thread_blocked, id=20632, stack(0x000000979e900000,0x000000979ea00000)]
  0x0000020388b472c0 JavaThread "C1 CompilerThread1" daemon [_thread_blocked, id=16444, stack(0x0000009796b00000,0x0000009796c00000)]
  0x000002038eb26fb0 JavaThread "Unconstrained build operations Thread 65" [_thread_blocked, id=26144, stack(0x0000009796e00000,0x0000009796f00000)]
  0x000002038a3bce70 JavaThread "C2 CompilerThread1" daemon [_thread_blocked, id=3344, stack(0x0000009796a00000,0x0000009796b00000)]
  0x000002038e9397a0 JavaThread "C2 CompilerThread2" daemon [_thread_blocked, id=33928, stack(0x0000009798a00000,0x0000009798b00000)]
  0x000002038e93c540 JavaThread "C1 CompilerThread2" daemon [_thread_blocked, id=16976, stack(0x000000979e700000,0x000000979e800000)]
  0x000002038cc7c870 JavaThread "C1 CompilerThread3" daemon [_thread_blocked, id=30240, stack(0x000000979fb00000,0x000000979fc00000)]

Other Threads:
=>0x000002038359efd0 VMThread "VM Thread" [stack: 0x0000009795f00000,0x0000009796000000] [id=35408]
  0x00000203839dd190 WatcherThread [stack: 0x0000009796d00000,0x0000009796e00000] [id=31848]
  0x00000203ea83cc50 GCTaskThread "GC Thread#0" [stack: 0x0000009795a00000,0x0000009795b00000] [id=26380]
  0x00000203886a6630 GCTaskThread "GC Thread#1" [stack: 0x0000009796f00000,0x0000009797000000] [id=37164]
  0x00000203883a34f0 GCTaskThread "GC Thread#2" [stack: 0x0000009797000000,0x0000009797100000] [id=8392]
  0x0000020388110040 GCTaskThread "GC Thread#3" [stack: 0x0000009797100000,0x0000009797200000] [id=34648]
  0x00000203885ef330 GCTaskThread "GC Thread#4" [stack: 0x0000009797200000,0x0000009797300000] [id=37564]
  0x00000203885ef5f0 GCTaskThread "GC Thread#5" [stack: 0x0000009797300000,0x0000009797400000] [id=29128]
  0x0000020389e3f730 GCTaskThread "GC Thread#6" [stack: 0x0000009797f00000,0x0000009798000000] [id=35276]
  0x000002038a1f59a0 GCTaskThread "GC Thread#7" [stack: 0x0000009798000000,0x0000009798100000] [id=24628]
  0x00000203897cecd0 GCTaskThread "GC Thread#8" [stack: 0x0000009798100000,0x0000009798200000] [id=16544]
  0x00000203898f61f0 GCTaskThread "GC Thread#9" [stack: 0x0000009798200000,0x0000009798300000] [id=32408]
  0x000002038a106140 GCTaskThread "GC Thread#10" [stack: 0x0000009798300000,0x0000009798400000] [id=29956]
  0x000002038ad887a0 GCTaskThread "GC Thread#11" [stack: 0x0000009798400000,0x0000009798500000] [id=20840]
  0x0000020388db2b70 GCTaskThread "GC Thread#12" [stack: 0x0000009798500000,0x0000009798600000] [id=3992]
  0x00000203ea841ab0 ConcurrentGCThread "G1 Main Marker" [stack: 0x0000009795b00000,0x0000009795c00000] [id=21548]
  0x00000203ea8440c0 ConcurrentGCThread "G1 Conc#0" [stack: 0x0000009795c00000,0x0000009795d00000] [id=30840]
  0x0000020388d9b760 ConcurrentGCThread "G1 Conc#1" [stack: 0x0000009798600000,0x0000009798700000] [id=28608]
  0x00000203894357f0 ConcurrentGCThread "G1 Conc#2" [stack: 0x0000009798700000,0x0000009798800000] [id=17516]
  0x000002038344e5e0 ConcurrentGCThread "G1 Refine#0" [stack: 0x0000009795d00000,0x0000009795e00000] [id=33564]
  0x0000020389ec1410 ConcurrentGCThread "G1 Refine#1" [stack: 0x000000979e400000,0x000000979e500000] [id=30504]
  0x000002038344edc0 ConcurrentGCThread "G1 Service" [stack: 0x0000009795e00000,0x0000009795f00000] [id=21004]

Threads with active compile tasks:

VM state: at safepoint (normal execution)

VM Mutex/Monitor currently owned by a thread:  ([mutex/lock_event])
[0x00000203ea2a0f10] Threads_lock - owner thread: 0x000002038359efd0
[0x00000203ea80c140] Heap_lock - owner thread: 0x00000203ea841ab0

Heap address: 0x00000000e0000000, size: 512 MB, Compressed Oops mode: 32-bit

CDS archive(s) not mapped
Compressed class space mapped at: 0x0000000100000000-0x0000000114000000, reserved size: 335544320
Narrow klass base: 0x0000000000000000, Narrow klass shift: 3, Narrow klass range: 0x114000000

GC Precious Log:
 CPUs: 16 total, 16 available
 Memory: 7896M
 Large Page Support: Disabled
 NUMA Support: Disabled
 Compressed Oops: Enabled (32-bit)
 Heap Region Size: 1M
 Heap Min Capacity: 256M
 Heap Initial Capacity: 256M
 Heap Max Capacity: 512M
 Pre-touch: Disabled
 Parallel Workers: 13
 Concurrent Workers: 3
 Concurrent Refinement Workers: 13
 Periodic GC: Disabled

Heap:
 garbage-first heap   total 262144K, used 159327K [0x00000000e0000000, 0x0000000100000000)
  region size 1024K, 7 young (7168K), 5 survivors (5120K)
 Metaspace       used 106402K, committed 107264K, reserved 458752K
  class space    used 14244K, committed 14656K, reserved 327680K

Heap Regions: E=young(eden), S=young(survivor), O=old, HS=humongous(starts), HC=humongous(continues), CS=collection set, F=free, OA=open archive, CA=closed archive, TAMS=top-at-mark-start (previous, next)
|   0|0x00000000e0000000, 0x00000000e0100000, 0x00000000e0100000|100%| O|  |TAMS 0x00000000e0100000, 0x00000000e0000000| Updating 
|   1|0x00000000e0100000, 0x00000000e0200000, 0x00000000e0200000|100%|HS|  |TAMS 0x00000000e0200000, 0x00000000e0100000| Complete 
|   2|0x00000000e0200000, 0x00000000e0300000, 0x00000000e0300000|100%|HC|  |TAMS 0x00000000e0300000, 0x00000000e0200000| Complete 
|   3|0x00000000e0300000, 0x00000000e0400000, 0x00000000e0400000|100%|HC|  |TAMS 0x00000000e0400000, 0x00000000e0300000| Complete 
|   4|0x00000000e0400000, 0x00000000e0500000, 0x00000000e0500000|100%| O|  |TAMS 0x00000000e0500000, 0x00000000e0400000| Untracked 
|   5|0x00000000e0500000, 0x00000000e0600000, 0x00000000e0600000|100%| O|  |TAMS 0x00000000e0600000, 0x00000000e0500000| Untracked 
|   6|0x00000000e0600000, 0x00000000e0700000, 0x00000000e0700000|100%| O|  |TAMS 0x00000000e0700000, 0x00000000e0600000| Untracked 
|   7|0x00000000e0700000, 0x00000000e0800000, 0x00000000e0800000|100%|HS|  |TAMS 0x00000000e0800000, 0x00000000e0700000| Complete 
|   8|0x00000000e0800000, 0x00000000e0900000, 0x00000000e0900000|100%| O|  |TAMS 0x00000000e0900000, 0x00000000e0800000| Untracked 
|   9|0x00000000e0900000, 0x00000000e0a00000, 0x00000000e0a00000|100%| O|  |TAMS 0x00000000e0a00000, 0x00000000e0900000| Untracked 
|  10|0x00000000e0a00000, 0x00000000e0b00000, 0x00000000e0b00000|100%| O|  |TAMS 0x00000000e0b00000, 0x00000000e0a00000| Untracked 
|  11|0x00000000e0b00000, 0x00000000e0c00000, 0x00000000e0c00000|100%| O|  |TAMS 0x00000000e0c00000, 0x00000000e0b00000| Updating 
|  12|0x00000000e0c00000, 0x00000000e0d00000, 0x00000000e0d00000|100%| O|  |TAMS 0x00000000e0d00000, 0x00000000e0c00000| Untracked 
|  13|0x00000000e0d00000, 0x00000000e0e00000, 0x00000000e0e00000|100%| O|  |TAMS 0x00000000e0e00000, 0x00000000e0d00000| Untracked 
|  14|0x00000000e0e00000, 0x00000000e0f00000, 0x00000000e0f00000|100%|HS|  |TAMS 0x00000000e0f00000, 0x00000000e0e00000| Complete 
|  15|0x00000000e0f00000, 0x00000000e1000000, 0x00000000e1000000|100%|HC|  |TAMS 0x00000000e1000000, 0x00000000e0f00000| Complete 
|  16|0x00000000e1000000, 0x00000000e1100000, 0x00000000e1100000|100%|HS|  |TAMS 0x00000000e1100000, 0x00000000e1000000| Complete 
|  17|0x00000000e1100000, 0x00000000e1200000, 0x00000000e1200000|100%|HC|  |TAMS 0x00000000e1200000, 0x00000000e1100000| Complete 
|  18|0x00000000e1200000, 0x00000000e1300000, 0x00000000e1300000|100%|HC|  |TAMS 0x00000000e1300000, 0x00000000e1200000| Complete 
|  19|0x00000000e1300000, 0x00000000e1400000, 0x00000000e1400000|100%|HS|  |TAMS 0x00000000e1400000, 0x00000000e1300000| Complete 
|  20|0x00000000e1400000, 0x00000000e1500000, 0x00000000e1500000|100%|HC|  |TAMS 0x00000000e1500000, 0x00000000e1400000| Complete 
|  21|0x00000000e1500000, 0x00000000e1600000, 0x00000000e1600000|100%|HC|  |TAMS 0x00000000e1600000, 0x00000000e1500000| Complete 
|  22|0x00000000e1600000, 0x00000000e1700000, 0x00000000e1700000|100%|HS|  |TAMS 0x00000000e1700000, 0x00000000e1600000| Complete 
|  23|0x00000000e1700000, 0x00000000e1800000, 0x00000000e1800000|100%|HC|  |TAMS 0x00000000e1800000, 0x00000000e1700000| Complete 
|  24|0x00000000e1800000, 0x00000000e1900000, 0x00000000e1900000|100%|HC|  |TAMS 0x00000000e1900000, 0x00000000e1800000| Complete 
|  25|0x00000000e1900000, 0x00000000e1a00000, 0x00000000e1a00000|100%|HS|  |TAMS 0x00000000e1a00000, 0x00000000e1900000| Complete 
|  26|0x00000000e1a00000, 0x00000000e1b00000, 0x00000000e1b00000|100%|HC|  |TAMS 0x00000000e1b00000, 0x00000000e1a00000| Complete 
|  27|0x00000000e1b00000, 0x00000000e1c00000, 0x00000000e1c00000|100%|HC|  |TAMS 0x00000000e1c00000, 0x00000000e1b00000| Complete 
|  28|0x00000000e1c00000, 0x00000000e1d00000, 0x00000000e1d00000|100%| O|  |TAMS 0x00000000e1d00000, 0x00000000e1c00000| Untracked 
|  29|0x00000000e1d00000, 0x00000000e1e00000, 0x00000000e1e00000|100%| O|  |TAMS 0x00000000e1e00000, 0x00000000e1d00000| Untracked 
|  30|0x00000000e1e00000, 0x00000000e1f00000, 0x00000000e1f00000|100%| O|  |TAMS 0x00000000e1f00000, 0x00000000e1e00000| Untracked 
|  31|0x00000000e1f00000, 0x00000000e2000000, 0x00000000e2000000|100%| O|  |TAMS 0x00000000e2000000, 0x00000000e1f00000| Untracked 
|  32|0x00000000e2000000, 0x00000000e2100000, 0x00000000e2100000|100%| O|  |TAMS 0x00000000e2100000, 0x00000000e2000000| Untracked 
|  33|0x00000000e2100000, 0x00000000e2200000, 0x00000000e2200000|100%| O|  |TAMS 0x00000000e2200000, 0x00000000e2100000| Untracked 
|  34|0x00000000e2200000, 0x00000000e2300000, 0x00000000e2300000|100%| O|  |TAMS 0x00000000e2300000, 0x00000000e2200000| Untracked 
|  35|0x00000000e2300000, 0x00000000e2400000, 0x00000000e2400000|100%| O|  |TAMS 0x00000000e2400000, 0x00000000e2300000| Untracked 
|  36|0x00000000e2400000, 0x00000000e2500000, 0x00000000e2500000|100%|HS|  |TAMS 0x00000000e2500000, 0x00000000e2400000| Complete 
|  37|0x00000000e2500000, 0x00000000e2600000, 0x00000000e2600000|100%|HC|  |TAMS 0x00000000e2600000, 0x00000000e2500000| Complete 
|  38|0x00000000e2600000, 0x00000000e2700000, 0x00000000e2700000|100%|HC|  |TAMS 0x00000000e2700000, 0x00000000e2600000| Complete 
|  39|0x00000000e2700000, 0x00000000e2800000, 0x00000000e2800000|100%|HS|  |TAMS 0x00000000e2800000, 0x00000000e2700000| Complete 
|  40|0x00000000e2800000, 0x00000000e2900000, 0x00000000e2900000|100%|HC|  |TAMS 0x00000000e2900000, 0x00000000e2800000| Complete 
|  41|0x00000000e2900000, 0x00000000e2a00000, 0x00000000e2a00000|100%|HC|  |TAMS 0x00000000e2a00000, 0x00000000e2900000| Complete 
|  42|0x00000000e2a00000, 0x00000000e2b00000, 0x00000000e2b00000|100%| O|  |TAMS 0x00000000e2b00000, 0x00000000e2a00000| Untracked 
|  43|0x00000000e2b00000, 0x00000000e2c00000, 0x00000000e2c00000|100%| O|  |TAMS 0x00000000e2c00000, 0x00000000e2b00000| Untracked 
|  44|0x00000000e2c00000, 0x00000000e2d00000, 0x00000000e2d00000|100%| O|  |TAMS 0x00000000e2d00000, 0x00000000e2c00000| Untracked 
|  45|0x00000000e2d00000, 0x00000000e2e00000, 0x00000000e2e00000|100%| O|  |TAMS 0x00000000e2e00000, 0x00000000e2d00000| Untracked 
|  46|0x00000000e2e00000, 0x00000000e2f00000, 0x00000000e2f00000|100%| O|  |TAMS 0x00000000e2f00000, 0x00000000e2e00000| Untracked 
|  47|0x00000000e2f00000, 0x00000000e3000000, 0x00000000e3000000|100%| O|  |TAMS 0x00000000e3000000, 0x00000000e2f00000| Untracked 
|  48|0x00000000e3000000, 0x00000000e3100000, 0x00000000e3100000|100%| O|  |TAMS 0x00000000e3100000, 0x00000000e3000000| Untracked 
|  49|0x00000000e3100000, 0x00000000e3200000, 0x00000000e3200000|100%| O|  |TAMS 0x00000000e3200000, 0x00000000e3100000| Untracked 
|  50|0x00000000e3200000, 0x00000000e3300000, 0x00000000e3300000|100%| O|  |TAMS 0x00000000e3300000, 0x00000000e3200000| Updating 
|  51|0x00000000e3300000, 0x00000000e3400000, 0x00000000e3400000|100%| O|  |TAMS 0x00000000e3400000, 0x00000000e3300000| Untracked 
|  52|0x00000000e3400000, 0x00000000e3500000, 0x00000000e3500000|100%| O|  |TAMS 0x00000000e3500000, 0x00000000e3400000| Untracked 
|  53|0x00000000e3500000, 0x00000000e3600000, 0x00000000e3600000|100%| O|  |TAMS 0x00000000e3600000, 0x00000000e3500000| Untracked 
|  54|0x00000000e3600000, 0x00000000e3700000, 0x00000000e3700000|100%| O|  |TAMS 0x00000000e3700000, 0x00000000e3600000| Untracked 
|  55|0x00000000e3700000, 0x00000000e3800000, 0x00000000e3800000|100%| O|  |TAMS 0x00000000e3800000, 0x00000000e3700000| Untracked 
|  56|0x00000000e3800000, 0x00000000e3900000, 0x00000000e3900000|100%| O|  |TAMS 0x00000000e3900000, 0x00000000e3800000| Updating 
|  57|0x00000000e3900000, 0x00000000e3a00000, 0x00000000e3a00000|100%| O|  |TAMS 0x00000000e3a00000, 0x00000000e3900000| Updating 
|  58|0x00000000e3a00000, 0x00000000e3b00000, 0x00000000e3b00000|100%|HS|  |TAMS 0x00000000e3b00000, 0x00000000e3a00000| Complete 
|  59|0x00000000e3b00000, 0x00000000e3c00000, 0x00000000e3c00000|100%|HS|  |TAMS 0x00000000e3c00000, 0x00000000e3b00000| Complete 
|  60|0x00000000e3c00000, 0x00000000e3d00000, 0x00000000e3d00000|100%|HS|  |TAMS 0x00000000e3d00000, 0x00000000e3c00000| Complete 
|  61|0x00000000e3d00000, 0x00000000e3e00000, 0x00000000e3e00000|100%|HC|  |TAMS 0x00000000e3e00000, 0x00000000e3d00000| Complete 
|  62|0x00000000e3e00000, 0x00000000e3f00000, 0x00000000e3f00000|100%|HS|  |TAMS 0x00000000e3f00000, 0x00000000e3e00000| Complete 
|  63|0x00000000e3f00000, 0x00000000e4000000, 0x00000000e4000000|100%|HC|  |TAMS 0x00000000e4000000, 0x00000000e3f00000| Complete 
|  64|0x00000000e4000000, 0x00000000e4100000, 0x00000000e4100000|100%|HS|  |TAMS 0x00000000e4100000, 0x00000000e4000000| Complete 
|  65|0x00000000e4100000, 0x00000000e4200000, 0x00000000e4200000|100%|HS|  |TAMS 0x00000000e4200000, 0x00000000e4100000| Complete 
|  66|0x00000000e4200000, 0x00000000e4300000, 0x00000000e4300000|100%|HS|  |TAMS 0x00000000e4300000, 0x00000000e4200000| Complete 
|  67|0x00000000e4300000, 0x00000000e4400000, 0x00000000e4400000|100%|HC|  |TAMS 0x00000000e4400000, 0x00000000e4300000| Complete 
|  68|0x00000000e4400000, 0x00000000e4500000, 0x00000000e4500000|100%|HC|  |TAMS 0x00000000e4500000, 0x00000000e4400000| Complete 
|  69|0x00000000e4500000, 0x00000000e4600000, 0x00000000e4600000|100%|HC|  |TAMS 0x00000000e4600000, 0x00000000e4500000| Complete 
|  70|0x00000000e4600000, 0x00000000e4700000, 0x00000000e4700000|100%| O|  |TAMS 0x00000000e4700000, 0x00000000e4600000| Updating 
|  71|0x00000000e4700000, 0x00000000e4800000, 0x00000000e4800000|100%|HS|  |TAMS 0x00000000e4800000, 0x00000000e4700000| Complete 
|  72|0x00000000e4800000, 0x00000000e4900000, 0x00000000e4900000|100%| O|  |TAMS 0x00000000e4900000, 0x00000000e4800000| Updating 
|  73|0x00000000e4900000, 0x00000000e4a00000, 0x00000000e4a00000|100%| O|  |TAMS 0x00000000e4a00000, 0x00000000e4900000| Untracked 
|  74|0x00000000e4a00000, 0x00000000e4b00000, 0x00000000e4b00000|100%| O|  |TAMS 0x00000000e4b00000, 0x00000000e4a00000| Untracked 
|  75|0x00000000e4b00000, 0x00000000e4c00000, 0x00000000e4c00000|100%| O|  |TAMS 0x00000000e4c00000, 0x00000000e4b00000| Untracked 
|  76|0x00000000e4c00000, 0x00000000e4d00000, 0x00000000e4d00000|100%| O|  |TAMS 0x00000000e4d00000, 0x00000000e4c00000| Untracked 
|  77|0x00000000e4d00000, 0x00000000e4e00000, 0x00000000e4e00000|100%| O|  |TAMS 0x00000000e4e00000, 0x00000000e4d00000| Updating 
|  78|0x00000000e4e00000, 0x00000000e4f00000, 0x00000000e4f00000|100%|HS|  |TAMS 0x00000000e4e00000, 0x00000000e4e00000| Complete 
|  79|0x00000000e4f00000, 0x00000000e5000000, 0x00000000e5000000|100%| O|  |TAMS 0x00000000e5000000, 0x00000000e4f00000| Untracked 
|  80|0x00000000e5000000, 0x00000000e5100000, 0x00000000e5100000|100%| O|  |TAMS 0x00000000e5100000, 0x00000000e5000000| Updating 
|  81|0x00000000e5100000, 0x00000000e5200000, 0x00000000e5200000|100%|HS|  |TAMS 0x00000000e5200000, 0x00000000e5100000| Complete 
|  82|0x00000000e5200000, 0x00000000e5300000, 0x00000000e5300000|100%|HC|  |TAMS 0x00000000e5300000, 0x00000000e5200000| Complete 
|  83|0x00000000e5300000, 0x00000000e5400000, 0x00000000e5400000|100%|HC|  |TAMS 0x00000000e5400000, 0x00000000e5300000| Complete 
|  84|0x00000000e5400000, 0x00000000e5500000, 0x00000000e5500000|100%|HC|  |TAMS 0x00000000e5500000, 0x00000000e5400000| Complete 
|  85|0x00000000e5500000, 0x00000000e5600000, 0x00000000e5600000|100%| O|  |TAMS 0x00000000e5600000, 0x00000000e5500000| Untracked 
|  86|0x00000000e5600000, 0x00000000e5700000, 0x00000000e5700000|100%| O|  |TAMS 0x00000000e5700000, 0x00000000e5600000| Untracked 
|  87|0x00000000e5700000, 0x00000000e5800000, 0x00000000e5800000|100%| O|  |TAMS 0x00000000e5800000, 0x00000000e5700000| Untracked 
|  88|0x00000000e5800000, 0x00000000e5900000, 0x00000000e5900000|100%| O|  |TAMS 0x00000000e5900000, 0x00000000e5800000| Untracked 
|  89|0x00000000e5900000, 0x00000000e5a00000, 0x00000000e5a00000|100%| O|  |TAMS 0x00000000e5a00000, 0x00000000e5900000| Untracked 
|  90|0x00000000e5a00000, 0x00000000e5b00000, 0x00000000e5b00000|100%| O|  |TAMS 0x00000000e5b00000, 0x00000000e5a00000| Untracked 
|  91|0x00000000e5b00000, 0x00000000e5c00000, 0x00000000e5c00000|100%| O|  |TAMS 0x00000000e5c00000, 0x00000000e5b00000| Untracked 
|  92|0x00000000e5c00000, 0x00000000e5d00000, 0x00000000e5d00000|100%| O|  |TAMS 0x00000000e5d00000, 0x00000000e5c00000| Untracked 
|  93|0x00000000e5d00000, 0x00000000e5e00000, 0x00000000e5e00000|100%| O|  |TAMS 0x00000000e5e00000, 0x00000000e5d00000| Untracked 
|  94|0x00000000e5e00000, 0x00000000e5f00000, 0x00000000e5f00000|100%| O|  |TAMS 0x00000000e5f00000, 0x00000000e5e00000| Untracked 
|  95|0x00000000e5f00000, 0x00000000e6000000, 0x00000000e6000000|100%| O|  |TAMS 0x00000000e6000000, 0x00000000e5f00000| Untracked 
|  96|0x00000000e6000000, 0x00000000e6100000, 0x00000000e6100000|100%| O|  |TAMS 0x00000000e6100000, 0x00000000e6000000| Untracked 
|  97|0x00000000e6100000, 0x00000000e6200000, 0x00000000e6200000|100%| O|  |TAMS 0x00000000e6200000, 0x00000000e6100000| Untracked 
|  98|0x00000000e6200000, 0x00000000e6300000, 0x00000000e6300000|100%| O|  |TAMS 0x00000000e6300000, 0x00000000e6200000| Untracked 
|  99|0x00000000e6300000, 0x00000000e6400000, 0x00000000e6400000|100%| O|  |TAMS 0x00000000e6400000, 0x00000000e6300000| Updating 
| 100|0x00000000e6400000, 0x00000000e6500000, 0x00000000e6500000|100%|HS|  |TAMS 0x00000000e6400000, 0x00000000e6400000| Complete 
| 101|0x00000000e6500000, 0x00000000e6600000, 0x00000000e6600000|100%| O|  |TAMS 0x00000000e6600000, 0x00000000e6500000| Updating 
| 102|0x00000000e6600000, 0x00000000e6600000, 0x00000000e6700000|  0%| F|  |TAMS 0x00000000e6600000, 0x00000000e6600000| Untracked 
| 103|0x00000000e6700000, 0x00000000e6800000, 0x00000000e6800000|100%| O|  |TAMS 0x00000000e6800000, 0x00000000e6700000| Untracked 
| 104|0x00000000e6800000, 0x00000000e6900000, 0x00000000e6900000|100%| O|  |TAMS 0x00000000e6900000, 0x00000000e6800000| Updating 
| 105|0x00000000e6900000, 0x00000000e6a00000, 0x00000000e6a00000|100%| O|  |TAMS 0x00000000e6a00000, 0x00000000e6900000| Updating 
| 106|0x00000000e6a00000, 0x00000000e6b00000, 0x00000000e6b00000|100%| O|  |TAMS 0x00000000e6b00000, 0x00000000e6a00000| Updating 
| 107|0x00000000e6b00000, 0x00000000e6c00000, 0x00000000e6c00000|100%| O|  |TAMS 0x00000000e6c00000, 0x00000000e6b00000| Updating 
| 108|0x00000000e6c00000, 0x00000000e6d00000, 0x00000000e6d00000|100%| O|  |TAMS 0x00000000e6d00000, 0x00000000e6c00000| Untracked 
| 109|0x00000000e6d00000, 0x00000000e6e00000, 0x00000000e6e00000|100%| O|  |TAMS 0x00000000e6e00000, 0x00000000e6d00000| Untracked 
| 110|0x00000000e6e00000, 0x00000000e6f00000, 0x00000000e6f00000|100%| O|  |TAMS 0x00000000e6f00000, 0x00000000e6e00000| Updating 
| 111|0x00000000e6f00000, 0x00000000e7000000, 0x00000000e7000000|100%| O|  |TAMS 0x00000000e7000000, 0x00000000e6f00000| Updating 
| 112|0x00000000e7000000, 0x00000000e7100000, 0x00000000e7100000|100%| O|  |TAMS 0x00000000e7100000, 0x00000000e7000000| Updating 
| 113|0x00000000e7100000, 0x00000000e7200000, 0x00000000e7200000|100%| O|  |TAMS 0x00000000e7200000, 0x00000000e7100000| Untracked 
| 114|0x00000000e7200000, 0x00000000e7300000, 0x00000000e7300000|100%| O|  |TAMS 0x00000000e7300000, 0x00000000e7200000| Untracked 
| 115|0x00000000e7300000, 0x00000000e7400000, 0x00000000e7400000|100%| O|  |TAMS 0x00000000e7400000, 0x00000000e7300000| Untracked 
| 116|0x00000000e7400000, 0x00000000e7500000, 0x00000000e7500000|100%| O|  |TAMS 0x00000000e7500000, 0x00000000e7400000| Untracked 
| 117|0x00000000e7500000, 0x00000000e7600000, 0x00000000e7600000|100%| O|  |TAMS 0x00000000e7600000, 0x00000000e7500000| Updating 
| 118|0x00000000e7600000, 0x00000000e7700000, 0x00000000e7700000|100%| O|  |TAMS 0x00000000e7700000, 0x00000000e7600000| Updating 
| 119|0x00000000e7700000, 0x00000000e7800000, 0x00000000e7800000|100%| O|  |TAMS 0x00000000e7800000, 0x00000000e7700000| Untracked 
| 120|0x00000000e7800000, 0x00000000e7900000, 0x00000000e7900000|100%| O|  |TAMS 0x00000000e7900000, 0x00000000e7800000| Updating 
| 121|0x00000000e7900000, 0x00000000e7a00000, 0x00000000e7a00000|100%|HS|  |TAMS 0x00000000e7a00000, 0x00000000e7900000| Complete 
| 122|0x00000000e7a00000, 0x00000000e7b00000, 0x00000000e7b00000|100%|HC|  |TAMS 0x00000000e7b00000, 0x00000000e7a00000| Complete 
| 123|0x00000000e7b00000, 0x00000000e7c00000, 0x00000000e7c00000|100%|HS|  |TAMS 0x00000000e7c00000, 0x00000000e7b00000| Complete 
| 124|0x00000000e7c00000, 0x00000000e7d00000, 0x00000000e7d00000|100%|HC|  |TAMS 0x00000000e7d00000, 0x00000000e7c00000| Complete 
| 125|0x00000000e7d00000, 0x00000000e7e00000, 0x00000000e7e00000|100%|HC|  |TAMS 0x00000000e7e00000, 0x00000000e7d00000| Complete 
| 126|0x00000000e7e00000, 0x00000000e7f00000, 0x00000000e7f00000|100%|HS|  |TAMS 0x00000000e7f00000, 0x00000000e7e00000| Complete 
| 127|0x00000000e7f00000, 0x00000000e8000000, 0x00000000e8000000|100%|HC|  |TAMS 0x00000000e8000000, 0x00000000e7f00000| Complete 
| 128|0x00000000e8000000, 0x00000000e8100000, 0x00000000e8100000|100%|HC|  |TAMS 0x00000000e8100000, 0x00000000e8000000| Complete 
| 129|0x00000000e8100000, 0x00000000e8200000, 0x00000000e8200000|100%|HS|  |TAMS 0x00000000e8200000, 0x00000000e8100000| Complete 
| 130|0x00000000e8200000, 0x00000000e8300000, 0x00000000e8300000|100%|HC|  |TAMS 0x00000000e8300000, 0x00000000e8200000| Complete 
| 131|0x00000000e8300000, 0x00000000e8400000, 0x00000000e8400000|100%|HC|  |TAMS 0x00000000e8400000, 0x00000000e8300000| Complete 
| 132|0x00000000e8400000, 0x00000000e8500000, 0x00000000e8500000|100%| O|  |TAMS 0x00000000e8500000, 0x00000000e8400000| Untracked 
| 133|0x00000000e8500000, 0x00000000e8600000, 0x00000000e8600000|100%| O|  |TAMS 0x00000000e8600000, 0x00000000e8500000| Untracked 
| 134|0x00000000e8600000, 0x00000000e8700000, 0x00000000e8700000|100%| O|  |TAMS 0x00000000e8700000, 0x00000000e8600000| Untracked 
| 135|0x00000000e8700000, 0x00000000e8800000, 0x00000000e8800000|100%| O|  |TAMS 0x00000000e8800000, 0x00000000e8700000| Untracked 
| 136|0x00000000e8800000, 0x00000000e8900000, 0x00000000e8900000|100%| O|  |TAMS 0x00000000e8900000, 0x00000000e8800000| Untracked 
| 137|0x00000000e8900000, 0x00000000e8a00000, 0x00000000e8a00000|100%| O|  |TAMS 0x00000000e8a00000, 0x00000000e8900000| Updating 
| 138|0x00000000e8a00000, 0x00000000e8b00000, 0x00000000e8b00000|100%| O|  |TAMS 0x00000000e8b00000, 0x00000000e8a00000| Updating 
| 139|0x00000000e8b00000, 0x00000000e8c00000, 0x00000000e8c00000|100%| O|  |TAMS 0x00000000e8c00000, 0x00000000e8b00000| Untracked 
| 140|0x00000000e8c00000, 0x00000000e8d00000, 0x00000000e8d00000|100%| O|  |TAMS 0x00000000e8d00000, 0x00000000e8c00000| Untracked 
| 141|0x00000000e8d00000, 0x00000000e8e00000, 0x00000000e8e00000|100%| O|  |TAMS 0x00000000e8e00000, 0x00000000e8d00000| Untracked 
| 142|0x00000000e8e00000, 0x00000000e8f00000, 0x00000000e8f00000|100%| O|  |TAMS 0x00000000e8f00000, 0x00000000e8e00000| Untracked 
| 143|0x00000000e8f00000, 0x00000000e9000000, 0x00000000e9000000|100%| O|  |TAMS 0x00000000e9000000, 0x00000000e8f00000| Untracked 
| 144|0x00000000e9000000, 0x00000000e9100000, 0x00000000e9100000|100%| O|  |TAMS 0x00000000e9100000, 0x00000000e9000000| Updating 
| 145|0x00000000e9100000, 0x00000000e9200000, 0x00000000e9200000|100%| O|  |TAMS 0x00000000e9200000, 0x00000000e9100000| Untracked 
| 146|0x00000000e9200000, 0x00000000e9300000, 0x00000000e9300000|100%| O|  |TAMS 0x00000000e9300000, 0x00000000e9200000| Untracked 
| 147|0x00000000e9300000, 0x00000000e9400000, 0x00000000e9400000|100%| O|  |TAMS 0x00000000e9400000, 0x00000000e9300000| Untracked 
| 148|0x00000000e9400000, 0x00000000e9500000, 0x00000000e9500000|100%| O|  |TAMS 0x00000000e9500000, 0x00000000e9400000| Untracked 
| 149|0x00000000e9500000, 0x00000000e9600000, 0x00000000e9600000|100%| O|  |TAMS 0x00000000e9600000, 0x00000000e9500000| Updating 
| 150|0x00000000e9600000, 0x00000000e9700000, 0x00000000e9700000|100%| O|  |TAMS 0x00000000e9700000, 0x00000000e9600000| Updating 
| 151|0x00000000e9700000, 0x00000000e9786e00, 0x00000000e9800000| 52%| O|  |TAMS 0x00000000e9786e00, 0x00000000e9700000| Updating 
| 152|0x00000000e9800000, 0x00000000e9800000, 0x00000000e9900000|  0%| F|  |TAMS 0x00000000e9800000, 0x00000000e9800000| Untracked 
| 153|0x00000000e9900000, 0x00000000e9900000, 0x00000000e9a00000|  0%| F|  |TAMS 0x00000000e9900000, 0x00000000e9900000| Untracked 
| 154|0x00000000e9a00000, 0x00000000e9a00000, 0x00000000e9b00000|  0%| F|  |TAMS 0x00000000e9a00000, 0x00000000e9a00000| Untracked 
| 155|0x00000000e9b00000, 0x00000000e9b00000, 0x00000000e9c00000|  0%| F|  |TAMS 0x00000000e9b00000, 0x00000000e9b00000| Untracked 
| 156|0x00000000e9c00000, 0x00000000e9c00000, 0x00000000e9d00000|  0%| F|  |TAMS 0x00000000e9c00000, 0x00000000e9c00000| Untracked 
| 157|0x00000000e9d00000, 0x00000000e9d00000, 0x00000000e9e00000|  0%| F|  |TAMS 0x00000000e9d00000, 0x00000000e9d00000| Untracked 
| 158|0x00000000e9e00000, 0x00000000e9e00000, 0x00000000e9f00000|  0%| F|  |TAMS 0x00000000e9e00000, 0x00000000e9e00000| Untracked 
| 159|0x00000000e9f00000, 0x00000000e9f00000, 0x00000000ea000000|  0%| F|  |TAMS 0x00000000e9f00000, 0x00000000e9f00000| Untracked 
| 160|0x00000000ea000000, 0x00000000ea000000, 0x00000000ea100000|  0%| F|  |TAMS 0x00000000ea000000, 0x00000000ea000000| Untracked 
| 161|0x00000000ea100000, 0x00000000ea100000, 0x00000000ea200000|  0%| F|  |TAMS 0x00000000ea100000, 0x00000000ea100000| Untracked 
| 162|0x00000000ea200000, 0x00000000ea200000, 0x00000000ea300000|  0%| F|  |TAMS 0x00000000ea200000, 0x00000000ea200000| Untracked 
| 163|0x00000000ea300000, 0x00000000ea300000, 0x00000000ea400000|  0%| F|  |TAMS 0x00000000ea300000, 0x00000000ea300000| Untracked 
| 164|0x00000000ea400000, 0x00000000ea400000, 0x00000000ea500000|  0%| F|  |TAMS 0x00000000ea400000, 0x00000000ea400000| Untracked 
| 165|0x00000000ea500000, 0x00000000ea500000, 0x00000000ea600000|  0%| F|  |TAMS 0x00000000ea500000, 0x00000000ea500000| Untracked 
| 166|0x00000000ea600000, 0x00000000ea600000, 0x00000000ea700000|  0%| F|  |TAMS 0x00000000ea600000, 0x00000000ea600000| Untracked 
| 167|0x00000000ea700000, 0x00000000ea700000, 0x00000000ea800000|  0%| F|  |TAMS 0x00000000ea700000, 0x00000000ea700000| Untracked 
| 168|0x00000000ea800000, 0x00000000ea800000, 0x00000000ea900000|  0%| F|  |TAMS 0x00000000ea800000, 0x00000000ea800000| Untracked 
| 169|0x00000000ea900000, 0x00000000ea900000, 0x00000000eaa00000|  0%| F|  |TAMS 0x00000000ea900000, 0x00000000ea900000| Untracked 
| 170|0x00000000eaa00000, 0x00000000eaa00000, 0x00000000eab00000|  0%| F|  |TAMS 0x00000000eaa00000, 0x00000000eaa00000| Untracked 
| 171|0x00000000eab00000, 0x00000000eab00000, 0x00000000eac00000|  0%| F|  |TAMS 0x00000000eab00000, 0x00000000eab00000| Untracked 
| 172|0x00000000eac00000, 0x00000000eac00000, 0x00000000ead00000|  0%| F|  |TAMS 0x00000000eac00000, 0x00000000eac00000| Untracked 
| 173|0x00000000ead00000, 0x00000000ead00000, 0x00000000eae00000|  0%| F|  |TAMS 0x00000000ead00000, 0x00000000ead00000| Untracked 
| 174|0x00000000eae00000, 0x00000000eae00000, 0x00000000eaf00000|  0%| F|  |TAMS 0x00000000eae00000, 0x00000000eae00000| Untracked 
| 175|0x00000000eaf00000, 0x00000000eaf00000, 0x00000000eb000000|  0%| F|  |TAMS 0x00000000eaf00000, 0x00000000eaf00000| Untracked 
| 176|0x00000000eb000000, 0x00000000eb000000, 0x00000000eb100000|  0%| F|  |TAMS 0x00000000eb000000, 0x00000000eb000000| Untracked 
| 177|0x00000000eb100000, 0x00000000eb100000, 0x00000000eb200000|  0%| F|  |TAMS 0x00000000eb100000, 0x00000000eb100000| Untracked 
| 178|0x00000000eb200000, 0x00000000eb200000, 0x00000000eb300000|  0%| F|  |TAMS 0x00000000eb200000, 0x00000000eb200000| Untracked 
| 179|0x00000000eb300000, 0x00000000eb300000, 0x00000000eb400000|  0%| F|  |TAMS 0x00000000eb300000, 0x00000000eb300000| Untracked 
| 180|0x00000000eb400000, 0x00000000eb400000, 0x00000000eb500000|  0%| F|  |TAMS 0x00000000eb400000, 0x00000000eb400000| Untracked 
| 181|0x00000000eb500000, 0x00000000eb500000, 0x00000000eb600000|  0%| F|  |TAMS 0x00000000eb500000, 0x00000000eb500000| Untracked 
| 182|0x00000000eb600000, 0x00000000eb600000, 0x00000000eb700000|  0%| F|  |TAMS 0x00000000eb600000, 0x00000000eb600000| Untracked 
| 183|0x00000000eb700000, 0x00000000eb700000, 0x00000000eb800000|  0%| F|  |TAMS 0x00000000eb700000, 0x00000000eb700000| Untracked 
| 184|0x00000000eb800000, 0x00000000eb800000, 0x00000000eb900000|  0%| F|  |TAMS 0x00000000eb800000, 0x00000000eb800000| Untracked 
| 185|0x00000000eb900000, 0x00000000eb900000, 0x00000000eba00000|  0%| F|  |TAMS 0x00000000eb900000, 0x00000000eb900000| Untracked 
| 186|0x00000000eba00000, 0x00000000eba00000, 0x00000000ebb00000|  0%| F|  |TAMS 0x00000000eba00000, 0x00000000eba00000| Untracked 
| 187|0x00000000ebb00000, 0x00000000ebb00000, 0x00000000ebc00000|  0%| F|  |TAMS 0x00000000ebb00000, 0x00000000ebb00000| Untracked 
| 188|0x00000000ebc00000, 0x00000000ebc00000, 0x00000000ebd00000|  0%| F|  |TAMS 0x00000000ebc00000, 0x00000000ebc00000| Untracked 
| 189|0x00000000ebd00000, 0x00000000ebd00000, 0x00000000ebe00000|  0%| F|  |TAMS 0x00000000ebd00000, 0x00000000ebd00000| Untracked 
| 190|0x00000000ebe00000, 0x00000000ebe00000, 0x00000000ebf00000|  0%| F|  |TAMS 0x00000000ebe00000, 0x00000000ebe00000| Untracked 
| 191|0x00000000ebf00000, 0x00000000ebf00000, 0x00000000ec000000|  0%| F|  |TAMS 0x00000000ebf00000, 0x00000000ebf00000| Untracked 
| 192|0x00000000ec000000, 0x00000000ec000000, 0x00000000ec100000|  0%| F|  |TAMS 0x00000000ec000000, 0x00000000ec000000| Untracked 
| 193|0x00000000ec100000, 0x00000000ec100000, 0x00000000ec200000|  0%| F|  |TAMS 0x00000000ec100000, 0x00000000ec100000| Untracked 
| 194|0x00000000ec200000, 0x00000000ec200000, 0x00000000ec300000|  0%| F|  |TAMS 0x00000000ec200000, 0x00000000ec200000| Untracked 
| 195|0x00000000ec300000, 0x00000000ec300000, 0x00000000ec400000|  0%| F|  |TAMS 0x00000000ec300000, 0x00000000ec300000| Untracked 
| 196|0x00000000ec400000, 0x00000000ec400000, 0x00000000ec500000|  0%| F|  |TAMS 0x00000000ec400000, 0x00000000ec400000| Untracked 
| 197|0x00000000ec500000, 0x00000000ec500000, 0x00000000ec600000|  0%| F|  |TAMS 0x00000000ec500000, 0x00000000ec500000| Untracked 
| 198|0x00000000ec600000, 0x00000000ec600000, 0x00000000ec700000|  0%| F|  |TAMS 0x00000000ec600000, 0x00000000ec600000| Untracked 
| 199|0x00000000ec700000, 0x00000000ec700000, 0x00000000ec800000|  0%| F|  |TAMS 0x00000000ec700000, 0x00000000ec700000| Untracked 
| 200|0x00000000ec800000, 0x00000000ec800000, 0x00000000ec900000|  0%| F|  |TAMS 0x00000000ec800000, 0x00000000ec800000| Untracked 
| 201|0x00000000ec900000, 0x00000000ec900000, 0x00000000eca00000|  0%| F|  |TAMS 0x00000000ec900000, 0x00000000ec900000| Untracked 
| 202|0x00000000eca00000, 0x00000000eca00000, 0x00000000ecb00000|  0%| F|  |TAMS 0x00000000eca00000, 0x00000000eca00000| Untracked 
| 203|0x00000000ecb00000, 0x00000000ecb00000, 0x00000000ecc00000|  0%| F|  |TAMS 0x00000000ecb00000, 0x00000000ecb00000| Untracked 
| 204|0x00000000ecc00000, 0x00000000ecc00000, 0x00000000ecd00000|  0%| F|  |TAMS 0x00000000ecc00000, 0x00000000ecc00000| Untracked 
| 205|0x00000000ecd00000, 0x00000000ecd00000, 0x00000000ece00000|  0%| F|  |TAMS 0x00000000ecd00000, 0x00000000ecd00000| Untracked 
| 206|0x00000000ece00000, 0x00000000ece00000, 0x00000000ecf00000|  0%| F|  |TAMS 0x00000000ece00000, 0x00000000ece00000| Untracked 
| 207|0x00000000ecf00000, 0x00000000ecf00000, 0x00000000ed000000|  0%| F|  |TAMS 0x00000000ecf00000, 0x00000000ecf00000| Untracked 
| 208|0x00000000ed000000, 0x00000000ed000000, 0x00000000ed100000|  0%| F|  |TAMS 0x00000000ed000000, 0x00000000ed000000| Untracked 
| 209|0x00000000ed100000, 0x00000000ed100000, 0x00000000ed200000|  0%| F|  |TAMS 0x00000000ed100000, 0x00000000ed100000| Untracked 
| 210|0x00000000ed200000, 0x00000000ed2110e0, 0x00000000ed300000|  6%| S|CS|TAMS 0x00000000ed200000, 0x00000000ed200000| Complete 
| 211|0x00000000ed300000, 0x00000000ed400000, 0x00000000ed400000|100%| S|CS|TAMS 0x00000000ed300000, 0x00000000ed300000| Complete 
| 212|0x00000000ed400000, 0x00000000ed500000, 0x00000000ed500000|100%| S|CS|TAMS 0x00000000ed400000, 0x00000000ed400000| Complete 
| 213|0x00000000ed500000, 0x00000000ed600000, 0x00000000ed600000|100%| S|CS|TAMS 0x00000000ed500000, 0x00000000ed500000| Complete 
| 214|0x00000000ed600000, 0x00000000ed700000, 0x00000000ed700000|100%| S|CS|TAMS 0x00000000ed600000, 0x00000000ed600000| Complete 
| 215|0x00000000ed700000, 0x00000000ed700000, 0x00000000ed800000|  0%| F|  |TAMS 0x00000000ed700000, 0x00000000ed700000| Untracked 
| 216|0x00000000ed800000, 0x00000000ed800000, 0x00000000ed900000|  0%| F|  |TAMS 0x00000000ed800000, 0x00000000ed800000| Untracked 
| 217|0x00000000ed900000, 0x00000000ed900000, 0x00000000eda00000|  0%| F|  |TAMS 0x00000000ed900000, 0x00000000ed900000| Untracked 
| 218|0x00000000eda00000, 0x00000000eda00000, 0x00000000edb00000|  0%| F|  |TAMS 0x00000000eda00000, 0x00000000eda00000| Untracked 
| 219|0x00000000edb00000, 0x00000000edb00000, 0x00000000edc00000|  0%| F|  |TAMS 0x00000000edb00000, 0x00000000edb00000| Untracked 
| 220|0x00000000edc00000, 0x00000000edc00000, 0x00000000edd00000|  0%| F|  |TAMS 0x00000000edc00000, 0x00000000edc00000| Untracked 
| 221|0x00000000edd00000, 0x00000000edd00000, 0x00000000ede00000|  0%| F|  |TAMS 0x00000000edd00000, 0x00000000edd00000| Untracked 
| 222|0x00000000ede00000, 0x00000000ede00000, 0x00000000edf00000|  0%| F|  |TAMS 0x00000000ede00000, 0x00000000ede00000| Untracked 
| 223|0x00000000edf00000, 0x00000000edf00000, 0x00000000ee000000|  0%| F|  |TAMS 0x00000000edf00000, 0x00000000edf00000| Untracked 
| 224|0x00000000ee000000, 0x00000000ee000000, 0x00000000ee100000|  0%| F|  |TAMS 0x00000000ee000000, 0x00000000ee000000| Untracked 
| 225|0x00000000ee100000, 0x00000000ee100000, 0x00000000ee200000|  0%| F|  |TAMS 0x00000000ee100000, 0x00000000ee100000| Untracked 
| 226|0x00000000ee200000, 0x00000000ee200000, 0x00000000ee300000|  0%| F|  |TAMS 0x00000000ee200000, 0x00000000ee200000| Untracked 
| 227|0x00000000ee300000, 0x00000000ee300000, 0x00000000ee400000|  0%| F|  |TAMS 0x00000000ee300000, 0x00000000ee300000| Untracked 
| 228|0x00000000ee400000, 0x00000000ee400000, 0x00000000ee500000|  0%| F|  |TAMS 0x00000000ee400000, 0x00000000ee400000| Untracked 
| 229|0x00000000ee500000, 0x00000000ee500000, 0x00000000ee600000|  0%| F|  |TAMS 0x00000000ee500000, 0x00000000ee500000| Untracked 
| 230|0x00000000ee600000, 0x00000000ee600000, 0x00000000ee700000|  0%| F|  |TAMS 0x00000000ee600000, 0x00000000ee600000| Untracked 
| 231|0x00000000ee700000, 0x00000000ee700000, 0x00000000ee800000|  0%| F|  |TAMS 0x00000000ee700000, 0x00000000ee700000| Untracked 
| 232|0x00000000ee800000, 0x00000000ee800000, 0x00000000ee900000|  0%| F|  |TAMS 0x00000000ee800000, 0x00000000ee800000| Untracked 
| 233|0x00000000ee900000, 0x00000000ee900000, 0x00000000eea00000|  0%| F|  |TAMS 0x00000000ee900000, 0x00000000ee900000| Untracked 
| 234|0x00000000eea00000, 0x00000000eea00000, 0x00000000eeb00000|  0%| F|  |TAMS 0x00000000eea00000, 0x00000000eea00000| Untracked 
| 235|0x00000000eeb00000, 0x00000000eeb00000, 0x00000000eec00000|  0%| F|  |TAMS 0x00000000eeb00000, 0x00000000eeb00000| Untracked 
| 236|0x00000000eec00000, 0x00000000eec00000, 0x00000000eed00000|  0%| F|  |TAMS 0x00000000eec00000, 0x00000000eec00000| Untracked 
| 237|0x00000000eed00000, 0x00000000eed00000, 0x00000000eee00000|  0%| F|  |TAMS 0x00000000eed00000, 0x00000000eed00000| Untracked 
| 238|0x00000000eee00000, 0x00000000eee00000, 0x00000000eef00000|  0%| F|  |TAMS 0x00000000eee00000, 0x00000000eee00000| Untracked 
| 239|0x00000000eef00000, 0x00000000eef00000, 0x00000000ef000000|  0%| F|  |TAMS 0x00000000eef00000, 0x00000000eef00000| Untracked 
| 240|0x00000000ef000000, 0x00000000ef000000, 0x00000000ef100000|  0%| F|  |TAMS 0x00000000ef000000, 0x00000000ef000000| Untracked 
| 241|0x00000000ef100000, 0x00000000ef100000, 0x00000000ef200000|  0%| F|  |TAMS 0x00000000ef100000, 0x00000000ef100000| Untracked 
| 242|0x00000000ef200000, 0x00000000ef200000, 0x00000000ef300000|  0%| F|  |TAMS 0x00000000ef200000, 0x00000000ef200000| Untracked 
| 243|0x00000000ef300000, 0x00000000ef300000, 0x00000000ef400000|  0%| F|  |TAMS 0x00000000ef300000, 0x00000000ef300000| Untracked 
| 244|0x00000000ef400000, 0x00000000ef400000, 0x00000000ef500000|  0%| F|  |TAMS 0x00000000ef400000, 0x00000000ef400000| Untracked 
| 245|0x00000000ef500000, 0x00000000ef500000, 0x00000000ef600000|  0%| F|  |TAMS 0x00000000ef500000, 0x00000000ef500000| Untracked 
| 246|0x00000000ef600000, 0x00000000ef600000, 0x00000000ef700000|  0%| F|  |TAMS 0x00000000ef600000, 0x00000000ef600000| Untracked 
| 247|0x00000000ef700000, 0x00000000ef700000, 0x00000000ef800000|  0%| F|  |TAMS 0x00000000ef700000, 0x00000000ef700000| Untracked 
| 248|0x00000000ef800000, 0x00000000ef800000, 0x00000000ef900000|  0%| F|  |TAMS 0x00000000ef800000, 0x00000000ef800000| Untracked 
| 249|0x00000000ef900000, 0x00000000ef900000, 0x00000000efa00000|  0%| F|  |TAMS 0x00000000ef900000, 0x00000000ef900000| Untracked 
| 250|0x00000000efa00000, 0x00000000efa00000, 0x00000000efb00000|  0%| F|  |TAMS 0x00000000efa00000, 0x00000000efa00000| Untracked 
| 251|0x00000000efb00000, 0x00000000efb00000, 0x00000000efc00000|  0%| F|  |TAMS 0x00000000efb00000, 0x00000000efb00000| Untracked 
| 252|0x00000000efc00000, 0x00000000efc00000, 0x00000000efd00000|  0%| F|  |TAMS 0x00000000efc00000, 0x00000000efc00000| Untracked 
| 253|0x00000000efd00000, 0x00000000efd00000, 0x00000000efe00000|  0%| F|  |TAMS 0x00000000efd00000, 0x00000000efd00000| Untracked 
| 254|0x00000000efe00000, 0x00000000efe36aa8, 0x00000000eff00000| 21%| E|  |TAMS 0x00000000efe00000, 0x00000000efe00000| Complete 
| 255|0x00000000eff00000, 0x00000000f0000000, 0x00000000f0000000|100%| E|CS|TAMS 0x00000000eff00000, 0x00000000eff00000| Complete 

Card table byte_map: [0x00000203ff360000,0x00000203ff460000] _byte_map_base: 0x00000203fec60000

Marking Bits (Prev, Next): (CMBitMap*) 0x00000203ea83d180, (CMBitMap*) 0x00000203ea83d1c0
 Prev Bits: [0x00000203ff560000, 0x00000203ffd60000)
 Next Bits: [0x0000020380000000, 0x0000020380800000)

Polling page: 0x00000203ea570000

Metaspace:

Usage:
  Non-class:     90.00 MB used.
      Class:     13.91 MB used.
       Both:    103.91 MB used.

Virtual space:
  Non-class space:      128.00 MB reserved,      90.44 MB ( 71%) committed,  2 nodes.
      Class space:      320.00 MB reserved,      14.31 MB (  4%) committed,  1 nodes.
             Both:      448.00 MB reserved,     104.75 MB ( 23%) committed. 

Chunk freelists:
   Non-Class:  5.09 MB
       Class:  1.53 MB
        Both:  6.62 MB

MaxMetaspaceSize: 384.00 MB
CompressedClassSpaceSize: 320.00 MB
Initial GC threshold: 21.00 MB
Current GC threshold: 171.81 MB
CDS: off
MetaspaceReclaimPolicy: balanced
 - commit_granule_bytes: 65536.
 - commit_granule_words: 8192.
 - virtual_space_node_default_size: 8388608.
 - enlarge_chunks_in_place: 1.
 - new_chunks_are_fully_committed: 0.
 - uncommit_free_chunks: 1.
 - use_allocation_guard: 0.
 - handle_deallocations: 1.


Internal statistics:

num_allocs_failed_limit: 9.
num_arena_births: 1206.
num_arena_deaths: 0.
num_vsnodes_births: 3.
num_vsnodes_deaths: 0.
num_space_committed: 1675.
num_space_uncommitted: 0.
num_chunks_returned_to_freelist: 9.
num_chunks_taken_from_freelist: 5335.
num_chunk_merges: 9.
num_chunk_splits: 3525.
num_chunks_enlarged: 2355.
num_inconsistent_stats: 0.

CodeHeap 'non-profiled nmethods': size=119168Kb used=6942Kb max_used=6942Kb free=112225Kb
 bounds [0x00000203f6e40000, 0x00000203f7510000, 0x00000203fe2a0000]
CodeHeap 'profiled nmethods': size=119104Kb used=21728Kb max_used=21728Kb free=97375Kb
 bounds [0x00000203ef2a0000, 0x00000203f07e0000, 0x00000203f66f0000]
CodeHeap 'non-nmethods': size=7488Kb used=4104Kb max_used=4179Kb free=3383Kb
 bounds [0x00000203f66f0000, 0x00000203f6b10000, 0x00000203f6e40000]
 total_blobs=12036 nmethods=11080 adapters=865
 compilation: enabled
              stopped_count=0, restarted_count=0
 full_count=0

Compilation events (20 events):
Event: 16.806 Thread 0x0000020388b472c0 nmethod 12717 0x00000203f07d8410 code [0x00000203f07d85c0, 0x00000203f07d88e8]
Event: 16.806 Thread 0x000002038e9397a0 nmethod 12713 0x00000203f7501710 code [0x00000203f75018a0, 0x00000203f7501a88]
Event: 16.806 Thread 0x000002038e9397a0 12714       4       java.io.ObjectOutputStream$BlockDataOutputStream::setBlockDataMode (35 bytes)
Event: 16.807 Thread 0x000002038a3bce70 nmethod 12711 0x00000203f7501c10 code [0x00000203f7501da0, 0x00000203f7501f68]
Event: 16.807 Thread 0x000002038a3bce70 12689       4       java.io.ObjectStreamClass::requireInitialized (19 bytes)
Event: 16.807 Thread 0x000002038a3bce70 nmethod 12689 0x00000203f7502190 code [0x00000203f7502300, 0x00000203f7502398]
Event: 16.807 Thread 0x000002038a3bce70 12712       4       java.io.Bits::putInt (36 bytes)
Event: 16.808 Thread 0x000002038a3bce70 nmethod 12712 0x00000203f7502490 code [0x00000203f7502600, 0x00000203f75026f8]
Event: 16.808 Thread 0x000002038a3bce70 12716       4       java.io.ObjectOutputStream$HandleTable::insert (39 bytes)
Event: 16.808 Thread 0x000002038e9397a0 nmethod 12714 0x00000203f7502810 code [0x00000203f75029a0, 0x00000203f7502b88]
Event: 16.810 Thread 0x000002038a3bce70 nmethod 12716 0x00000203f7502d90 code [0x00000203f7502f20, 0x00000203f7503228]
Event: 16.813 Thread 0x000002038376e040 nmethod 12675 0x00000203f7503490 code [0x00000203f75036a0, 0x00000203f7504810]
Event: 16.830 Thread 0x000002038376e040 12718   !   4       java.util.zip.ZipFile$ZipFileInputStream::read (135 bytes)
Event: 16.843 Thread 0x000002038376e040 nmethod 12718 0x00000203f7505290 code [0x00000203f7505480, 0x00000203f75064c0]
Event: 16.870 Thread 0x000002038376e040 12719       4       java.util.stream.AbstractPipeline::wrapAndCopyInto (18 bytes)
Event: 16.870 Thread 0x000002038e93c540 12721       3       java.util.Arrays$ArrayList::indexOf (62 bytes)
Event: 16.870 Thread 0x000002038376e950 12720       3       java.util.Arrays$ArrayList::contains (14 bytes)
Event: 16.870 Thread 0x000002038376e950 nmethod 12720 0x00000203f07d8990 code [0x00000203f07d8b40, 0x00000203f07d8ce8]
Event: 16.870 Thread 0x000002038e93c540 nmethod 12721 0x00000203f07d8d90 code [0x00000203f07d8f60, 0x00000203f07d93e8]
Event: 16.875 Thread 0x000002038376e040 nmethod 12719 0x00000203f7506e10 code [0x00000203f7506fe0, 0x00000203f75073f8]

GC Heap History (20 events):
Event: 10.421 GC heap before
{Heap before GC invocations=12 (full 0):
 garbage-first heap   total 262144K, used 211273K [0x00000000e0000000, 0x0000000100000000)
  region size 1024K, 121 young (123904K), 18 survivors (18432K)
 Metaspace       used 80220K, committed 80960K, reserved 458752K
  class space    used 10709K, committed 11072K, reserved 327680K
}
Event: 10.432 GC heap after
{Heap after GC invocations=13 (full 0):
 garbage-first heap   total 262144K, used 107303K [0x00000000e0000000, 0x0000000100000000)
  region size 1024K, 8 young (8192K), 8 survivors (8192K)
 Metaspace       used 80220K, committed 80960K, reserved 458752K
  class space    used 10709K, committed 11072K, reserved 327680K
}
Event: 11.568 GC heap before
{Heap before GC invocations=13 (full 0):
 garbage-first heap   total 262144K, used 210727K [0x00000000e0000000, 0x0000000100000000)
  region size 1024K, 106 young (108544K), 8 survivors (8192K)
 Metaspace       used 87898K, committed 88576K, reserved 458752K
  class space    used 11708K, committed 12032K, reserved 327680K
}
Event: 11.575 GC heap after
{Heap after GC invocations=14 (full 0):
 garbage-first heap   total 262144K, used 118245K [0x00000000e0000000, 0x0000000100000000)
  region size 1024K, 14 young (14336K), 14 survivors (14336K)
 Metaspace       used 87898K, committed 88576K, reserved 458752K
  class space    used 11708K, committed 12032K, reserved 327680K
}
Event: 12.573 GC heap before
{Heap before GC invocations=14 (full 0):
 garbage-first heap   total 262144K, used 209381K [0x00000000e0000000, 0x0000000100000000)
  region size 1024K, 103 young (105472K), 14 survivors (14336K)
 Metaspace       used 95125K, committed 95936K, reserved 458752K
  class space    used 12870K, committed 13248K, reserved 327680K
}
Event: 12.583 GC heap after
{Heap after GC invocations=15 (full 0):
 garbage-first heap   total 262144K, used 122313K [0x00000000e0000000, 0x0000000100000000)
  region size 1024K, 5 young (5120K), 5 survivors (5120K)
 Metaspace       used 95125K, committed 95936K, reserved 458752K
  class space    used 12870K, committed 13248K, reserved 327680K
}
Event: 13.406 GC heap before
{Heap before GC invocations=15 (full 0):
 garbage-first heap   total 262144K, used 169417K [0x00000000e0000000, 0x0000000100000000)
  region size 1024K, 53 young (54272K), 5 survivors (5120K)
 Metaspace       used 98479K, committed 99264K, reserved 458752K
  class space    used 13306K, committed 13696K, reserved 327680K
}
Event: 13.412 GC heap after
{Heap after GC invocations=16 (full 0):
 garbage-first heap   total 262144K, used 126934K [0x00000000e0000000, 0x0000000100000000)
  region size 1024K, 9 young (9216K), 9 survivors (9216K)
 Metaspace       used 98479K, committed 99264K, reserved 458752K
  class space    used 13306K, committed 13696K, reserved 327680K
}
Event: 15.543 GC heap before
{Heap before GC invocations=17 (full 0):
 garbage-first heap   total 262144K, used 228310K [0x00000000e0000000, 0x0000000100000000)
  region size 1024K, 93 young (95232K), 9 survivors (9216K)
 Metaspace       used 104698K, committed 105536K, reserved 458752K
  class space    used 14125K, committed 14528K, reserved 327680K
}
Event: 15.553 GC heap after
{Heap after GC invocations=18 (full 0):
 garbage-first heap   total 262144K, used 147797K [0x00000000e0000000, 0x0000000100000000)
  region size 1024K, 12 young (12288K), 12 survivors (12288K)
 Metaspace       used 104698K, committed 105536K, reserved 458752K
  class space    used 14125K, committed 14528K, reserved 327680K
}
Event: 15.574 GC heap before
{Heap before GC invocations=18 (full 0):
 garbage-first heap   total 262144K, used 148821K [0x00000000e0000000, 0x0000000100000000)
  region size 1024K, 13 young (13312K), 12 survivors (12288K)
 Metaspace       used 104699K, committed 105536K, reserved 458752K
  class space    used 14125K, committed 14528K, reserved 327680K
}
Event: 15.579 GC heap after
{Heap after GC invocations=19 (full 0):
 garbage-first heap   total 262144K, used 148146K [0x00000000e0000000, 0x0000000100000000)
  region size 1024K, 2 young (2048K), 2 survivors (2048K)
 Metaspace       used 104699K, committed 105536K, reserved 458752K
  class space    used 14125K, committed 14528K, reserved 327680K
}
Event: 16.044 GC heap before
{Heap before GC invocations=19 (full 0):
 garbage-first heap   total 262144K, used 215730K [0x00000000e0000000, 0x0000000100000000)
  region size 1024K, 68 young (69632K), 2 survivors (2048K)
 Metaspace       used 104700K, committed 105536K, reserved 458752K
  class space    used 14125K, committed 14528K, reserved 327680K
}
Event: 16.050 GC heap after
{Heap after GC invocations=20 (full 0):
 garbage-first heap   total 262144K, used 152046K [0x00000000e0000000, 0x0000000100000000)
  region size 1024K, 5 young (5120K), 5 survivors (5120K)
 Metaspace       used 104700K, committed 105536K, reserved 458752K
  class space    used 14125K, committed 14528K, reserved 327680K
}
Event: 16.499 GC heap before
{Heap before GC invocations=21 (full 0):
 garbage-first heap   total 262144K, used 217582K [0x00000000e0000000, 0x0000000100000000)
  region size 1024K, 69 young (70656K), 5 survivors (5120K)
 Metaspace       used 104701K, committed 105536K, reserved 458752K
  class space    used 14125K, committed 14528K, reserved 327680K
}
Event: 16.506 GC heap after
{Heap after GC invocations=22 (full 0):
 garbage-first heap   total 262144K, used 155085K [0x00000000e0000000, 0x0000000100000000)
  region size 1024K, 6 young (6144K), 6 survivors (6144K)
 Metaspace       used 104701K, committed 105536K, reserved 458752K
  class space    used 14125K, committed 14528K, reserved 327680K
}
Event: 16.555 GC heap before
{Heap before GC invocations=22 (full 0):
 garbage-first heap   total 262144K, used 161229K [0x00000000e0000000, 0x0000000100000000)
  region size 1024K, 12 young (12288K), 6 survivors (6144K)
 Metaspace       used 104701K, committed 105536K, reserved 458752K
  class space    used 14125K, committed 14528K, reserved 327680K
}
Event: 16.560 GC heap after
{Heap after GC invocations=23 (full 0):
 garbage-first heap   total 262144K, used 153933K [0x00000000e0000000, 0x0000000100000000)
  region size 1024K, 2 young (2048K), 2 survivors (2048K)
 Metaspace       used 104701K, committed 105536K, reserved 458752K
  class space    used 14125K, committed 14528K, reserved 327680K
}
Event: 16.837 GC heap before
{Heap before GC invocations=23 (full 0):
 garbage-first heap   total 262144K, used 191821K [0x00000000e0000000, 0x0000000100000000)
  region size 1024K, 41 young (41984K), 2 survivors (2048K)
 Metaspace       used 105636K, committed 106496K, reserved 458752K
  class space    used 14234K, committed 14656K, reserved 327680K
}
Event: 16.841 GC heap after
{Heap after GC invocations=24 (full 0):
 garbage-first heap   total 262144K, used 156255K [0x00000000e0000000, 0x0000000100000000)
  region size 1024K, 5 young (5120K), 5 survivors (5120K)
 Metaspace       used 105636K, committed 106496K, reserved 458752K
  class space    used 14234K, committed 14656K, reserved 327680K
}

Dll operation events (3 events):
Event: 0.010 Loaded shared library C:\Program Files\Android\Android Studio\jbr\bin\java.dll
Event: 0.110 Loaded shared library C:\Program Files\Android\Android Studio\jbr\bin\zip.dll
Event: 0.386 Loaded shared library C:\Program Files\Android\Android Studio\jbr\bin\verify.dll

Deoptimization events (20 events):
Event: 15.756 Thread 0x000002038adc5a50 Uncommon trap: trap_request=0xffffff45 fr.pc=0x00000203f7217fc0 relative=0x0000000000000620
Event: 15.756 Thread 0x000002038adc5a50 Uncommon trap: reason=unstable_if action=reinterpret pc=0x00000203f7217fc0 method=java.math.BigInteger.makePositive([BII)[I @ 40 c2
Event: 15.756 Thread 0x000002038adc5a50 DEOPT PACKING pc=0x00000203f7217fc0 sp=0x00000097977fe9f0
Event: 15.756 Thread 0x000002038adc5a50 DEOPT UNPACKING pc=0x00000203f67469a3 sp=0x00000097977fe958 mode 2
Event: 16.755 Thread 0x0000020388eddae0 Uncommon trap: trap_request=0xffffff76 fr.pc=0x00000203f747aee8 relative=0x0000000000001ba8
Event: 16.755 Thread 0x0000020388eddae0 Uncommon trap: reason=predicate action=maybe_recompile pc=0x00000203f747aee8 method=java.util.TimSort.reverseRange([Ljava/lang/Object;II)V @ 5 c2
Event: 16.755 Thread 0x0000020388eddae0 DEOPT PACKING pc=0x00000203f747aee8 sp=0x0000009797bfa020
Event: 16.755 Thread 0x0000020388eddae0 DEOPT UNPACKING pc=0x00000203f67469a3 sp=0x0000009797bf9ee0 mode 2
Event: 16.789 Thread 0x0000020388eddae0 Uncommon trap: trap_request=0xffffffde fr.pc=0x00000203f70fefc4 relative=0x0000000000000364
Event: 16.789 Thread 0x0000020388eddae0 Uncommon trap: reason=class_check action=maybe_recompile pc=0x00000203f70fefc4 method=java.util.stream.AbstractPipeline.copyIntoWithCancel(Ljava/util/stream/Sink;Ljava/util/Spliterator;)Z @ 32 c2
Event: 16.789 Thread 0x0000020388eddae0 DEOPT PACKING pc=0x00000203f70fefc4 sp=0x0000009797bfb250
Event: 16.789 Thread 0x0000020388eddae0 DEOPT UNPACKING pc=0x00000203f67469a3 sp=0x0000009797bfb110 mode 2
Event: 16.789 Thread 0x0000020388eddae0 Uncommon trap: trap_request=0xffffffde fr.pc=0x00000203f70ff9d0 relative=0x0000000000000270
Event: 16.789 Thread 0x0000020388eddae0 Uncommon trap: reason=class_check action=maybe_recompile pc=0x00000203f70ff9d0 method=java.util.stream.AbstractPipeline.copyIntoWithCancel(Ljava/util/stream/Sink;Ljava/util/Spliterator;)Z @ 32 c2
Event: 16.790 Thread 0x0000020388eddae0 DEOPT PACKING pc=0x00000203f70ff9d0 sp=0x0000009797bfb1f0
Event: 16.790 Thread 0x0000020388eddae0 DEOPT UNPACKING pc=0x00000203f67469a3 sp=0x0000009797bfb110 mode 2
Event: 16.790 Thread 0x0000020388eddae0 Uncommon trap: trap_request=0xffffffde fr.pc=0x00000203f70e0bd8 relative=0x0000000000000218
Event: 16.790 Thread 0x0000020388eddae0 Uncommon trap: reason=class_check action=maybe_recompile pc=0x00000203f70e0bd8 method=java.util.stream.AbstractPipeline.copyIntoWithCancel(Ljava/util/stream/Sink;Ljava/util/Spliterator;)Z @ 32 c2
Event: 16.790 Thread 0x0000020388eddae0 DEOPT PACKING pc=0x00000203f70e0bd8 sp=0x0000009797bfb180
Event: 16.790 Thread 0x0000020388eddae0 DEOPT UNPACKING pc=0x00000203f67469a3 sp=0x0000009797bfb110 mode 2

Classes unloaded (0 events):
No events

Classes redefined (0 events):
No events

Internal exceptions (20 events):
Event: 14.336 Thread 0x0000020388eddae0 Exception <a 'java/lang/ClassNotFoundException'{0x00000000eb2adff0}: org/codehaus/groovy/runtime/NullObjectCustomizer> (0x00000000eb2adff0) 
thrown [s\src\hotspot\share\classfile\systemDictionary.cpp, line 256]
Event: 14.339 Thread 0x0000020388eddae0 Exception <a 'java/lang/ClassNotFoundException'{0x00000000eb2ec7e0}: org/gradle/api/internal/catalog/DefaultDependenciesAccessors_DecoratedBeanInfo> (0x00000000eb2ec7e0) 
thrown [s\src\hotspot\share\classfile\systemDictionary.cpp, line 256]
Event: 14.341 Thread 0x0000020388eddae0 Exception <a 'java/lang/ClassNotFoundException'{0x00000000eb2f7f28}: org/gradle/api/internal/catalog/DefaultDependenciesAccessorsBeanInfo> (0x00000000eb2f7f28) 
thrown [s\src\hotspot\share\classfile\systemDictionary.cpp, line 256]
Event: 14.341 Thread 0x0000020388eddae0 Exception <a 'java/lang/ClassNotFoundException'{0x00000000eb103100}: org/gradle/api/internal/catalog/DefaultDependenciesAccessorsCustomizer> (0x00000000eb103100) 
thrown [s\src\hotspot\share\classfile\systemDictionary.cpp, line 256]
Event: 14.342 Thread 0x0000020388eddae0 Exception <a 'java/lang/ClassNotFoundException'{0x00000000eb1149e8}: org/gradle/api/internal/catalog/DefaultDependenciesAccessors_DecoratedCustomizer> (0x00000000eb1149e8) 
thrown [s\src\hotspot\share\classfile\systemDictionary.cpp, line 256]
Event: 14.344 Thread 0x0000020388eddae0 Exception <a 'java/lang/ClassNotFoundException'{0x00000000eb141458}: org/gradle/internal/classpath/DefaultClassPathBeanInfo> (0x00000000eb141458) 
thrown [s\src\hotspot\share\classfile\systemDictionary.cpp, line 256]
Event: 14.344 Thread 0x0000020388eddae0 Exception <a 'java/lang/ClassNotFoundException'{0x00000000eb14a158}: org/gradle/internal/classpath/DefaultClassPathCustomizer> (0x00000000eb14a158) 
thrown [s\src\hotspot\share\classfile\systemDictionary.cpp, line 256]
Event: 14.347 Thread 0x0000020388eddae0 Exception <a 'java/lang/ClassNotFoundException'{0x00000000eb065260}: org/gradle/internal/classpath/DefaultClassPath$ImmutableUniqueListBeanInfo> (0x00000000eb065260) 
thrown [s\src\hotspot\share\classfile\systemDictionary.cpp, line 256]
Event: 14.347 Thread 0x0000020388eddae0 Exception <a 'java/lang/ClassNotFoundException'{0x00000000eb069c90}: java/util/AbstractListBeanInfo> (0x00000000eb069c90) 
thrown [s\src\hotspot\share\classfile\systemDictionary.cpp, line 256]
Event: 14.348 Thread 0x0000020388eddae0 Exception <a 'java/lang/ClassNotFoundException'{0x00000000eb06e6e8}: java/util/AbstractListCustomizer> (0x00000000eb06e6e8) 
thrown [s\src\hotspot\share\classfile\systemDictionary.cpp, line 256]
Event: 14.348 Thread 0x0000020388eddae0 Exception <a 'java/lang/ClassNotFoundException'{0x00000000eb082f70}: org/gradle/internal/classpath/DefaultClassPath$ImmutableUniqueListCustomizer> (0x00000000eb082f70) 
thrown [s\src\hotspot\share\classfile\systemDictionary.cpp, line 256]
Event: 15.364 Thread 0x0000020388eddae0 Exception <a 'java/lang/ClassNotFoundException'{0x00000000eaf29070}: org/jetbrains/plugins/gradle/model/DefaultDependencyAccessorsModelBeanInfo> (0x00000000eaf29070) 
thrown [s\src\hotspot\share\classfile\systemDictionary.cpp, line 256]
Event: 15.365 Thread 0x0000020388eddae0 Exception <a 'java/lang/ClassNotFoundException'{0x00000000eaf31bc0}: org/jetbrains/plugins/gradle/model/DefaultDependencyAccessorsModelCustomizer> (0x00000000eaf31bc0) 
thrown [s\src\hotspot\share\classfile\systemDictionary.cpp, line 256]
Event: 15.376 Thread 0x000002038eb26080 Exception <a 'java/lang/NoSuchMethodError'{0x00000000eb52b6f8}: static Lorg/jetbrains/plugins/gradle/tooling/internal/VersionCatalogsModelImpl;.<clinit>()V> (0x00000000eb52b6f8) 
thrown [s\src\hotspot\share\prims\jni.cpp, line 1108]
Event: 15.398 Thread 0x0000020388eddae0 Exception <a 'java/lang/ClassNotFoundException'{0x00000000eac2a5c0}: org/gradle/api/internal/tasks/DefaultSourceSetContainer_DecoratedBeanInfo> (0x00000000eac2a5c0) 
thrown [s\src\hotspot\share\classfile\systemDictionary.cpp, line 256]
Event: 15.398 Thread 0x0000020388eddae0 Exception <a 'java/lang/ClassNotFoundException'{0x00000000eac351e8}: org/gradle/api/internal/tasks/DefaultSourceSetContainerBeanInfo> (0x00000000eac351e8) 
thrown [s\src\hotspot\share\classfile\systemDictionary.cpp, line 256]
Event: 15.398 Thread 0x0000020388eddae0 Exception <a 'java/lang/ClassNotFoundException'{0x00000000eac3fe30}: org/gradle/api/internal/tasks/DefaultSourceSetContainerCustomizer> (0x00000000eac3fe30) 
thrown [s\src\hotspot\share\classfile\systemDictionary.cpp, line 256]
Event: 15.400 Thread 0x0000020388eddae0 Exception <a 'java/lang/ClassNotFoundException'{0x00000000eac567b0}: org/gradle/api/internal/tasks/DefaultSourceSetContainer_DecoratedCustomizer> (0x00000000eac567b0) 
thrown [s\src\hotspot\share\classfile\systemDictionary.cpp, line 256]
Event: 16.792 Thread 0x000002038eb26080 Exception <a 'java/lang/NoSuchMethodError'{0x00000000edb1c188}: static Lorg/jetbrains/plugins/gradle/tooling/serialization/internal/adapter/kotlin/dsl/InternalKotlinDslScriptsModel;.<clinit>()V> (0x00000000edb1c188) 
thrown [s\src\hotspot\share\prims\jni.cpp, line 1108]
Event: 16.792 Thread 0x000002038eb26080 Exception <a 'java/lang/NoSuchMethodError'{0x00000000edb26b88}: static Lorg/jetbrains/plugins/gradle/tooling/serialization/internal/adapter/kotlin/dsl/InternalKotlinDslScriptModel;.<clinit>()V> (0x00000000edb26b88) 
thrown [s\src\hotspot\share\prims\jni.cpp, line 1108]

VM Operations (20 events):
Event: 15.494 Executing VM operation: HandshakeAllThreads done
Event: 15.542 Executing VM operation: G1CollectForAllocation
Event: 15.553 Executing VM operation: G1CollectForAllocation done
Event: 15.573 Executing VM operation: G1CollectForAllocation
Event: 15.579 Executing VM operation: G1CollectForAllocation done
Event: 15.740 Executing VM operation: HandshakeAllThreads
Event: 15.740 Executing VM operation: HandshakeAllThreads done
Event: 16.044 Executing VM operation: G1CollectForAllocation
Event: 16.050 Executing VM operation: G1CollectForAllocation done
Event: 16.079 Executing VM operation: G1PauseRemark
Event: 16.084 Executing VM operation: G1PauseRemark done
Event: 16.102 Executing VM operation: G1PauseCleanup
Event: 16.102 Executing VM operation: G1PauseCleanup done
Event: 16.499 Executing VM operation: G1CollectForAllocation
Event: 16.506 Executing VM operation: G1CollectForAllocation done
Event: 16.555 Executing VM operation: G1CollectForAllocation
Event: 16.560 Executing VM operation: G1CollectForAllocation done
Event: 16.836 Executing VM operation: G1TryInitiateConcMark
Event: 16.841 Executing VM operation: G1TryInitiateConcMark done
Event: 16.875 Executing VM operation: G1PauseRemark

Events (20 events):
Event: 14.347 loading class java/util/AbstractListBeanInfo
Event: 14.347 loading class java/util/AbstractListBeanInfo done
Event: 14.348 loading class java/util/AbstractListCustomizer
Event: 14.348 loading class java/util/AbstractListCustomizer done
Event: 14.348 loading class java/util/AbstractListCustomizer
Event: 14.348 loading class java/util/AbstractListCustomizer done
Event: 15.366 Thread 0x0000020383a50d30 Thread exited: 0x0000020383a50d30
Event: 15.371 Thread 0x0000020383932540 Thread exited: 0x0000020383932540
Event: 15.373 Thread 0x0000020383932020 Thread exited: 0x0000020383932020
Event: 15.376 Thread 0x000002038989cee0 Thread added: 0x000002038989cee0
Event: 15.418 Thread 0x0000020388b472c0 Thread added: 0x0000020388b472c0
Event: 15.496 Thread 0x000002038eb26fb0 Thread added: 0x000002038eb26fb0
Event: 15.744 Thread 0x0000020383793430 flushing nmethod 0x00000203ef8ee710
Event: 16.098 Thread 0x000002038989cee0 Thread exited: 0x000002038989cee0
Event: 16.098 Thread 0x000002038a3bce70 Thread exited: 0x000002038a3bce70
Event: 16.098 Thread 0x000002038c6db030 Thread exited: 0x000002038c6db030
Event: 16.602 Thread 0x000002038a3bce70 Thread added: 0x000002038a3bce70
Event: 16.602 Thread 0x000002038e9397a0 Thread added: 0x000002038e9397a0
Event: 16.772 Thread 0x000002038e93c540 Thread added: 0x000002038e93c540
Event: 16.773 Thread 0x000002038cc7c870 Thread added: 0x000002038cc7c870


Dynamic libraries:
0x00007ff622060000 - 0x00007ff62206a000 	C:\Program Files\Android\Android Studio\jbr\bin\java.exe
0x00007ffc8cf00000 - 0x00007ffc8d167000 	C:\WINDOWS\SYSTEM32\ntdll.dll
0x00007ffc8bbd0000 - 0x00007ffc8bc99000 	C:\WINDOWS\System32\KERNEL32.DLL
0x00007ffc8a3b0000 - 0x00007ffc8a7a7000 	C:\WINDOWS\System32\KERNELBASE.dll
0x00007ffc8a1d0000 - 0x00007ffc8a31b000 	C:\WINDOWS\System32\ucrtbase.dll
0x00007ffc50e90000 - 0x00007ffc50ea7000 	C:\Program Files\Android\Android Studio\jbr\bin\jli.dll
0x00007ffc83910000 - 0x00007ffc8392b000 	C:\Program Files\Android\Android Studio\jbr\bin\VCRUNTIME140.dll
0x00007ffc8ccb0000 - 0x00007ffc8ce76000 	C:\WINDOWS\System32\USER32.dll
0x00007ffc89930000 - 0x00007ffc89957000 	C:\WINDOWS\System32\win32u.dll
0x00007ffc716c0000 - 0x00007ffc71952000 	C:\WINDOWS\WinSxS\amd64_microsoft.windows.common-controls_6595b64144ccf1df_6.0.26100.8328_none_3e08182ce334b678\COMCTL32.dll
0x00007ffc8ad10000 - 0x00007ffc8ad3b000 	C:\WINDOWS\System32\GDI32.dll
0x00007ffc8bb10000 - 0x00007ffc8bbb9000 	C:\WINDOWS\System32\msvcrt.dll
0x00007ffc8a9e0000 - 0x00007ffc8ab0c000 	C:\WINDOWS\System32\gdi32full.dll
0x00007ffc8a7b0000 - 0x00007ffc8a853000 	C:\WINDOWS\System32\msvcp_win.dll
0x00007ffc8ce80000 - 0x00007ffc8ceb2000 	C:\WINDOWS\System32\IMM32.DLL
0x00007ffc838c0000 - 0x00007ffc838cc000 	C:\Program Files\Android\Android Studio\jbr\bin\vcruntime140_1.dll
0x00007ffc56930000 - 0x00007ffc569bd000 	C:\Program Files\Android\Android Studio\jbr\bin\msvcp140.dll
0x00007ffb9cef0000 - 0x00007ffb9db73000 	C:\Program Files\Android\Android Studio\jbr\bin\server\jvm.dll
0x00007ffc8b400000 - 0x00007ffc8b4b6000 	C:\WINDOWS\System32\ADVAPI32.dll
0x00007ffc8c9b0000 - 0x00007ffc8ca57000 	C:\WINDOWS\System32\sechost.dll
0x00007ffc8ca60000 - 0x00007ffc8cb78000 	C:\WINDOWS\System32\RPCRT4.dll
0x00007ffc310f0000 - 0x00007ffc310fa000 	C:\WINDOWS\SYSTEM32\WSOCK32.dll
0x00007ffc7d040000 - 0x00007ffc7d076000 	C:\WINDOWS\SYSTEM32\WINMM.dll
0x00007ffc8ac80000 - 0x00007ffc8ad00000 	C:\WINDOWS\System32\WS2_32.dll
0x00007ffc7ffe0000 - 0x00007ffc7ffeb000 	C:\WINDOWS\SYSTEM32\VERSION.dll
0x00007ffc89190000 - 0x00007ffc891ee000 	C:\WINDOWS\SYSTEM32\POWRPROF.dll
0x00007ffc89170000 - 0x00007ffc89184000 	C:\WINDOWS\SYSTEM32\UMPDC.dll
0x00007ffc886a0000 - 0x00007ffc886bb000 	C:\WINDOWS\SYSTEM32\kernel.appcore.dll
0x00007ffc65f10000 - 0x00007ffc65f1a000 	C:\Program Files\Android\Android Studio\jbr\bin\jimage.dll
0x00007ffc87300000 - 0x00007ffc87542000 	C:\WINDOWS\SYSTEM32\DBGHELP.DLL
0x00007ffc8b070000 - 0x00007ffc8b3f3000 	C:\WINDOWS\System32\combase.dll
0x00007ffc8b4c0000 - 0x00007ffc8b599000 	C:\WINDOWS\System32\OLEAUT32.dll
0x00007ffc6c5b0000 - 0x00007ffc6c5eb000 	C:\WINDOWS\SYSTEM32\dbgcore.DLL
0x00007ffc8ab10000 - 0x00007ffc8abb8000 	C:\WINDOWS\System32\bcryptPrimitives.dll
0x00007ffc84560000 - 0x00007ffc8456e000 	C:\Program Files\Android\Android Studio\jbr\bin\instrument.dll
0x00007ffc51000000 - 0x00007ffc51025000 	C:\Program Files\Android\Android Studio\jbr\bin\java.dll
0x00007ffc544d0000 - 0x00007ffc544e8000 	C:\Program Files\Android\Android Studio\jbr\bin\zip.dll
0x00007ffc8c230000 - 0x00007ffc8c99e000 	C:\WINDOWS\System32\SHELL32.dll
0x00007ffc89960000 - 0x00007ffc8a1cc000 	C:\WINDOWS\System32\windows.storage.dll
0x00007ffc8ba10000 - 0x00007ffc8bb06000 	C:\WINDOWS\System32\SHCORE.dll
0x00007ffc8b5a0000 - 0x00007ffc8b606000 	C:\WINDOWS\System32\shlwapi.dll
0x00007ffc89850000 - 0x00007ffc89879000 	C:\WINDOWS\SYSTEM32\profapi.dll
0x00007ffc50c80000 - 0x00007ffc50c99000 	C:\Program Files\Android\Android Studio\jbr\bin\net.dll
0x00007ffc82970000 - 0x00007ffc82a99000 	C:\WINDOWS\SYSTEM32\WINHTTP.dll
0x00007ffc88c30000 - 0x00007ffc88c9c000 	C:\WINDOWS\system32\mswsock.dll
0x00007ffc50c60000 - 0x00007ffc50c76000 	C:\Program Files\Android\Android Studio\jbr\bin\nio.dll
0x00007ffc50fe0000 - 0x00007ffc50ff0000 	C:\Program Files\Android\Android Studio\jbr\bin\verify.dll
0x00007ffc0c850000 - 0x00007ffc0c877000 	C:\Users\Nicoj\.gradle\native\1def1411415f61bf3af743bc5b6707747c0891f09f0c88961ee8f79bc544acac\windows-amd64\native-platform.dll
0x0000000065690000 - 0x0000000065703000 	C:\Users\Nicoj\.gradle\native\0.2.5\x86_64-windows-gnu\gradle-fileevents.dll
0x00007ffc57ca0000 - 0x00007ffc57ca9000 	C:\Program Files\Android\Android Studio\jbr\bin\management.dll
0x00007ffc50ff0000 - 0x00007ffc50ffb000 	C:\Program Files\Android\Android Studio\jbr\bin\management_ext.dll
0x00007ffc8bbc0000 - 0x00007ffc8bbc8000 	C:\WINDOWS\System32\PSAPI.DLL
0x00007ffc88f80000 - 0x00007ffc88f9b000 	C:\WINDOWS\SYSTEM32\CRYPTSP.dll
0x00007ffc88600000 - 0x00007ffc88639000 	C:\WINDOWS\system32\rsaenh.dll
0x00007ffc88ce0000 - 0x00007ffc88d13000 	C:\WINDOWS\SYSTEM32\USERENV.dll
0x00007ffc89820000 - 0x00007ffc8984a000 	C:\WINDOWS\SYSTEM32\bcrypt.dll
0x00007ffc88fa0000 - 0x00007ffc88fac000 	C:\WINDOWS\SYSTEM32\CRYPTBASE.dll
0x00007ffc880d0000 - 0x00007ffc88102000 	C:\WINDOWS\SYSTEM32\IPHLPAPI.DLL
0x00007ffc8aee0000 - 0x00007ffc8aeea000 	C:\WINDOWS\System32\NSI.dll
0x00007ffc82950000 - 0x00007ffc8296d000 	C:\WINDOWS\SYSTEM32\dhcpcsvc6.DLL
0x00007ffc82920000 - 0x00007ffc82945000 	C:\WINDOWS\SYSTEM32\dhcpcsvc.DLL
0x00007ffc88170000 - 0x00007ffc882a2000 	C:\WINDOWS\SYSTEM32\DNSAPI.dll
0x00007ffc3faa0000 - 0x00007ffc3faa8000 	C:\WINDOWS\system32\wshunix.dll
0x0000000065610000 - 0x0000000065683000 	C:\Users\Nicoj\AppData\Local\Temp\native-platform8638146341048798710dir\gradle-fileevents.dll

dbghelp: loaded successfully - version: 4.0.5 - missing functions: none
symbol engine: initialized successfully - sym options: 0x614 - pdb path: .;C:\Program Files\Android\Android Studio\jbr\bin;C:\WINDOWS\SYSTEM32;C:\WINDOWS\WinSxS\amd64_microsoft.windows.common-controls_6595b64144ccf1df_6.0.26100.8328_none_3e08182ce334b678;C:\Program Files\Android\Android Studio\jbr\bin\server;C:\Users\Nicoj\.gradle\native\1def1411415f61bf3af743bc5b6707747c0891f09f0c88961ee8f79bc544acac\windows-amd64;C:\Users\Nicoj\.gradle\native\0.2.5\x86_64-windows-gnu;C:\Users\Nicoj\AppData\Local\Temp\native-platform8638146341048798710dir

VM Arguments:
jvm_args: --add-opens=java.base/java.lang=ALL-UNNAMED --add-opens=java.base/java.lang.invoke=ALL-UNNAMED --add-opens=java.base/java.util=ALL-UNNAMED --add-opens=java.prefs/java.util.prefs=ALL-UNNAMED --add-exports=jdk.compiler/com.sun.tools.javac.api=ALL-UNNAMED --add-exports=jdk.compiler/com.sun.tools.javac.util=ALL-UNNAMED --add-opens=java.base/java.util=ALL-UNNAMED --add-opens=java.prefs/java.util.prefs=ALL-UNNAMED --add-opens=java.base/java.nio.charset=ALL-UNNAMED --add-opens=java.base/java.net=ALL-UNNAMED --add-opens=java.base/java.util.concurrent.atomic=ALL-UNNAMED --add-opens=java.xml/javax.xml.namespace=ALL-UNNAMED -XX:MaxMetaspaceSize=384m -XX:+HeapDumpOnOutOfMemoryError -Xms256m -Xmx512m -Dfile.encoding=windows-1252 -Duser.country=PH -Duser.language=en -Duser.variant -javaagent:C:\Users\Nicoj\.gradle\wrapper\dists\gradle-8.12-bin\cetblhg4pflnnks72fxwobvgv\gradle-8.12\lib\agents\gradle-instrumentation-agent-8.12.jar 
java_command: org.gradle.launcher.daemon.bootstrap.GradleDaemon 8.12
java_class_path (initial): C:\Users\Nicoj\.gradle\wrapper\dists\gradle-8.12-bin\cetblhg4pflnnks72fxwobvgv\gradle-8.12\lib\gradle-daemon-main-8.12.jar
Launcher Type: SUN_STANDARD

[Global flags]
     intx CICompilerCount                          = 12                                        {product} {ergonomic}
   size_t CompressedClassSpaceSize                 = 335544320                                 {product} {ergonomic}
     uint ConcGCThreads                            = 3                                         {product} {ergonomic}
     uint G1ConcRefinementThreads                  = 13                                        {product} {ergonomic}
   size_t G1HeapRegionSize                         = 1048576                                   {product} {ergonomic}
    uintx GCDrainStackTargetSize                   = 64                                        {product} {ergonomic}
     bool HeapDumpOnOutOfMemoryError               = true                                   {manageable} {command line}
   size_t InitialHeapSize                          = 268435456                                 {product} {command line}
   size_t MarkStackSize                            = 4194304                                   {product} {ergonomic}
   size_t MaxHeapSize                              = 536870912                                 {product} {command line}
   size_t MaxMetaspaceSize                         = 402653184                                 {product} {command line}
   size_t MaxNewSize                               = 321912832                                 {product} {ergonomic}
   size_t MinHeapDeltaBytes                        = 1048576                                   {product} {ergonomic}
   size_t MinHeapSize                              = 268435456                                 {product} {command line}
    uintx NonNMethodCodeHeapSize                   = 7602480                                {pd product} {ergonomic}
    uintx NonProfiledCodeHeapSize                  = 122027880                              {pd product} {ergonomic}
    uintx ProfiledCodeHeapSize                     = 122027880                              {pd product} {ergonomic}
    uintx ReservedCodeCacheSize                    = 251658240                              {pd product} {ergonomic}
     bool SegmentedCodeCache                       = true                                      {product} {ergonomic}
   size_t SoftMaxHeapSize                          = 536870912                              {manageable} {ergonomic}
     bool UseCompressedClassPointers               = true                           {product lp64_product} {ergonomic}
     bool UseCompressedOops                        = true                           {product lp64_product} {ergonomic}
     bool UseG1GC                                  = true                                      {product} {ergonomic}
     bool UseLargePagesIndividualAllocation        = false                                  {pd product} {ergonomic}

Logging:
Log output configuration:
 #0: stdout all=warning uptime,level,tags
 #1: stderr all=off uptime,level,tags

Environment Variables:
PATH=C:\Python313\Scripts\;C:\Python313\;C:\Program Files\Common Files\Oracle\Java\javapath;C:\Program Files (x86)\Common Files\Oracle\Java\java8path;C:\Program Files (x86)\Common Files\Oracle\Java\javapath;C:\Program Files (x86)\NVIDIA Corporation\PhysX\Common;C:\Program Files\NVIDIA Corporation\NVIDIA NvDLISR;C:\WINDOWS\system32;C:\WINDOWS;C:\WINDOWS\System32\Wbem;C:\WINDOWS\System32\WindowsPowerShell\v1.0\;C:\WINDOWS\System32\OpenSSH\;C:\Program Files\nodejs\;C:\ProgramData\chocolatey\bin;C:\Program Files\Git\cmd;C:\Users\Nicoj\AppData\Local\Microsoft\WindowsApps;C:\Users\Nicoj\AppData\Local\Programs\Microsoft VS Code\bin;C:\Users\Nicoj\AppData\Local\Programs\Windsurf\bin;C:\Users\Nicoj\AppData\Roaming\npm;C:\Users\Nicoj\AppData\Local\GitHubDesktop\bin;C:\flutter\bin;C:\flutter\bin
USERNAME=Nicoj
OS=Windows_NT
PROCESSOR_IDENTIFIER=Intel64 Family 6 Model 154 Stepping 3, GenuineIntel
TMP=C:\Users\Nicoj\AppData\Local\Temp
TEMP=C:\Users\Nicoj\AppData\Local\Temp



Periodic native trim disabled

JNI global refs:
JNI global refs: 37, weak refs: 0

JNI global refs memory usage: 843, weak refs: 209

OOME stack traces (most recent first):
Classloader memory used:
Loader org.gradle.internal.classloader.VisitableURLClassLoader                         : 5145K
Loader org.gradle.internal.classloader.VisitableURLClassLoader$InstrumentingVisitableURLClassLoader: 3250K
Loader bootstrap                                                                       : 2956K
Loader org.gradle.initialization.MixInLegacyTypesClassLoader                           : 1409K
Loader org.gradle.internal.classloader.VisitableURLClassLoader                         : 344K
Loader jdk.internal.reflect.DelegatingClassLoader                                      : 84469B
Loader jdk.internal.loader.ClassLoaders$PlatformClassLoader                            : 66667B
Loader jdk.internal.loader.ClassLoaders$AppClassLoader                                 : 28928B
Loader org.gradle.groovy.scripts.internal.DefaultScriptCompilationHandler$ScriptClassLoader: 11096B
Loader org.codehaus.groovy.runtime.callsite.CallSiteClassLoader                        : 6817B
Loader sun.reflect.misc.MethodUtil                                                     : 373B

Classes loaded by more than one classloader:
Class Program                                                                         : loaded 5 times (x 70B)
Class com.google.common.base.CharMatcher$IsEither                                     : loaded 3 times (x 109B)
Class com.google.common.base.CharMatcher$AnyOf                                        : loaded 3 times (x 110B)
Class com.google.common.collect.ImmutableAsList                                       : loaded 3 times (x 169B)
Class com.google.common.base.CharMatcher$JavaLetter                                   : loaded 3 times (x 109B)
Class com.google.common.base.CharMatcher$FastMatcher                                  : loaded 3 times (x 109B)
Class com.google.common.base.CharMatcher$Invisible                                    : loaded 3 times (x 110B)
Class com.google.common.base.CharMatcher$NamedFastMatcher                             : loaded 3 times (x 110B)
Class com.google.common.base.AbstractIterator$State                                   : loaded 3 times (x 77B)
Class com.google.common.collect.SingletonImmutableList                                : loaded 3 times (x 167B)
Class org.gradle.internal.Cast                                                        : loaded 3 times (x 69B)
Class com.google.common.base.CharMatcher$ForPredicate                                 : loaded 3 times (x 110B)
Class com.google.common.base.CharMatcher$Negated                                      : loaded 3 times (x 111B)
Class com.google.common.base.NullnessCasts                                            : loaded 3 times (x 69B)
Class com.google.common.base.CharMatcher$NegatedFastMatcher                           : loaded 3 times (x 111B)
Class com.google.common.base.CommonPattern                                            : loaded 3 times (x 72B)
Class com.google.common.base.CharMatcher$JavaLowerCase                                : loaded 3 times (x 109B)
Class com.google.common.base.CharMatcher$Or                                           : loaded 3 times (x 110B)
Class com.google.common.base.CharMatcher$JavaIsoControl                               : loaded 3 times (x 110B)
Class com.google.common.base.CharMatcher$JavaDigit                                    : loaded 3 times (x 109B)
Class com.google.common.base.CharMatcher$Digit                                        : loaded 3 times (x 110B)
Class com.google.common.base.Splitter$1                                               : loaded 3 times (x 75B)
Class com.google.common.collect.ImmutableList$SubList                                 : loaded 3 times (x 168B)
Class com.google.common.base.CharMatcher$RangesMatcher                                : loaded 3 times (x 110B)
Class com.google.common.base.CharMatcher$JavaUpperCase                                : loaded 3 times (x 109B)
Class org.gradle.api.Action                                                           : loaded 3 times (x 68B)
Class com.google.common.base.CharMatcher$Any                                          : loaded 3 times (x 110B)
Class com.google.common.base.CharMatcher$And                                          : loaded 3 times (x 110B)
Class org.gradle.api.UncheckedIOException                                             : loaded 3 times (x 80B)
Class com.google.common.base.CharMatcher$Ascii                                        : loaded 3 times (x 110B)
Class com.google.common.collect.Lists$StringAsImmutableList                           : loaded 3 times (x 167B)
Class com.google.common.base.CharMatcher$1                                            : loaded 3 times (x 111B)
Class com.google.common.base.AbstractIterator$1                                       : loaded 3 times (x 69B)
Class com.google.common.base.AbstractIterator                                         : loaded 3 times (x 78B)
Class [Lcom.google.common.base.AbstractIterator$State;                                : loaded 3 times (x 67B)
Class com.google.common.collect.RegularImmutableAsList                                : loaded 3 times (x 176B)
Class com.google.common.base.CharMatcher$Is                                           : loaded 3 times (x 109B)
Class com.google.common.base.CharMatcher                                              : loaded 3 times (x 109B)
Class com.google.common.base.CharMatcher$IsNot                                        : loaded 3 times (x 109B)
Class com.google.common.base.Splitter$SplittingIterator                               : loaded 3 times (x 82B)
Class com.google.common.collect.RegularImmutableList                                  : loaded 3 times (x 172B)
Class com.google.common.base.Splitter$1$1                                             : loaded 3 times (x 84B)
Class com.google.common.base.Splitter$Strategy                                        : loaded 3 times (x 68B)
Class com.google.common.collect.ImmutableList$1                                       : loaded 3 times (x 95B)
Class com.google.common.base.Splitter                                                 : loaded 3 times (x 70B)
Class com.google.common.collect.UnmodifiableListIterator                              : loaded 3 times (x 93B)
Class com.google.common.base.CharMatcher$None                                         : loaded 3 times (x 110B)
Class com.google.common.collect.AbstractIndexedListIterator                           : loaded 3 times (x 94B)
Class com.google.common.collect.CollectPreconditions                                  : loaded 3 times (x 69B)
Class org.gradle.internal.IoActions                                                   : loaded 3 times (x 69B)
Class com.google.common.base.Preconditions                                            : loaded 3 times (x 69B)
Class com.google.common.base.CharMatcher$Whitespace                                   : loaded 3 times (x 110B)
Class com.google.common.collect.ImmutableList                                         : loaded 3 times (x 166B)
Class com.google.common.collect.ObjectArrays                                          : loaded 3 times (x 69B)
Class com.google.common.base.CharMatcher$BitSetMatcher                                : loaded 3 times (x 110B)
Class com.google.common.collect.ImmutableList$ReverseImmutableList                    : loaded 3 times (x 168B)
Class com.google.common.collect.ImmutableCollection                                   : loaded 3 times (x 123B)
Class com.google.common.base.CharMatcher$JavaLetterOrDigit                            : loaded 3 times (x 109B)
Class org.gradle.api.GradleException                                                  : loaded 3 times (x 80B)
Class com.google.common.base.JdkPattern                                               : loaded 3 times (x 73B)
Class com.google.common.base.CharMatcher$SingleWidth                                  : loaded 3 times (x 110B)
Class com.google.common.collect.UnmodifiableIterator                                  : loaded 3 times (x 78B)
Class com.google.common.collect.Lists                                                 : loaded 3 times (x 69B)
Class com.google.common.base.CharMatcher$InRange                                      : loaded 3 times (x 109B)
Class com.google.common.base.Predicate                                                : loaded 3 times (x 68B)
Class com.google.common.cache.LocalCache$EntryFactory$1                               : loaded 2 times (x 81B)
Class org.gradle.tooling.model.build.JavaEnvironment                                  : loaded 2 times (x 68B)
Class org.gradle.tooling.internal.adapter.ProtocolToModelAdapter$PropertyCachingMethodInvoker: loaded 2 times (x 74B)
Class com.google.common.cache.LocalCache$EntryFactory$2                               : loaded 2 times (x 81B)
Class kotlin.collections.ArraysKt__ArraysKt                                           : loaded 2 times (x 69B)
Class com.google.common.cache.LocalCache$EntryFactory$3                               : loaded 2 times (x 81B)
Class com.google.common.cache.LocalCache$EntryFactory$4                               : loaded 2 times (x 81B)
Class org.gradle.tooling.internal.adapter.ProtocolToModelAdapter$NoOpDecoration       : loaded 2 times (x 77B)
Class com.google.common.cache.LocalCache$EntryFactory$5                               : loaded 2 times (x 81B)
Class com.google.common.cache.LocalCache$EntryFactory$6                               : loaded 2 times (x 81B)
Class com.google.common.cache.LocalCache$EntryFactory$7                               : loaded 2 times (x 81B)
Class org.gradle.internal.time.MonotonicClock                                         : loaded 2 times (x 75B)
Class com.google.common.cache.LocalCache$EntryFactory$8                               : loaded 2 times (x 81B)
Class org.gradle.tooling.internal.adapter.ProtocolToModelAdapter$SupportedPropertyInvoker: loaded 2 times (x 74B)
Class com.google.common.primitives.Ints                                               : loaded 2 times (x 69B)
Class kotlin.collections.ArrayDeque$Companion                                         : loaded 2 times (x 69B)
Class com.google.common.cache.LocalCache$StrongValueReference                         : loaded 2 times (x 88B)
Class org.gradle.internal.classloader.FilteringClassLoader                            : loaded 2 times (x 103B)
Class kotlin.collections.AbstractMutableList                                          : loaded 2 times (x 166B)
Class com.google.common.collect.RegularImmutableSet                                   : loaded 2 times (x 146B)
Class org.jetbrains.plugins.gradle.tooling.serialization.SerializationService         : loaded 2 times (x 68B)
Class kotlin.jvm.internal.Lambda                                                      : loaded 2 times (x 73B)
Class org.gradle.tooling.model.Model                                                  : loaded 2 times (x 68B)
Class [Lcom.google.common.cache.LocalCache$Strength;                                  : loaded 2 times (x 67B)
Class org.gradle.internal.classpath.DefaultClassPath$ImmutableUniqueList$Builder      : loaded 2 times (x 73B)
Class kotlin.UninitializedPropertyAccessException                                     : loaded 2 times (x 80B)
Class com.google.common.collect.Maps$8                                                : loaded 2 times (x 80B)
Class [Lcom.google.common.cache.CacheBuilder$NullListener;                            : loaded 2 times (x 67B)
Class com.google.common.base.PatternCompiler                                          : loaded 2 times (x 68B)
Class kotlin.coroutines.jvm.internal.RestrictedSuspendLambda                          : loaded 2 times (x 89B)
Class kotlin.Result$Failure                                                           : loaded 2 times (x 70B)
Class org.jetbrains.kotlin.idea.gradleTooling.KotlinSourceSetContainer                : loaded 2 times (x 68B)
Class kotlin.Result$Companion                                                         : loaded 2 times (x 69B)
Class com.google.common.collect.Sets$SetView                                          : loaded 2 times (x 136B)
Class com.google.common.collect.BiMap                                                 : loaded 2 times (x 68B)
Class com.google.common.base.Equivalence                                              : loaded 2 times (x 80B)
Class org.objectweb.asm.AnnotationWriter                                              : loaded 2 times (x 77B)
Class com.google.common.math.IntMath$1                                                : loaded 2 times (x 69B)
Class kotlin.jvm.internal.markers.KMutableIterable                                    : loaded 2 times (x 68B)
Class org.gradle.internal.classloader.ClassLoaderVisitor                              : loaded 2 times (x 74B)
Class org.objectweb.asm.Label                                                         : loaded 2 times (x 71B)
Class com.google.common.cache.CacheBuilder$NullListener                               : loaded 2 times (x 80B)
Class org.gradle.tooling.internal.adapter.ProtocolToModelAdapter$MethodInvocationCache$MethodInvocationKey: loaded 2 times (x 71B)
Class org.jetbrains.plugins.gradle.tooling.serialization.internal.adapter.Supplier    : loaded 2 times (x 68B)
Class com.google.common.math.MathPreconditions                                        : loaded 2 times (x 69B)
Class org.gradle.internal.time.DefaultCountdownTimer                                  : loaded 2 times (x 86B)
Class org.gradle.tooling.internal.adapter.CollectionMapper                            : loaded 2 times (x 71B)
Class org.gradle.internal.service.DefaultServiceLocator                               : loaded 2 times (x 81B)
Class org.gradle.internal.service.UnknownServiceException                             : loaded 2 times (x 81B)
Class org.jetbrains.plugins.gradle.model.ClasspathEntryModel                          : loaded 2 times (x 68B)
Class kotlin.collections.SetsKt___SetsKt                                              : loaded 2 times (x 69B)
Class com.google.common.util.concurrent.AbstractFuture$SynchronizedHelper             : loaded 2 times (x 76B)
Class com.google.common.collect.ArrayListMultimap                                     : loaded 2 times (x 170B)
Class com.google.common.base.Strings                                                  : loaded 2 times (x 69B)
Class org.jetbrains.plugins.gradle.model.DependencyAccessorsModel                     : loaded 2 times (x 68B)
Class com.google.common.cache.CacheLoader$InvalidCacheLoadException                   : loaded 2 times (x 80B)
Class org.gradle.internal.classloader.DefaultClassLoaderFactory                       : loaded 2 times (x 80B)
Class kotlin.collections.CollectionsKt__CollectionsKt                                 : loaded 2 times (x 69B)
Class org.jetbrains.plugins.gradle.model.internal.TurnOffDefaultTasks                 : loaded 2 times (x 68B)
Class com.google.common.base.Stopwatch                                                : loaded 2 times (x 70B)
Class com.google.common.base.Platform$JdkPatternCompiler                              : loaded 2 times (x 73B)
Class org.jetbrains.plugins.gradle.tooling.ModelBuilderService$Parameter              : loaded 2 times (x 68B)
Class com.google.common.cache.LocalCache$LoadingValueReference                        : loaded 2 times (x 94B)
Class kotlin.collections.CollectionsKt__MutableCollectionsKt                          : loaded 2 times (x 69B)
Class org.gradle.tooling.internal.adapter.ProtocolToModelAdapter$DefaultViewBuilder   : loaded 2 times (x 78B)
Class kotlin.ResultKt                                                                 : loaded 2 times (x 69B)
Class com.google.common.collect.ImmutableSet$EmptySetBuilderImpl                      : loaded 2 times (x 74B)
Class com.google.common.collect.Hashing                                               : loaded 2 times (x 69B)
Class org.jetbrains.plugins.gradle.model.internal.DummyModel                          : loaded 2 times (x 68B)
Class org.jetbrains.plugins.gradle.model.GradleExtensions                             : loaded 2 times (x 68B)
Class org.jetbrains.plugins.gradle.tooling.serialization.GradleExtensionsSerializationService$WriteContext: loaded 2 times (x 70B)
Class kotlin.collections.CollectionsKt__ReversedViewsKt                               : loaded 2 times (x 69B)
Class org.gradle.tooling.model.UnsupportedMethodException                             : loaded 2 times (x 80B)
Class com.google.common.collect.Multimap                                              : loaded 2 times (x 68B)
Class com.google.common.base.FunctionalEquivalence                                    : loaded 2 times (x 81B)
Class org.objectweb.asm.AnnotationVisitor                                             : loaded 2 times (x 76B)
Class org.objectweb.asm.RecordComponentWriter                                         : loaded 2 times (x 76B)
Class kotlin.sequences.SequenceScope                                                  : loaded 2 times (x 71B)
Class com.google.common.cache.LocalCache$1                                            : loaded 2 times (x 87B)
Class com.google.common.cache.LocalCache$2                                            : loaded 2 times (x 140B)
Class com.google.common.collect.RegularImmutableBiMap                                 : loaded 2 times (x 146B)
Class kotlin.sequences.SequencesKt__SequenceBuilderKt                                 : loaded 2 times (x 69B)
Class org.jetbrains.plugins.gradle.tooling.serialization.internal.IdeaProjectSerializationService$WriteContext$1: loaded 2 times (x 81B)
Class org.jetbrains.plugins.gradle.tooling.serialization.internal.IdeaProjectSerializationService$WriteContext$2: loaded 2 times (x 81B)
Class org.jetbrains.plugins.gradle.model.VersionCatalogsModel                         : loaded 2 times (x 68B)
Class org.jetbrains.plugins.gradle.tooling.serialization.internal.IdeaProjectSerializationService$WriteContext$3: loaded 2 times (x 81B)
Class org.jetbrains.kotlin.idea.gradleTooling.AndroidAwareGradleModelProvider$Companion: loaded 2 times (x 69B)
Class org.jetbrains.plugins.gradle.tooling.serialization.internal.IdeaProjectSerializationService$WriteContext$4: loaded 2 times (x 81B)
Class org.gradle.internal.classloader.VisitableURLClassLoader$Spec                    : loaded 2 times (x 72B)
Class org.jetbrains.plugins.gradle.tooling.serialization.internal.IdeaProjectSerializationService$WriteContext$5: loaded 2 times (x 81B)
Class org.gradle.tooling.model.ProjectModel                                           : loaded 2 times (x 68B)
Class org.gradle.internal.impldep.gnu.trove.TObjectIdentityHashingStrategy            : loaded 2 times (x 76B)
Class org.jetbrains.plugins.gradle.tooling.serialization.internal.IdeaProjectSerializationService$WriteContext$6: loaded 2 times (x 81B)
Class com.google.common.base.Converter                                                : loaded 2 times (x 88B)
Class com.google.common.collect.ImmutableMap                                          : loaded 2 times (x 118B)
Class org.jetbrains.plugins.gradle.tooling.serialization.internal.IdeaProjectSerializationService$WriteContext$7: loaded 2 times (x 81B)
Class org.gradle.tooling.internal.gradle.DefaultProjectIdentifier                     : loaded 2 times (x 84B)
Class org.jetbrains.plugins.gradle.tooling.serialization.internal.IdeaProjectSerializationService$WriteContext$8: loaded 2 times (x 81B)
Class com.intellij.util.containers.IntObjectHashMap                                   : loaded 2 times (x 70B)
Class org.gradle.api.internal.classpath.ModuleRegistry                                : loaded 2 times (x 68B)
Class com.google.common.cache.CacheBuilder                                            : loaded 2 times (x 70B)
Class org.objectweb.asm.ByteVector                                                    : loaded 2 times (x 77B)
Class org.gradle.internal.exceptions.DefaultMultiCauseException                       : loaded 2 times (x 89B)
Class org.jetbrains.plugins.gradle.model.RepositoriesModel                            : loaded 2 times (x 68B)
Class kotlin.jvm.internal.markers.KMutableCollection                                  : loaded 2 times (x 68B)
Class com.google.common.base.PairwiseEquivalence                                      : loaded 2 times (x 81B)
Class com.google.common.base.Ticker                                                   : loaded 2 times (x 70B)
Class kotlin.jvm.internal.markers.KMappedMarker                                       : loaded 2 times (x 68B)
Class org.gradle.tooling.internal.adapter.TypeInspector                               : loaded 2 times (x 71B)
Class org.gradle.api.internal.ClassPathProvider                                       : loaded 2 times (x 68B)
Class com.google.common.base.Ascii                                                    : loaded 2 times (x 69B)
Class com.google.common.collect.RegularImmutableMap$Values                            : loaded 2 times (x 167B)
Class org.objectweb.asm.ModuleWriter                                                  : loaded 2 times (x 80B)
Class org.gradle.internal.classloader.ClasspathUtil$1                                 : loaded 2 times (x 74B)
Class org.jetbrains.plugins.gradle.tooling.serialization.ExternalTestsSerializationService$ReadContext: loaded 2 times (x 70B)
Class com.google.common.collect.ImmutableEnumMap                                      : loaded 2 times (x 123B)
Class org.gradle.tooling.model.DomainObjectSet                                        : loaded 2 times (x 68B)
Class org.jetbrains.plugins.gradle.model.ExternalProjectDependency                    : loaded 2 times (x 68B)
Class com.google.common.collect.ImmutableMap$IteratorBasedImmutableMap                : loaded 2 times (x 123B)
Class kotlin.collections.CollectionsKt__MutableCollectionsJVMKt                       : loaded 2 times (x 69B)
Class kotlin.collections.EmptyList                                                    : loaded 2 times (x 134B)
Class com.google.common.cache.AbstractCache$StatsCounter                              : loaded 2 times (x 68B)
Class org.objectweb.asm.FieldVisitor                                                  : loaded 2 times (x 75B)
Class org.objectweb.asm.Symbol                                                        : loaded 2 times (x 71B)
Class com.google.common.cache.LocalCache$Strength$1                                   : loaded 2 times (x 79B)
Class com.google.common.cache.LocalCache$Strength$2                                   : loaded 2 times (x 79B)
Class com.google.common.cache.LocalCache$Strength$3                                   : loaded 2 times (x 79B)
Class sync_studio_tooling10_bkrlg9ubwqbx5cdrdn4gm8iy7                                 : loaded 2 times (x 177B)
Class org.gradle.internal.classloader.ClassLoaderFactory                              : loaded 2 times (x 68B)
Class com.google.common.util.concurrent.AbstractFuture$Failure                        : loaded 2 times (x 70B)
Class com.google.common.util.concurrent.AbstractFuture$Waiter                         : loaded 2 times (x 70B)
Class com.google.common.util.concurrent.Uninterruptibles                              : loaded 2 times (x 69B)
Class com.google.common.collect.Iterators$10                                          : loaded 2 times (x 79B)
Class kotlin.coroutines.EmptyCoroutineContext                                         : loaded 2 times (x 75B)
Class com.android.ide.common.repository.GradleVersion                                 : loaded 2 times (x 91B)
Class org.objectweb.asm.Type                                                          : loaded 2 times (x 70B)
Class org.jetbrains.plugins.gradle.model.FileCollectionDependency                     : loaded 2 times (x 68B)
Class org.gradle.api.internal.classpath.ManifestUtil                                  : loaded 2 times (x 69B)
Class org.gradle.api.specs.Spec                                                       : loaded 2 times (x 68B)
Class com.google.common.cache.CacheLoader$UnsupportedLoadingOperationException        : loaded 2 times (x 80B)
Class kotlin.jvm.internal.Intrinsics                                                  : loaded 2 times (x 69B)
Class com.google.common.cache.LocalCache$AbstractReferenceEntry                       : loaded 2 times (x 105B)
Class com.google.common.util.concurrent.ListenableFuture                              : loaded 2 times (x 68B)
Class org.gradle.tooling.internal.gradle.GradleBuildIdentity                          : loaded 2 times (x 68B)
Class org.gradle.tooling.internal.adapter.ProtocolToModelAdapter$ReflectionMethodInvoker: loaded 2 times (x 74B)
Class com.google.common.collect.Iterators$1                                           : loaded 2 times (x 79B)
Class org.jetbrains.plugins.gradle.model.GradleConfiguration                          : loaded 2 times (x 68B)
Class com.google.common.collect.Iterators$4                                           : loaded 2 times (x 80B)
Class com.google.common.collect.RegularImmutableMap$BucketOverflowException           : loaded 2 times (x 80B)
Class com.google.common.collect.Iterators$5                                           : loaded 2 times (x 80B)
Class com.google.common.util.concurrent.AbstractFuture$UnsafeAtomicHelper             : loaded 2 times (x 76B)
Class com.google.common.base.Joiner                                                   : loaded 2 times (x 77B)
Class com.google.common.base.Equivalence$Equals                                       : loaded 2 times (x 80B)
Class org.gradle.internal.installation.GradleInstallation$1                           : loaded 2 times (x 73B)
Class com.google.common.base.Function                                                 : loaded 2 times (x 68B)
Class com.google.common.collect.Iterators$9                                           : loaded 2 times (x 79B)
Class kotlin.coroutines.CoroutineContext                                              : loaded 2 times (x 68B)
Class org.gradle.api.internal.DefaultClassPathProvider                                : loaded 2 times (x 74B)
Class org.jetbrains.plugins.gradle.model.FilePatternSet                               : loaded 2 times (x 68B)
Class kotlin.collections.ArrayDeque                                                   : loaded 2 times (x 167B)
Class com.google.common.cache.ReferenceEntry                                          : loaded 2 times (x 68B)
Class org.gradle.tooling.internal.adapter.ObjectGraphAdapter                          : loaded 2 times (x 68B)
Class com.google.common.collect.RegularImmutableMap$KeySet                            : loaded 2 times (x 148B)
Class org.jetbrains.kotlin.idea.gradleTooling.KotlinMPPGradleModel                    : loaded 2 times (x 68B)
Class com.google.common.primitives.IntsMethodsForWeb                                  : loaded 2 times (x 69B)
Class kotlin.sequences.SequencesKt                                                    : loaded 2 times (x 69B)
Class com.google.common.collect.Maps                                                  : loaded 2 times (x 69B)
Class com.google.common.collect.RegularImmutableMap                                   : loaded 2 times (x 119B)
Class com.google.common.cache.LocalCache$Segment                                      : loaded 2 times (x 152B)
Class com.google.common.collect.Iterators$ArrayItr                                    : loaded 2 times (x 95B)
Class org.gradle.api.internal.classpath.EffectiveClassPath                            : loaded 2 times (x 88B)
Class [Lcom.google.common.cache.Weigher;                                              : loaded 2 times (x 67B)
Class kotlin.jvm.internal.DefaultConstructorMarker                                    : loaded 2 times (x 69B)
Class com.google.common.cache.CacheLoader$FunctionToCacheLoader                       : loaded 2 times (x 73B)
Class com.google.common.cache.CacheBuilder$1                                          : loaded 2 times (x 83B)
Class com.google.common.cache.CacheBuilder$2                                          : loaded 2 times (x 70B)
Class kotlin.jvm.internal.markers.KMutableList                                        : loaded 2 times (x 68B)
Class org.jetbrains.kotlin.tooling.core.Extras                                        : loaded 2 times (x 68B)
Class com.google.common.collect.ImmutableMapEntrySet$RegularEntrySet                  : loaded 2 times (x 149B)
Class [Lcom.google.common.cache.RemovalListener;                                      : loaded 2 times (x 67B)
Class [Lcom.google.common.collect.ImmutableMapEntry;                                  : loaded 2 times (x 67B)
Class org.gradle.tooling.model.idea.IdeaDependency                                    : loaded 2 times (x 68B)
Class org.jetbrains.kotlin.idea.gradleTooling.model.annotation.AnnotationBasedPluginModel: loaded 2 times (x 68B)
Class org.jetbrains.kotlin.idea.gradleTooling.model.assignment.AssignmentModel        : loaded 2 times (x 68B)
Class org.jetbrains.plugins.gradle.tooling.serialization.ExternalProjectSerializationService: loaded 2 times (x 75B)
Class org.gradle.internal.installation.CurrentGradleInstallation                      : loaded 2 times (x 71B)
Class org.gradle.internal.installation.CurrentGradleInstallationLocator               : loaded 2 times (x 69B)
Class [Lcom.google.common.cache.LocalCache$Segment;                                   : loaded 2 times (x 67B)
Class kotlin.collections.CollectionsKt__IteratorsJVMKt                                : loaded 2 times (x 69B)
Class org.gradle.api.internal.classpath.Module                                        : loaded 2 times (x 68B)
Class org.gradle.internal.impldep.gnu.trove.THash                                     : loaded 2 times (x 79B)
Class org.jetbrains.plugins.gradle.tooling.serialization.ProjectDependenciesSerializationService$ReadContext: loaded 2 times (x 70B)
Class org.jetbrains.plugins.gradle.tooling.serialization.internal.IdeaProjectSerializationService$WriteContext: loaded 2 times (x 70B)
Class org.gradle.tooling.internal.adapter.ViewBuilder                                 : loaded 2 times (x 68B)
Class org.gradle.tooling.internal.adapter.ProtocolToModelAdapter                      : loaded 2 times (x 78B)
Class kotlin.sequences.SequencesKt__SequencesKt                                       : loaded 2 times (x 69B)
Class kotlin.sequences.SequencesKt__SequencesJVMKt                                    : loaded 2 times (x 69B)
Class com.google.common.collect.ImmutableSet$JdkBackedSetBuilderImpl                  : loaded 2 times (x 74B)
Class org.gradle.tooling.internal.adapter.WeakIdentityHashMap$WeakKey                 : loaded 2 times (x 77B)
Class com.google.common.collect.ImmutableSet$RegularSetBuilderImpl                    : loaded 2 times (x 75B)
Class [Lorg.objectweb.asm.AnnotationWriter;                                           : loaded 2 times (x 67B)
Class org.gradle.internal.service.CachingServiceLocator                               : loaded 2 times (x 80B)
Class org.gradle.internal.time.Timer                                                  : loaded 2 times (x 68B)
Class [Lcom.google.common.collect.ImmutableEntry;                                     : loaded 2 times (x 67B)
Class org.jetbrains.plugins.gradle.model.tests.ExternalTestsModel                     : loaded 2 times (x 68B)
Class org.jetbrains.kotlin.idea.gradleTooling.KotlinDslScriptAdditionalTask           : loaded 2 times (x 68B)
Class kotlin.sequences.SequenceBuilderIterator                                        : loaded 2 times (x 83B)
Class org.gradle.internal.classpath.DefaultClassPath                                  : loaded 2 times (x 88B)
Class kotlin.Result                                                                   : loaded 2 times (x 70B)
Class org.gradle.internal.impldep.gnu.trove.TObjectHash$NULL                          : loaded 2 times (x 69B)
Class com.google.common.util.concurrent.AbstractFuture$SetFuture                      : loaded 2 times (x 73B)
Class kotlin.collections.CollectionsKt__CollectionsJVMKt                              : loaded 2 times (x 69B)
Class org.jetbrains.plugins.gradle.tooling.serialization.GradleExtensionsSerializationService$ReadContext: loaded 2 times (x 70B)
Class kotlin.sequences.SequencesKt___SequencesKt                                      : loaded 2 times (x 69B)
Class org.jetbrains.plugins.gradle.tooling.serialization.internal.IdeaProjectSerializationService: loaded 2 times (x 75B)
Class org.gradle.internal.impldep.gnu.trove.TObjectIntHashMap                         : loaded 2 times (x 107B)
Class org.gradle.tooling.model.idea.IdeaProject                                       : loaded 2 times (x 68B)
Class org.gradle.tooling.model.Element                                                : loaded 2 times (x 68B)
Class kotlin.collections.SetsKt__SetsJVMKt                                            : loaded 2 times (x 69B)
Class org.jetbrains.plugins.gradle.model.ExternalLibraryDependency                    : loaded 2 times (x 68B)
Class org.gradle.internal.impldep.gnu.trove.TObjectHash                               : loaded 2 times (x 92B)
Class com.intellij.openapi.externalSystem.model.project.dependencies.ProjectDependencies: loaded 2 times (x 68B)
Class com.google.common.cache.LocalCache$LocalManualCache$1                           : loaded 2 times (x 73B)
Class org.jetbrains.kotlin.idea.gradleTooling.PrepareKotlinIdeImportTaskModel         : loaded 2 times (x 68B)
Class kotlin.jvm.functions.Function0                                                  : loaded 2 times (x 68B)
Class org.gradle.tooling.internal.adapter.TargetTypeProvider                          : loaded 2 times (x 68B)
Class org.gradle.internal.impldep.com.google.common.base.Preconditions                : loaded 2 times (x 69B)
Class kotlin.jvm.functions.Function1                                                  : loaded 2 times (x 68B)
Class org.jetbrains.kotlin.idea.gradleTooling.AndroidAwareGradleModelProvider         : loaded 2 times (x 74B)
Class kotlin.jvm.functions.Function2                                                  : loaded 2 times (x 68B)
Class org.objectweb.asm.SymbolTable$Entry                                             : loaded 2 times (x 72B)
Class [Lcom.google.common.cache.LocalCache$EntryFactory;                              : loaded 2 times (x 67B)
Class org.objectweb.asm.FieldWriter                                                   : loaded 2 times (x 76B)
Class com.google.common.base.Platform                                                 : loaded 2 times (x 69B)
Class org.jetbrains.plugins.gradle.model.IntelliJSettings                             : loaded 2 times (x 68B)
Class com.google.common.collect.PeekingIterator                                       : loaded 2 times (x 68B)
Class org.gradle.internal.time.Time                                                   : loaded 2 times (x 69B)
Class org.gradle.internal.time.TimeSource$1                                           : loaded 2 times (x 75B)
Class [Lkotlin.coroutines.intrinsics.CoroutineSingletons;                             : loaded 2 times (x 67B)
Class org.jetbrains.plugins.gradle.tooling.serialization.RepositoriesModelSerializationService$WriteContext: loaded 2 times (x 70B)
Class kotlin.KotlinNullPointerException                                               : loaded 2 times (x 81B)
Class com.google.common.collect.ImmutableMapEntrySet                                  : loaded 2 times (x 149B)
Class com.google.common.cache.CacheLoader                                             : loaded 2 times (x 72B)
Class com.google.common.collect.ImmutableBiMapFauxverideShim                          : loaded 2 times (x 118B)
Class org.objectweb.asm.MethodTooLargeException                                       : loaded 2 times (x 81B)
Class com.android.ide.gradle.model.composites.BuildMap                                : loaded 2 times (x 68B)
Class kotlin.collections.CollectionsKt___CollectionsKt                                : loaded 2 times (x 69B)
Class com.google.common.cache.Cache                                                   : loaded 2 times (x 68B)
Class kotlin.sequences.SequencesKt__SequenceBuilderKt$sequence$$inlined$Sequence$1    : loaded 2 times (x 73B)
Class org.gradle.tooling.internal.adapter.ProtocolToModelAdapter$MixInMappingAction   : loaded 2 times (x 78B)
Class org.gradle.internal.classloader.SystemClassLoaderSpec                           : loaded 2 times (x 69B)
Class com.google.common.util.concurrent.internal.InternalFutureFailureAccess          : loaded 2 times (x 70B)
Class org.jetbrains.plugins.gradle.tooling.serialization.AnnotationProcessingModelSerializationService$ReadContext: loaded 2 times (x 70B)
Class com.google.common.base.Charsets                                                 : loaded 2 times (x 69B)
Class com.google.common.primitives.Ints$IntConverter                                  : loaded 2 times (x 88B)
Class com.google.common.collect.SingletonImmutableSet                                 : loaded 2 times (x 144B)
Class org.gradle.tooling.internal.adapter.ProtocolToModelAdapter$1                    : loaded 2 times (x 73B)
Class org.jetbrains.plugins.gradle.tooling.serialization.RepositoriesModelSerializationService: loaded 2 times (x 80B)
Class org.jetbrains.plugins.gradle.tooling.serialization.ProjectDependenciesSerializationService: loaded 2 times (x 75B)
Class org.gradle.tooling.internal.adapter.WeakIdentityHashMap$AbsentValueProvider     : loaded 2 times (x 68B)
Class com.google.common.collect.ImmutableMap$Builder                                  : loaded 2 times (x 80B)
Class org.gradle.tooling.model.Dependency                                             : loaded 2 times (x 68B)
Class com.google.common.cache.LocalCache$StrongEntry                                  : loaded 2 times (x 106B)
Class org.jetbrains.plugins.gradle.tooling.serialization.AnnotationProcessingModelSerializationService: loaded 2 times (x 75B)
Class org.objectweb.asm.ClassWriter                                                   : loaded 2 times (x 104B)
Class org.jetbrains.plugins.gradle.model.ExternalProject                              : loaded 2 times (x 68B)
Class kotlin.collections.SetsKt                                                       : loaded 2 times (x 69B)
Class kotlin.jvm.internal.FunctionBase                                                : loaded 2 times (x 68B)
Class [Lcom.google.common.cache.CacheBuilder$OneWeigher;                              : loaded 2 times (x 67B)
Class kotlin.Function                                                                 : loaded 2 times (x 68B)
Class com.google.common.collect.Iterators                                             : loaded 2 times (x 69B)
Class org.jetbrains.plugins.gradle.tooling.serialization.BuildScriptClasspathModelSerializationService$ReadContext: loaded 2 times (x 70B)
Class org.gradle.tooling.internal.adapter.ProtocolToModelAdapter$SafeMethodInvoker    : loaded 2 times (x 74B)
Class com.google.common.collect.ImmutableEntry                                        : loaded 2 times (x 80B)
Class com.google.common.cache.LocalCache$ComputingValueReference                      : loaded 2 times (x 94B)
Class org.jetbrains.plugins.gradle.tooling.util.ObjectCollector$Processor             : loaded 2 times (x 68B)
Class org.jetbrains.kotlin.idea.gradleTooling.model.samWithReceiver.SamWithReceiverModel: loaded 2 times (x 68B)
Class org.jetbrains.plugins.gradle.tooling.serialization.KotlinDslScriptsModelSerializationService: loaded 2 times (x 79B)
Class kotlin.coroutines.jvm.internal.RestrictedContinuationImpl                       : loaded 2 times (x 85B)
Class com.google.common.collect.IndexedImmutableSet                                   : loaded 2 times (x 148B)
Class com.google.common.base.ExtraObjectsMethodsForWeb                                : loaded 2 times (x 69B)
Class org.gradle.tooling.internal.adapter.ProtocolToModelAdapter$ViewKey              : loaded 2 times (x 70B)
Class com.google.common.collect.IndexedImmutableSet$1                                 : loaded 2 times (x 172B)
Class com.google.common.collect.AbstractListMultimap                                  : loaded 2 times (x 170B)
Class kotlin.coroutines.intrinsics.IntrinsicsKt__IntrinsicsKt                         : loaded 2 times (x 69B)
Class com.google.common.cache.CacheBuilder$OneWeigher                                 : loaded 2 times (x 80B)
Class com.google.common.cache.LocalCache$Strength                                     : loaded 2 times (x 79B)
Class com.google.common.collect.ArrayListMultimapGwtSerializationDependencies         : loaded 2 times (x 170B)
Class kotlin.Unit                                                                     : loaded 2 times (x 69B)
Class org.gradle.tooling.model.kotlin.dsl.KotlinDslScriptsModel                       : loaded 2 times (x 68B)
Class org.objectweb.asm.Handler                                                       : loaded 2 times (x 70B)
Class org.gradle.api.internal.classpath.GlobalCacheRootsProvider                      : loaded 2 times (x 68B)
Class org.gradle.internal.impldep.gnu.trove.TObjectIntProcedure                       : loaded 2 times (x 68B)
Class kotlin.collections.CollectionsKt                                                : loaded 2 times (x 69B)
Class org.gradle.tooling.internal.gradle.GradleProjectIdentity                        : loaded 2 times (x 68B)
Class kotlin.collections.ArraysKt___ArraysJvmKt                                       : loaded 2 times (x 69B)
Class com.intellij.openapi.externalSystem.model.ExternalSystemException               : loaded 2 times (x 84B)
Class kotlin.collections.CollectionsKt___CollectionsJvmKt                             : loaded 2 times (x 69B)
Class com.google.common.cache.LocalCache$ValueReference                               : loaded 2 times (x 68B)
Class org.gradle.tooling.internal.adapter.MethodInvocation                            : loaded 2 times (x 83B)
Class org.gradle.internal.time.CountdownTimer                                         : loaded 2 times (x 68B)
Class org.gradle.internal.time.Clock                                                  : loaded 2 times (x 68B)
Class org.gradle.internal.classloader.ClasspathUtil                                   : loaded 2 times (x 69B)
Class org.objectweb.asm.CurrentFrame                                                  : loaded 2 times (x 71B)
Class com.google.common.util.concurrent.AbstractFuture                                : loaded 2 times (x 93B)
Class kotlin.NotImplementedError                                                      : loaded 2 times (x 80B)
Class org.jetbrains.kotlin.tooling.core.HasMutableExtras                              : loaded 2 times (x 68B)
Class org.gradle.tooling.model.BuildIdentifier                                        : loaded 2 times (x 68B)
Class com.google.common.collect.AbstractMultimap                                      : loaded 2 times (x 121B)
Class kotlin.collections.CollectionsKt__IteratorsKt                                   : loaded 2 times (x 69B)
Class com.google.common.base.Ticker$1                                                 : loaded 2 times (x 70B)
Class com.google.common.collect.Maps$BiMapConverter                                   : loaded 2 times (x 88B)
Class org.gradle.api.internal.DefaultClassPathRegistry                                : loaded 2 times (x 74B)
Class com.google.common.base.Splitter$5                                               : loaded 2 times (x 78B)
Class [Lorg.objectweb.asm.Symbol;                                                     : loaded 2 times (x 67B)
Class com.google.common.util.concurrent.AbstractFuture$Cancellation                   : loaded 2 times (x 70B)
Class com.google.common.collect.ImmutableSet$SetBuilderImpl                           : loaded 2 times (x 74B)
Class org.gradle.api.internal.classpath.DefaultModuleRegistry$DefaultModule           : loaded 2 times (x 84B)
Class com.google.common.collect.ListMultimap                                          : loaded 2 times (x 68B)
Class com.google.common.collect.ImmutableMap$1                                        : loaded 2 times (x 79B)
Class org.gradle.tooling.model.build.GradleEnvironment                                : loaded 2 times (x 68B)
Class com.google.common.collect.ImmutableEnumSet                                      : loaded 2 times (x 144B)
Class org.jetbrains.plugins.gradle.tooling.serialization.ExternalTestsSerializationService$WriteContext: loaded 2 times (x 70B)
Class org.gradle.internal.time.TimeSource                                             : loaded 2 times (x 68B)
Class com.google.common.base.Suppliers$SupplierOfInstance                             : loaded 2 times (x 77B)
Class org.objectweb.asm.RecordComponentVisitor                                        : loaded 2 times (x 75B)
Class com.intellij.util.containers.IntObjectHashMap$ArrayProducer                     : loaded 2 times (x 68B)
Class com.google.common.cache.LocalCache$HashIterator                                 : loaded 2 times (x 84B)
Class com.google.common.collect.Iterables                                             : loaded 2 times (x 69B)
Class ijInit1_d02w2zlaso43pqcd7cgnqqjcx                                               : loaded 2 times (x 177B)
Class org.jetbrains.kotlin.android.synthetic.idea.AndroidExtensionsGradleModel        : loaded 2 times (x 68B)
Class [Lcom.intellij.openapi.externalSystem.model.project.dependencies.ResolutionState;: loaded 2 times (x 67B)
Class Settings_gradle$1$1                                                             : loaded 2 times (x 72B)
Class com.google.common.cache.LocalCache$WriteThroughEntry                            : loaded 2 times (x 77B)
Class org.objectweb.asm.ClassTooLargeException                                        : loaded 2 times (x 81B)
Class com.intellij.openapi.externalSystem.model.project.dependencies.ResolutionState  : loaded 2 times (x 77B)
Class org.gradle.api.internal.classpath.UnknownModuleException                        : loaded 2 times (x 80B)
Class kotlin.coroutines.intrinsics.IntrinsicsKt__IntrinsicsJvmKt                      : loaded 2 times (x 69B)
Class com.google.common.util.concurrent.AbstractFuture$Listener                       : loaded 2 times (x 70B)
Class org.objectweb.asm.Edge                                                          : loaded 2 times (x 70B)
Class com.android.ide.gradle.model.GradlePluginModel                                  : loaded 2 times (x 68B)
Class com.google.common.collect.Maps$EntryTransformer                                 : loaded 2 times (x 68B)
Class com.google.common.collect.ImmutableCollection$Builder                           : loaded 2 times (x 74B)
Class org.jetbrains.plugins.gradle.model.ProjectImportModelProvider                   : loaded 2 times (x 68B)
Class org.jetbrains.plugins.gradle.tooling.serialization.GradleExtensionsSerializationService: loaded 2 times (x 75B)
Class kotlin.collections.ArraysKt___ArraysKt                                          : loaded 2 times (x 69B)
Class kotlin.coroutines.Continuation                                                  : loaded 2 times (x 68B)
Class [Lorg.objectweb.asm.SymbolTable$Entry;                                          : loaded 2 times (x 67B)
Class com.google.common.collect.SingletonImmutableBiMap                               : loaded 2 times (x 141B)
Class org.gradle.internal.exceptions.NonGradleCauseExceptionsHolder                   : loaded 2 times (x 68B)
Class com.google.common.base.Suppliers                                                : loaded 2 times (x 69B)
Class org.jetbrains.plugins.gradle.model.IntelliJProjectSettings                      : loaded 2 times (x 68B)
Class org.objectweb.asm.ClassVisitor                                                  : loaded 2 times (x 86B)
Class com.google.common.cache.LoadingCache                                            : loaded 2 times (x 68B)
Class org.gradle.internal.service.ServiceLookupException                              : loaded 2 times (x 80B)
Class org.jetbrains.kotlin.idea.gradleTooling.model.lombok.LombokModel                : loaded 2 times (x 68B)
Class org.gradle.tooling.model.ProjectIdentifier                                      : loaded 2 times (x 68B)
Class org.gradle.api.internal.classpath.DefaultModuleRegistry                         : loaded 2 times (x 84B)
Class [Lorg.gradle.api.internal.ClassPathProvider;                                    : loaded 2 times (x 67B)
Class com.google.common.util.concurrent.AbstractFuture$SafeAtomicHelper               : loaded 2 times (x 77B)
Class org.gradle.internal.operations.MultipleBuildOperationFailures                   : loaded 2 times (x 89B)
Class org.gradle.util.internal.GUtil                                                  : loaded 2 times (x 69B)
Class org.gradle.tooling.model.internal.ImmutableDomainObjectSet                      : loaded 2 times (x 153B)
Class org.gradle.tooling.internal.adapter.MethodInvoker                               : loaded 2 times (x 68B)
Class org.jetbrains.plugins.gradle.model.AnnotationProcessingModel                    : loaded 2 times (x 68B)
Class com.google.common.math.IntMath                                                  : loaded 2 times (x 69B)
Class org.jetbrains.plugins.gradle.model.ExternalTask                                 : loaded 2 times (x 68B)
Class org.gradle.tooling.model.HierarchicalElement                                    : loaded 2 times (x 68B)
Class com.google.common.collect.AbstractIterator                                      : loaded 2 times (x 80B)
Class org.jetbrains.plugins.gradle.tooling.serialization.ExternalProjectSerializationService$ReadContext: loaded 2 times (x 72B)
Class org.gradle.internal.classloader.ClassLoaderSpec                                 : loaded 2 times (x 69B)
Class com.google.common.cache.RemovalListener                                         : loaded 2 times (x 68B)
Class org.objectweb.asm.Frame                                                         : loaded 2 times (x 71B)
Class com.google.common.cache.LocalCache$LocalManualCache                             : loaded 2 times (x 97B)
Class com.google.common.collect.AbstractMapEntry                                      : loaded 2 times (x 79B)
Class com.google.common.collect.ImmutableList$Builder                                 : loaded 2 times (x 75B)
Class org.gradle.internal.classpath.ClassPath                                         : loaded 2 times (x 68B)
Class com.google.common.cache.CacheLoader$1                                           : loaded 2 times (x 73B)
Class org.jetbrains.plugins.gradle.model.GradleExtension                              : loaded 2 times (x 68B)
Class org.gradle.tooling.internal.adapter.ProtocolToModelAdapter$AdaptingMethodInvoker: loaded 2 times (x 74B)
Class org.jetbrains.plugins.gradle.tooling.util.IntObjectMap                          : loaded 2 times (x 71B)
Class org.gradle.tooling.model.idea.IdeaModuleDependency                              : loaded 2 times (x 68B)
Class com.google.common.util.concurrent.AbstractFuture$TrustedFuture                  : loaded 2 times (x 95B)
Class org.jetbrains.plugins.gradle.tooling.serialization.RepositoriesModelSerializationService$ReadContext: loaded 2 times (x 70B)
Class org.gradle.internal.classloader.InstrumentingClassLoader                        : loaded 2 times (x 68B)
Class org.jetbrains.plugins.gradle.model.BuildScriptClasspathModel                    : loaded 2 times (x 68B)
Class com.google.common.collect.Sets                                                  : loaded 2 times (x 69B)
Class com.google.common.collect.ImmutableSet$Builder                                  : loaded 2 times (x 83B)
Class com.google.common.cache.CacheLoader$SupplierToCacheLoader                       : loaded 2 times (x 73B)
Class com.google.common.collect.ImmutableMap$MapViewOfValuesAsSingletonSets           : loaded 2 times (x 123B)
Class com.google.common.base.MoreObjects                                              : loaded 2 times (x 69B)
Class com.google.common.collect.SortedMapDifference                                   : loaded 2 times (x 68B)
Class com.android.ide.common.repository.GradleVersion$VersionSegment                  : loaded 2 times (x 73B)
Class org.objectweb.asm.SymbolTable                                                   : loaded 2 times (x 70B)
Class org.gradle.tooling.internal.adapter.ProtocolToModelAdapter$ViewGraphDetails$1   : loaded 2 times (x 75B)
Class [Lorg.objectweb.asm.AnnotationVisitor;                                          : loaded 2 times (x 67B)
Class com.google.common.cache.CacheStats                                              : loaded 2 times (x 69B)
Class org.objectweb.asm.Attribute                                                     : loaded 2 times (x 75B)
Class kotlin.coroutines.jvm.internal.BaseContinuationImpl                             : loaded 2 times (x 85B)
Class org.gradle.internal.classloader.VisitableURLClassLoader                         : loaded 2 times (x 115B)
Class com.google.common.cache.LocalCache$LocalLoadingCache                            : loaded 2 times (x 132B)
Class com.google.common.base.Supplier                                                 : loaded 2 times (x 68B)
Class org.jetbrains.plugins.gradle.tooling.serialization.BuildScriptClasspathModelSerializationService: loaded 2 times (x 75B)
Class com.google.common.base.Objects                                                  : loaded 2 times (x 69B)
Class com.google.common.util.concurrent.AbstractFuture$AtomicHelper                   : loaded 2 times (x 76B)
Class com.google.common.collect.ImmutableBiMap                                        : loaded 2 times (x 141B)
Class kotlin.coroutines.jvm.internal.SuspendFunction                                  : loaded 2 times (x 68B)
Class org.jetbrains.plugins.gradle.model.GradleProperty                               : loaded 2 times (x 68B)
Class org.gradle.api.internal.ClassPathRegistry                                       : loaded 2 times (x 68B)
Class com.google.common.cache.LocalCache$EntryFactory                                 : loaded 2 times (x 81B)
Class com.google.common.util.concurrent.UncheckedExecutionException                   : loaded 2 times (x 80B)
Class com.google.common.collect.ImmutableSet                                          : loaded 2 times (x 143B)
Class org.gradle.internal.classloader.VisitableURLClassLoader$InstrumentingVisitableURLClassLoader: loaded 2 times (x 121B)
Class kotlin.coroutines.jvm.internal.DebugProbesKt                                    : loaded 2 times (x 69B)
Class org.gradle.internal.classloader.ClassLoaderHierarchy                            : loaded 2 times (x 68B)
Class org.jetbrains.plugins.gradle.tooling.serialization.BuildScriptClasspathModelSerializationService$WriteContext: loaded 2 times (x 70B)
Class kotlin.sequences.SequencesKt___SequencesJvmKt                                   : loaded 2 times (x 69B)
Class kotlin.collections.ArraysKt                                                     : loaded 2 times (x 69B)
Class org.gradle.internal.exceptions.MultiCauseException                              : loaded 2 times (x 68B)
Class org.jetbrains.kotlin.idea.gradleTooling.model.parcelize.ParcelizeGradleModel    : loaded 2 times (x 68B)
Class [Lorg.objectweb.asm.Type;                                                       : loaded 2 times (x 67B)
Class org.gradle.tooling.model.kotlin.dsl.KotlinDslScriptModel                        : loaded 2 times (x 68B)
Class sync_studio_tooling10_bkrlg9ubwqbx5cdrdn4gm8iy7$_run_closure1                   : loaded 2 times (x 137B)
Class [Lcom.google.common.collect.AbstractMapEntry;                                   : loaded 2 times (x 67B)
Class com.google.common.cache.Weigher                                                 : loaded 2 times (x 68B)
Class org.gradle.util.internal.DefaultGradleVersion                                   : loaded 2 times (x 82B)
Class org.gradle.internal.InternalTransformer                                         : loaded 2 times (x 68B)
Class org.jetbrains.kotlin.idea.gradleTooling.model.noarg.NoArgModel                  : loaded 2 times (x 68B)
Class org.jetbrains.kotlin.idea.gradleTooling.KotlinGradleModel                       : loaded 2 times (x 68B)
Class kotlin.sequences.Sequence                                                       : loaded 2 times (x 68B)
Class org.gradle.tooling.internal.gradle.DefaultBuildIdentifier                       : loaded 2 times (x 77B)
Class org.gradle.internal.service.ServiceLocator                                      : loaded 2 times (x 68B)
Class Settings_gradle$1                                                               : loaded 2 times (x 72B)
Class org.jetbrains.plugins.gradle.model.ExternalDependency                           : loaded 2 times (x 68B)
Class com.google.common.util.concurrent.SettableFuture                                : loaded 2 times (x 95B)
Class org.gradle.internal.impldep.gnu.trove.TObjectHashingStrategy                    : loaded 2 times (x 68B)
Class org.gradle.tooling.internal.adapter.ProtocolToModelAdapter$MethodInvocationCache: loaded 2 times (x 71B)
Class com.google.common.collect.ImmutableMapEntry                                     : loaded 2 times (x 83B)
Class org.jetbrains.kotlin.idea.gradleTooling.model.allopen.AllOpenModel              : loaded 2 times (x 68B)
Class kotlin.coroutines.jvm.internal.CoroutineStackFrame                              : loaded 2 times (x 68B)
Class org.jetbrains.plugins.gradle.model.AnnotationProcessingConfig                   : loaded 2 times (x 68B)
Class org.jetbrains.plugins.gradle.tooling.serialization.ExternalTestsSerializationService: loaded 2 times (x 75B)
Class kotlin.collections.CollectionsKt__IterablesKt                                   : loaded 2 times (x 69B)
Class com.google.common.base.Joiner$1                                                 : loaded 2 times (x 78B)
Class org.jetbrains.plugins.gradle.tooling.serialization.ProjectDependenciesSerializationService$WriteContext: loaded 2 times (x 70B)
Class com.google.common.base.Joiner$2                                                 : loaded 2 times (x 77B)
Class org.gradle.tooling.internal.adapter.WeakIdentityHashMap                         : loaded 2 times (x 74B)
Class org.jetbrains.plugins.gradle.model.MavenRepositoryModel                         : loaded 2 times (x 68B)
Class org.gradle.internal.classpath.DefaultClassPath$ImmutableUniqueList              : loaded 2 times (x 159B)
Class org.gradle.internal.time.DefaultTimer                                           : loaded 2 times (x 78B)
Class org.objectweb.asm.ModuleVisitor                                                 : loaded 2 times (x 79B)
Class com.intellij.util.ThrowableConsumer                                             : loaded 2 times (x 68B)
Class org.gradle.internal.classpath.TransformedClassPath                              : loaded 2 times (x 94B)
Class com.google.common.collect.MapDifference                                         : loaded 2 times (x 68B)
Class org.jetbrains.plugins.gradle.tooling.serialization.ExternalProjectSerializationService$WriteContext: loaded 2 times (x 72B)
Class org.jetbrains.kotlin.tooling.core.HasExtras                                     : loaded 2 times (x 68B)
Class com.google.common.collect.Sets$1                                                : loaded 2 times (x 137B)
Class com.google.common.collect.Sets$2                                                : loaded 2 times (x 137B)
Class com.google.common.util.concurrent.AbstractFuture$Trusted                        : loaded 2 times (x 68B)
Class org.gradle.tooling.internal.adapter.ProtocolToModelAdapter$InvocationHandlerImpl: loaded 2 times (x 75B)
Class com.google.common.collect.Sets$3                                                : loaded 2 times (x 137B)
Class com.google.common.collect.Sets$4                                                : loaded 2 times (x 137B)
Class org.jetbrains.plugins.gradle.tooling.serialization.AnnotationProcessingModelSerializationService$WriteContext: loaded 2 times (x 70B)
Class Settings_gradle                                                                 : loaded 2 times (x 126B)
Class org.jetbrains.plugins.gradle.tooling.serialization.internal.IdeaProjectSerializationService$ReadContext: loaded 2 times (x 70B)
Class kotlin.coroutines.intrinsics.CoroutineSingletons                                : loaded 2 times (x 77B)
Class org.objectweb.asm.MethodWriter                                                  : loaded 2 times (x 104B)
Class kotlin.coroutines.intrinsics.IntrinsicsKt                                       : loaded 2 times (x 69B)
Class org.gradle.tooling.internal.adapter.ProtocolToModelAdapter$ViewDecoration       : loaded 2 times (x 68B)
Class com.google.common.collect.Platform                                              : loaded 2 times (x 69B)
Class kotlin.collections.ArraysKt__ArraysJVMKt                                        : loaded 2 times (x 69B)
Class com.google.common.util.concurrent.ExecutionError                                : loaded 2 times (x 80B)
Class com.google.common.base.Equivalence$Identity                                     : loaded 2 times (x 80B)
Class com.google.common.collect.Iterators$MergingIterator                             : loaded 2 times (x 79B)
Class org.gradle.util.GradleVersion                                                   : loaded 2 times (x 81B)
Class kotlin.collections.SetsKt__SetsKt                                               : loaded 2 times (x 69B)
Class com.google.common.cache.LocalCache                                              : loaded 2 times (x 185B)
Class org.jetbrains.plugins.gradle.tooling.util.ObjectCollector                       : loaded 2 times (x 70B)
Class com.google.common.util.concurrent.AbstractFuture$UnsafeAtomicHelper$1           : loaded 2 times (x 74B)
Class org.gradle.internal.impldep.gnu.trove.TObjectCanonicalHashingStrategy           : loaded 2 times (x 78B)
Class org.gradle.internal.installation.GradleInstallation                             : loaded 2 times (x 73B)
Class org.jetbrains.plugins.gradle.tooling.util.IntObjectMap$ObjectFactory            : loaded 2 times (x 68B)
Class com.google.common.collect.Multiset                                              : loaded 2 times (x 68B)
Class com.google.common.collect.ImmutableSet$CachingAsList                            : loaded 2 times (x 145B)
Class org.jetbrains.plugins.gradle.tooling.util.IntObjectMap$1                        : loaded 2 times (x 75B)
Class org.gradle.tooling.internal.adapter.ProtocolToModelAdapter$ViewGraphDetails     : loaded 2 times (x 70B)
Class org.objectweb.asm.MethodVisitor                                                 : loaded 2 times (x 103B)
Class com.google.common.collect.ImmutableMapEntry$NonTerminalImmutableMapEntry        : loaded 2 times (x 83B)
Class com.google.common.collect.AbstractMapBasedMultimap                              : loaded 2 times (x 137B)
Class org.gradle.internal.impldep.gnu.trove.Equality                                  : loaded 2 times (x 68B)


---------------  S Y S T E M  ---------------

OS:
 Windows 11 , 64 bit Build 26100 (10.0.26100.8328)
OS uptime: 0 days 5:57 hours
Hyper-V role detected

CPU: total 16 (initial active 16) (8 cores per cpu, 2 threads per core) family 6 model 154 stepping 3 microcode 0x423, cx8, cmov, fxsr, ht, mmx, 3dnowpref, sse, sse2, sse3, ssse3, sse4.1, sse4.2, popcnt, lzcnt, tsc, tscinvbit, avx, avx2, aes, erms, clmul, bmi1, bmi2, adx, sha, fma, vzeroupper, clflush, clflushopt, clwb, hv
Processor Information for processor 0
  Max Mhz: 3100, Current Mhz: 3100, Mhz Limit: 3100
Processor Information for processor 1
  Max Mhz: 3100, Current Mhz: 3100, Mhz Limit: 3100
Processor Information for processor 2
  Max Mhz: 3100, Current Mhz: 3100, Mhz Limit: 3100
Processor Information for processor 3
  Max Mhz: 3100, Current Mhz: 3100, Mhz Limit: 3100
Processor Information for processor 4
  Max Mhz: 3100, Current Mhz: 3100, Mhz Limit: 3100
Processor Information for processor 5
  Max Mhz: 3100, Current Mhz: 3100, Mhz Limit: 3100
Processor Information for processor 6
  Max Mhz: 3100, Current Mhz: 3100, Mhz Limit: 3100
Processor Information for processor 7
  Max Mhz: 3100, Current Mhz: 3100, Mhz Limit: 3100
Processor Information for processor 8
  Max Mhz: 3100, Current Mhz: 1488, Mhz Limit: 2232
Processor Information for processor 9
  Max Mhz: 3100, Current Mhz: 1488, Mhz Limit: 2232
Processor Information for processor 10
  Max Mhz: 3100, Current Mhz: 1488, Mhz Limit: 2232
Processor Information for processor 11
  Max Mhz: 3100, Current Mhz: 2232, Mhz Limit: 2232
Processor Information for processor 12
  Max Mhz: 3100, Current Mhz: 2232, Mhz Limit: 2232
Processor Information for processor 13
  Max Mhz: 3100, Current Mhz: 2232, Mhz Limit: 2232
Processor Information for processor 14
  Max Mhz: 3100, Current Mhz: 1488, Mhz Limit: 2232
Processor Information for processor 15
  Max Mhz: 3100, Current Mhz: 2232, Mhz Limit: 2232

Memory: 4k page, system-wide physical 7896M (907M free)
TotalPageFile size 24280M (AvailPageFile size 10M)
current process WorkingSet (physical memory assigned to process): 513M, peak: 513M
current process commit charge ("private bytes"): 593M, peak: 602M

vm_info: OpenJDK 64-Bit Server VM (17.0.9+0--11185874) for windows-amd64 JRE (17.0.9+0--11185874), built on Dec  6 2023 18:57:44 by "androidbuild" with MS VC++ 16.10 / 16.11 (VS2019)

END.
