#
# There is insufficient memory for the Java Runtime Environment to continue.
# Native memory allocation (malloc) failed to allocate 1812288 bytes for Chunk::new
# Possible reasons:
#   The system is out of physical RAM or swap space
#   The process is running with CompressedOops enabled, and the Java Heap may be blocking the growth of the native heap
# Possible solutions:
#   Reduce memory load on the system
#   Increase physical memory or swap space
#   Check if swap backing store is full
#   Decrease Java heap size (-Xmx/-Xms)
#   Decrease number of Java threads
#   Decrease Java thread stack sizes (-Xss)
#   Set larger code cache with -XX:ReservedCodeCacheSize=
#   JVM is running with Unscaled Compressed Oops mode in which the Java heap is
#     placed in the first 4GB address space. The Java Heap base address is the
#     maximum limit for the native heap growth. Please use -XX:HeapBaseMinAddress
#     to set the Java Heap base and to place the Java Heap above 4GB virtual address.
# This output file may be truncated or incomplete.
#
#  Out of Memory Error (arena.cpp:191), pid=25092, tid=31568
#
# JRE version: OpenJDK Runtime Environment (17.0.9) (build 17.0.9+0--11185874)
# Java VM: OpenJDK 64-Bit Server VM (17.0.9+0--11185874, mixed mode, tiered, compressed oops, compressed class ptrs, g1 gc, windows-amd64)
# No core dump will be written. Minidumps are not enabled by default on client versions of Windows
#

---------------  S U M M A R Y ------------

Command Line: --add-opens=java.base/java.lang=ALL-UNNAMED --add-opens=java.base/java.lang.invoke=ALL-UNNAMED --add-opens=java.base/java.util=ALL-UNNAMED --add-opens=java.prefs/java.util.prefs=ALL-UNNAMED --add-exports=jdk.compiler/com.sun.tools.javac.api=ALL-UNNAMED --add-exports=jdk.compiler/com.sun.tools.javac.util=ALL-UNNAMED --add-opens=java.base/java.util=ALL-UNNAMED --add-opens=java.prefs/java.util.prefs=ALL-UNNAMED --add-opens=java.base/java.nio.charset=ALL-UNNAMED --add-opens=java.base/java.net=ALL-UNNAMED --add-opens=java.base/java.util.concurrent.atomic=ALL-UNNAMED --add-opens=java.xml/javax.xml.namespace=ALL-UNNAMED -XX:MaxMetaspaceSize=384m -XX:+HeapDumpOnOutOfMemoryError -Xms256m -Xmx512m -Dfile.encoding=windows-1252 -Duser.country=PH -Duser.language=en -Duser.variant -javaagent:C:\Users\Nicoj\.gradle\wrapper\dists\gradle-8.12-bin\cetblhg4pflnnks72fxwobvgv\gradle-8.12\lib\agents\gradle-instrumentation-agent-8.12.jar org.gradle.launcher.daemon.bootstrap.GradleDaemon 8.12

Host: 12th Gen Intel(R) Core(TM) i5-12500H, 16 cores, 7G,  Windows 11 , 64 bit Build 26100 (10.0.26100.8328)
Time: Tue May  5 23:31:48 2026 Malay Peninsula Standard Time elapsed time: 35.747782 seconds (0d 0h 0m 35s)

---------------  T H R E A D  ---------------

Current thread (0x0000017120095aa0):  JavaThread "C2 CompilerThread0" daemon [_thread_in_native, id=31568, stack(0x0000000824000000,0x0000000824100000)]


Current CompileTask:
C2:  35747 19283       4       com.android.tools.r8.internal.jd::a (5041 bytes)

Stack: [0x0000000824000000,0x0000000824100000]
Native frames: (J=compiled Java code, j=interpreted, Vv=VM code, C=native code)
V  [jvm.dll+0x6886e9]
V  [jvm.dll+0x841e4a]
V  [jvm.dll+0x843a8e]
V  [jvm.dll+0x8440f3]
V  [jvm.dll+0x24c14f]
V  [jvm.dll+0xac44c]
V  [jvm.dll+0xaca9c]
V  [jvm.dll+0x36c1f7]
V  [jvm.dll+0x1be4b6]
V  [jvm.dll+0x21df09]
V  [jvm.dll+0x21d1d1]
V  [jvm.dll+0x1a674d]
V  [jvm.dll+0x22d088]
V  [jvm.dll+0x22b1c0]
V  [jvm.dll+0x7f62f7]
V  [jvm.dll+0x7f06aa]
V  [jvm.dll+0x687565]
C  [ucrtbase.dll+0x37b0]
C  [KERNEL32.DLL+0x2e957]
C  [ntdll.dll+0x427c]


---------------  P R O C E S S  ---------------

Threads class SMR info:
_java_thread_list=0x000001712662e900, length=246, elements={
0x0000017104dbc900, 0x0000017120045dd0, 0x00000171200412b0, 0x00000171200915b0,
0x0000017120091e80, 0x00000171200932c0, 0x0000017120094700, 0x0000017120095aa0,
0x00000171200b9800, 0x00000171200bcae0, 0x000001711bdac460, 0x0000017120376cf0,
0x0000017121e31f40, 0x0000017121e7d9e0, 0x0000017121eca880, 0x0000017122153820,
0x0000017121fc60d0, 0x0000017121fc8e60, 0x0000017121fc9370, 0x0000017121fc7f30,
0x0000017121fc6af0, 0x000001712474ec90, 0x000001712474f1a0, 0x0000017124750af0,
0x000001712474e780, 0x000001712474d340, 0x000001712474f6b0, 0x000001712474fbc0,
0x000001712474dd60, 0x00000171247500d0, 0x00000171247505e0, 0x000001712474d850,
0x000001712474e270, 0x00000171249b2320, 0x00000171249afaa0, 0x00000171249af080,
0x00000171249b2d40, 0x00000171249affb0, 0x00000171249b3760, 0x0000017125769a10,
0x000001712556a440, 0x0000017125569f30, 0x000001712d4b0e70, 0x000001712d4aeb00,
0x000001712d4aff40, 0x000001712d4b1380, 0x000001712d4b0960, 0x000001712d4b22b0,
0x000001712d4b0450, 0x000001712d4b1da0, 0x000001712d4b27c0, 0x000001712d4af010,
0x000001712d4b2cd0, 0x000001712d4af520, 0x000001712d4b31e0, 0x000001712d4afa30,
0x000001712d4b5550, 0x000001712d4b4620, 0x000001712d4b5a60, 0x000001712d4b5f70,
0x000001712d4b36f0, 0x000001712d4b3c00, 0x000001712d4b4b30, 0x000001712d4b4110,
0x000001712d4b5040, 0x000001712d4b6480, 0x0000017120d00480, 0x0000017120d013b0,
0x0000017120cffa60, 0x0000017120d00990, 0x0000017120d00ea0, 0x0000017120d018c0,
0x0000017120cfff70, 0x0000017120d01dd0, 0x0000017120d022e0, 0x0000017120d027f0,
0x0000017120cff040, 0x0000017120d04140, 0x0000017120d04b60, 0x0000017120d04650,
0x0000017120d05070, 0x0000017120d05580, 0x000001712c0c1fe0, 0x0000017120d05fa0,
0x0000017120d05a90, 0x000001712c0c0aa0, 0x0000017120d03c30, 0x0000017120d064b0,
0x000001712c0c3520, 0x0000017120d03720, 0x000001712c88de40, 0x000001712c8906c0,
0x000001712c890bd0, 0x000001712c88e350, 0x000001712c88e860, 0x000001712c8910e0,
0x000001712c8915f0, 0x000001712c891b00, 0x000001712c892520, 0x000001712c8901b0,
0x000001712c892010, 0x000001712c88ed70, 0x000001712c892a30, 0x000001712c88f280,
0x000001712c88f790, 0x000001712c893e70, 0x000001712c8952b0, 0x000001712c894890,
0x000001712c894da0, 0x000001712c8957c0, 0x000001712c4954e0, 0x000001712c4959f0,
0x000001712c496410, 0x000001712c496e30, 0x000001712c4945b0, 0x000001712c499bc0,
0x000001712c498c90, 0x000001712c49aaf0, 0x000001712c49a5e0, 0x000001712c49b000,
0x000001712c4991a0, 0x000001712c4996b0, 0x000001712c497850, 0x000001712c49a0d0,
0x000001712c49b510, 0x000001712c49ba20, 0x000001712c498270, 0x000001712c498780,
0x000001712556c2a0, 0x000001712556bd90, 0x000001712556e100, 0x000001712556c7b0,
0x000001712556ccc0, 0x000001712556e610, 0x000001712556dbf0, 0x000001712556ae60,
0x00000171255713a0, 0x000001712556eb20, 0x0000017125570980, 0x000001712556f030,
0x000001712556f540, 0x0000017125570e90, 0x00000171255718b0, 0x000001712556ff60,
0x0000017125570470, 0x00000171249b09d0, 0x00000171249b2830, 0x00000171249b4690,
0x00000171249b4ba0, 0x00000171249b50b0, 0x00000171249b55c0, 0x00000171249b5ad0,
0x00000171249b5fe0, 0x00000171249b3250, 0x00000171249b64f0, 0x00000171249b1e10,
0x000001712576ae50, 0x0000017125768ae0, 0x0000017125769500, 0x0000017125768ff0,
0x0000017125769f20, 0x000001712576b360, 0x000001712576a940, 0x0000017121fc65e0,
0x0000017121fc7000, 0x0000017121fc7510, 0x0000017121fc7a20, 0x0000017121fc8440,
0x0000017121fc8950, 0x000001712c497340, 0x00000171249b6a00, 0x000001712b8b9a50,
0x000001712b8b76e0, 0x000001712b8b8b20, 0x000001712b8b67b0, 0x000001712b8b8610,
0x000001712b8b62a0, 0x000001712b8b7bf0, 0x000001712b8b8100, 0x000001712b8b9030,
0x000001712b8b9540, 0x000001712b8b6cc0, 0x000001712b8b9f60, 0x000001712b8ba470,
0x000001712b8ba980, 0x000001712b8b71d0, 0x000001712b8bdc20, 0x000001712b8bb8b0,
0x000001712b8bc7e0, 0x000001712b8bbdc0, 0x000001712b8bae90, 0x000001712b8bd710,
0x000001712b8bc2d0, 0x000001712b8bccf0, 0x000001712b8bd200, 0x000001712c588a80,
0x000001712c587130, 0x000001712c5899b0, 0x000001712c588f90, 0x000001712c588570,
0x000001712c587640, 0x000001712c5894a0, 0x000001712c587b50, 0x000001712c58a3d0,
0x000001712c588060, 0x000001712c589ec0, 0x000001712c586c20, 0x000001712c58a8e0,
0x000001712c58b810, 0x000001712c58b300, 0x000001712c58bd20, 0x000001712c58e5a0,
0x000001712c58db80, 0x000001712c58c230, 0x000001712c58adf0, 0x000001712c58eab0,
0x000001712c58efc0, 0x000001712c58d670, 0x000001712c58fef0, 0x000001712c58cc50,
0x000001712c58e090, 0x000001712c58d160, 0x000001712c58f4d0, 0x000001712c58f9e0,
0x000001712c58c740, 0x000001712c592260, 0x000001712c593bb0, 0x000001712c590e20,
0x000001712c592770, 0x000001712c5936a0, 0x000001712c591330, 0x000001712c592c80,
0x000001712c593190, 0x000001712c590400, 0x000001712c5940c0, 0x000001712c590910,
0x000001712c5945d0, 0x000001712c594ae0, 0x000001712c594ff0, 0x000001712c591840,
0x000001712c595500, 0x000001712c591d50, 0x000001712c595a10, 0x000001712c596430,
0x000001712cbb33f0, 0x000001712cbb4830
}

Java Threads: ( => current thread )
  0x0000017104dbc900 JavaThread "main" [_thread_blocked, id=33148, stack(0x0000000823300000,0x0000000823400000)]
  0x0000017120045dd0 JavaThread "Reference Handler" daemon [_thread_blocked, id=17188, stack(0x0000000823a00000,0x0000000823b00000)]
  0x00000171200412b0 JavaThread "Finalizer" daemon [_thread_blocked, id=30352, stack(0x0000000823b00000,0x0000000823c00000)]
  0x00000171200915b0 JavaThread "Signal Dispatcher" daemon [_thread_blocked, id=29896, stack(0x0000000823c00000,0x0000000823d00000)]
  0x0000017120091e80 JavaThread "Attach Listener" daemon [_thread_blocked, id=35788, stack(0x0000000823d00000,0x0000000823e00000)]
  0x00000171200932c0 JavaThread "Service Thread" daemon [_thread_blocked, id=1208, stack(0x0000000823e00000,0x0000000823f00000)]
  0x0000017120094700 JavaThread "Monitor Deflation Thread" daemon [_thread_blocked, id=31888, stack(0x0000000823f00000,0x0000000824000000)]
=>0x0000017120095aa0 JavaThread "C2 CompilerThread0" daemon [_thread_in_native, id=31568, stack(0x0000000824000000,0x0000000824100000)]
  0x00000171200b9800 JavaThread "C1 CompilerThread0" daemon [_thread_blocked, id=36784, stack(0x0000000824100000,0x0000000824200000)]
  0x00000171200bcae0 JavaThread "Sweeper thread" daemon [_thread_blocked, id=24504, stack(0x0000000824200000,0x0000000824300000)]
  0x000001711bdac460 JavaThread "Common-Cleaner" daemon [_thread_blocked, id=37496, stack(0x0000000824300000,0x0000000824400000)]
  0x0000017120376cf0 JavaThread "Notification Thread" daemon [_thread_blocked, id=29920, stack(0x0000000824600000,0x0000000824700000)]
  0x0000017121e31f40 JavaThread "Daemon health stats" [_thread_blocked, id=27096, stack(0x0000000824800000,0x0000000824900000)]
  0x0000017121e7d9e0 JavaThread "Incoming local TCP Connector on port 62857" [_thread_in_native, id=3732, stack(0x0000000824f00000,0x0000000825000000)]
  0x0000017121eca880 JavaThread "Daemon periodic checks" [_thread_blocked, id=28116, stack(0x0000000825000000,0x0000000825100000)]
  0x0000017122153820 JavaThread "Daemon" [_thread_blocked, id=28252, stack(0x0000000825200000,0x0000000825300000)]
  0x0000017121fc60d0 JavaThread "Daemon worker" [_thread_blocked, id=33320, stack(0x0000000825500000,0x0000000825600000)]
  0x0000017121fc8e60 JavaThread "Cache worker for journal cache (C:\Users\Nicoj\.gradle\caches\journal-1)" [_thread_blocked, id=7716, stack(0x0000000826200000,0x0000000826300000)]
  0x0000017121fc9370 JavaThread "File lock request listener" [_thread_in_native, id=31648, stack(0x0000000826300000,0x0000000826400000)]
  0x0000017121fc7f30 JavaThread "Cache worker for file hash cache (C:\Users\Nicoj\.gradle\caches\8.12\fileHashes)" [_thread_blocked, id=1752, stack(0x0000000826400000,0x0000000826500000)]
  0x0000017121fc6af0 JavaThread "File watcher server" daemon [_thread_blocked, id=33356, stack(0x0000000826700000,0x0000000826800000)]
  0x000001712474ec90 JavaThread "File watcher consumer" daemon [_thread_blocked, id=18368, stack(0x0000000826800000,0x0000000826900000)]
  0x000001712474f1a0 JavaThread "jar transforms" [_thread_blocked, id=29688, stack(0x0000000826900000,0x0000000826a00000)]
  0x0000017124750af0 JavaThread "jar transforms Thread 2" [_thread_blocked, id=17088, stack(0x0000000826a00000,0x0000000826b00000)]
  0x000001712474e780 JavaThread "jar transforms Thread 3" [_thread_blocked, id=21904, stack(0x0000000826b00000,0x0000000826c00000)]
  0x000001712474d340 JavaThread "jar transforms Thread 4" [_thread_blocked, id=30912, stack(0x0000000826c00000,0x0000000826d00000)]
  0x000001712474f6b0 JavaThread "jar transforms Thread 5" [_thread_blocked, id=15464, stack(0x0000000826d00000,0x0000000826e00000)]
  0x000001712474fbc0 JavaThread "jar transforms Thread 6" [_thread_blocked, id=32384, stack(0x0000000826e00000,0x0000000826f00000)]
  0x000001712474dd60 JavaThread "jar transforms Thread 7" [_thread_blocked, id=27540, stack(0x0000000826f00000,0x0000000827000000)]
  0x00000171247500d0 JavaThread "jar transforms Thread 8" [_thread_blocked, id=29748, stack(0x0000000827000000,0x0000000827100000)]
  0x00000171247505e0 JavaThread "jar transforms Thread 9" [_thread_blocked, id=31556, stack(0x0000000827100000,0x0000000827200000)]
  0x000001712474d850 JavaThread "jar transforms Thread 10" [_thread_blocked, id=34036, stack(0x0000000827200000,0x0000000827300000)]
  0x000001712474e270 JavaThread "jar transforms Thread 11" [_thread_blocked, id=35024, stack(0x0000000827300000,0x0000000827400000)]
  0x00000171249b2320 JavaThread "jar transforms Thread 12" [_thread_blocked, id=32468, stack(0x0000000827400000,0x0000000827500000)]
  0x00000171249afaa0 JavaThread "jar transforms Thread 13" [_thread_blocked, id=6196, stack(0x0000000827500000,0x0000000827600000)]
  0x00000171249af080 JavaThread "jar transforms Thread 14" [_thread_blocked, id=27740, stack(0x0000000827600000,0x0000000827700000)]
  0x00000171249b2d40 JavaThread "jar transforms Thread 15" [_thread_blocked, id=33404, stack(0x0000000827700000,0x0000000827800000)]
  0x00000171249affb0 JavaThread "jar transforms Thread 16" [_thread_blocked, id=35088, stack(0x0000000827800000,0x0000000827900000)]
  0x00000171249b3760 JavaThread "Cache worker for file content cache (C:\Users\Nicoj\.gradle\caches\8.12\fileContent)" [_thread_blocked, id=21260, stack(0x0000000827a00000,0x0000000827b00000)]
  0x0000017125769a10 JavaThread "Memory manager" [_thread_blocked, id=36528, stack(0x000000082bd00000,0x000000082be00000)]
  0x000001712556a440 JavaThread "pool-3-thread-1" [_thread_blocked, id=34832, stack(0x000000082c200000,0x000000082c300000)]
  0x0000017125569f30 JavaThread "included builds" [_thread_blocked, id=10448, stack(0x000000082c300000,0x000000082c400000)]
  0x000001712d4b0e70 JavaThread "VFS cleanup" [_thread_blocked, id=33028, stack(0x0000000825600000,0x0000000825700000)]
  0x000001712d4aeb00 JavaThread "Handler for socket connection from /127.0.0.1:62857 to /127.0.0.1:61810" [_thread_in_native, id=31960, stack(0x0000000824400000,0x0000000824500000)]
  0x000001712d4aff40 JavaThread "Cancel handler" [_thread_blocked, id=35912, stack(0x0000000824500000,0x0000000824600000)]
  0x000001712d4b1380 JavaThread "Asynchronous log dispatcher for DefaultDaemonConnection: socket connection from /127.0.0.1:62857 to /127.0.0.1:61810" [_thread_blocked, id=37704, stack(0x0000000824e00000,0x0000000824f00000)]
  0x000001712d4b0960 JavaThread "Stdin handler" [_thread_blocked, id=20800, stack(0x0000000825100000,0x0000000825200000)]
  0x000001712d4b22b0 JavaThread "Daemon client event forwarder" [_thread_blocked, id=26040, stack(0x0000000825300000,0x0000000825400000)]
  0x000001712d4b0450 JavaThread "Cache worker for file hash cache (C:\Users\Nicoj\OneDrive\Desktop\IT342-Colo-BookBud\mobile\BookBud\.gradle\8.12\fileHashes)" [_thread_blocked, id=20316, stack(0x0000000825400000,0x0000000825500000)]
  0x000001712d4b1da0 JavaThread "Cache worker for Build Output Cleanup Cache (C:\Users\Nicoj\OneDrive\Desktop\IT342-Colo-BookBud\mobile\BookBud\.gradle\buildOutputCleanup)" [_thread_blocked, id=31076, stack(0x0000000825700000,0x0000000825800000)]
  0x000001712d4b27c0 JavaThread "Cache worker for checksums cache (C:\Users\Nicoj\OneDrive\Desktop\IT342-Colo-BookBud\mobile\BookBud\.gradle\8.12\checksums)" [_thread_blocked, id=5996, stack(0x0000000826500000,0x0000000826600000)]
  0x000001712d4af010 JavaThread "Cache worker for cache directory md-rule (C:\Users\Nicoj\.gradle\caches\8.12\md-rule)" [_thread_blocked, id=35084, stack(0x0000000826600000,0x0000000826700000)]
  0x000001712d4b2cd0 JavaThread "Cache worker for cache directory md-supplier (C:\Users\Nicoj\.gradle\caches\8.12\md-supplier)" [_thread_blocked, id=21344, stack(0x0000000827900000,0x0000000827a00000)]
  0x000001712d4af520 JavaThread "Unconstrained build operations" [_thread_blocked, id=11908, stack(0x0000000827b00000,0x0000000827c00000)]
  0x000001712d4b31e0 JavaThread "Unconstrained build operations Thread 2" [_thread_blocked, id=36640, stack(0x0000000827c00000,0x0000000827d00000)]
  0x000001712d4afa30 JavaThread "Unconstrained build operations Thread 3" [_thread_blocked, id=32216, stack(0x0000000827d00000,0x0000000827e00000)]
  0x000001712d4b5550 JavaThread "Unconstrained build operations Thread 4" [_thread_blocked, id=37780, stack(0x0000000827e00000,0x0000000827f00000)]
  0x000001712d4b4620 JavaThread "Unconstrained build operations Thread 5" [_thread_blocked, id=29424, stack(0x0000000827f00000,0x0000000828000000)]
  0x000001712d4b5a60 JavaThread "Unconstrained build operations Thread 6" [_thread_blocked, id=36984, stack(0x0000000828000000,0x0000000828100000)]
  0x000001712d4b5f70 JavaThread "Unconstrained build operations Thread 7" [_thread_blocked, id=32120, stack(0x0000000828100000,0x0000000828200000)]
  0x000001712d4b36f0 JavaThread "Unconstrained build operations Thread 8" [_thread_blocked, id=30820, stack(0x0000000828200000,0x0000000828300000)]
  0x000001712d4b3c00 JavaThread "Unconstrained build operations Thread 9" [_thread_blocked, id=25676, stack(0x0000000828300000,0x0000000828400000)]
  0x000001712d4b4b30 JavaThread "Unconstrained build operations Thread 10" [_thread_blocked, id=34128, stack(0x0000000828400000,0x0000000828500000)]
  0x000001712d4b4110 JavaThread "Unconstrained build operations Thread 11" [_thread_blocked, id=32280, stack(0x0000000828500000,0x0000000828600000)]
  0x000001712d4b5040 JavaThread "Unconstrained build operations Thread 12" [_thread_blocked, id=22184, stack(0x0000000828600000,0x0000000828700000)]
  0x000001712d4b6480 JavaThread "Unconstrained build operations Thread 13" [_thread_blocked, id=26524, stack(0x0000000828700000,0x0000000828800000)]
  0x0000017120d00480 JavaThread "Unconstrained build operations Thread 14" [_thread_blocked, id=32244, stack(0x0000000828800000,0x0000000828900000)]
  0x0000017120d013b0 JavaThread "Unconstrained build operations Thread 15" [_thread_blocked, id=34032, stack(0x0000000828900000,0x0000000828a00000)]
  0x0000017120cffa60 JavaThread "Unconstrained build operations Thread 16" [_thread_blocked, id=4192, stack(0x0000000828a00000,0x0000000828b00000)]
  0x0000017120d00990 JavaThread "Unconstrained build operations Thread 17" [_thread_blocked, id=2168, stack(0x0000000828b00000,0x0000000828c00000)]
  0x0000017120d00ea0 JavaThread "Unconstrained build operations Thread 18" [_thread_blocked, id=28996, stack(0x0000000828c00000,0x0000000828d00000)]
  0x0000017120d018c0 JavaThread "Unconstrained build operations Thread 19" [_thread_blocked, id=30892, stack(0x0000000828d00000,0x0000000828e00000)]
  0x0000017120cfff70 JavaThread "Unconstrained build operations Thread 20" [_thread_blocked, id=36464, stack(0x0000000828e00000,0x0000000828f00000)]
  0x0000017120d01dd0 JavaThread "Unconstrained build operations Thread 21" [_thread_blocked, id=2912, stack(0x0000000828f00000,0x0000000829000000)]
  0x0000017120d022e0 JavaThread "Unconstrained build operations Thread 22" [_thread_blocked, id=27436, stack(0x0000000829000000,0x0000000829100000)]
  0x0000017120d027f0 JavaThread "Unconstrained build operations Thread 23" [_thread_blocked, id=3452, stack(0x0000000829100000,0x0000000829200000)]
  0x0000017120cff040 JavaThread "Unconstrained build operations Thread 24" [_thread_blocked, id=31308, stack(0x0000000829200000,0x0000000829300000)]
  0x0000017120d04140 JavaThread "Unconstrained build operations Thread 25" [_thread_blocked, id=36704, stack(0x0000000829300000,0x0000000829400000)]
  0x0000017120d04b60 JavaThread "Unconstrained build operations Thread 26" [_thread_blocked, id=29372, stack(0x0000000829400000,0x0000000829500000)]
  0x0000017120d04650 JavaThread "Unconstrained build operations Thread 27" [_thread_blocked, id=35344, stack(0x0000000829500000,0x0000000829600000)]
  0x0000017120d05070 JavaThread "Unconstrained build operations Thread 28" [_thread_blocked, id=29672, stack(0x0000000829600000,0x0000000829700000)]
  0x0000017120d05580 JavaThread "Unconstrained build operations Thread 29" [_thread_blocked, id=20280, stack(0x0000000829800000,0x0000000829900000)]
  0x000001712c0c1fe0 JavaThread "C1 CompilerThread1" daemon [_thread_blocked, id=32784, stack(0x0000000829700000,0x0000000829800000)]
  0x0000017120d05fa0 JavaThread "Unconstrained build operations Thread 30" [_thread_blocked, id=33884, stack(0x0000000829900000,0x0000000829a00000)]
  0x0000017120d05a90 JavaThread "build event listener" [_thread_blocked, id=36120, stack(0x0000000829a00000,0x0000000829b00000)]
  0x000001712c0c0aa0 JavaThread "C1 CompilerThread2" daemon [_thread_blocked, id=7748, stack(0x0000000829b00000,0x0000000829c00000)]
  0x0000017120d03c30 JavaThread "build event listener" [_thread_blocked, id=21756, stack(0x0000000829c00000,0x0000000829d00000)]
  0x0000017120d064b0 JavaThread "Problems report writer" [_thread_blocked, id=3548, stack(0x0000000829d00000,0x0000000829e00000)]
  0x000001712c0c3520 JavaThread "C1 CompilerThread3" daemon [_thread_blocked, id=34124, stack(0x0000000829e00000,0x0000000829f00000)]
  0x0000017120d03720 JavaThread "pool-6-thread-1" [_thread_blocked, id=37340, stack(0x000000082a000000,0x000000082a100000)]
  0x000001712c88de40 JavaThread "build event listener" [_thread_blocked, id=10628, stack(0x000000082a100000,0x000000082a200000)]
  0x000001712c8906c0 JavaThread "included builds" [_thread_blocked, id=25368, stack(0x000000082a200000,0x000000082a300000)]
  0x000001712c890bd0 JavaThread "Execution worker" [_thread_blocked, id=34192, stack(0x000000082a300000,0x000000082a400000)]
  0x000001712c88e350 JavaThread "Execution worker Thread 2" [_thread_blocked, id=13120, stack(0x000000082a400000,0x000000082a500000)]
  0x000001712c88e860 JavaThread "Execution worker Thread 3" [_thread_blocked, id=36060, stack(0x000000082a500000,0x000000082a600000)]
  0x000001712c8910e0 JavaThread "Execution worker Thread 4" [_thread_blocked, id=34660, stack(0x000000082a600000,0x000000082a700000)]
  0x000001712c8915f0 JavaThread "Execution worker Thread 5" [_thread_blocked, id=2728, stack(0x000000082a700000,0x000000082a800000)]
  0x000001712c891b00 JavaThread "Execution worker Thread 6" [_thread_blocked, id=31088, stack(0x000000082a800000,0x000000082a900000)]
  0x000001712c892520 JavaThread "Execution worker Thread 7" [_thread_blocked, id=27644, stack(0x000000082a900000,0x000000082aa00000)]
  0x000001712c8901b0 JavaThread "Execution worker Thread 8" [_thread_blocked, id=33892, stack(0x000000082aa00000,0x000000082ab00000)]
  0x000001712c892010 JavaThread "Execution worker Thread 9" [_thread_blocked, id=22244, stack(0x000000082ab00000,0x000000082ac00000)]
  0x000001712c88ed70 JavaThread "Execution worker Thread 10" [_thread_blocked, id=3800, stack(0x000000082ac00000,0x000000082ad00000)]
  0x000001712c892a30 JavaThread "Execution worker Thread 11" [_thread_blocked, id=2736, stack(0x000000082ad00000,0x000000082ae00000)]
  0x000001712c88f280 JavaThread "Execution worker Thread 12" [_thread_blocked, id=29056, stack(0x000000082ae00000,0x000000082af00000)]
  0x000001712c88f790 JavaThread "Execution worker Thread 13" [_thread_blocked, id=1100, stack(0x000000082af00000,0x000000082b000000)]
  0x000001712c893e70 JavaThread "Execution worker Thread 14" [_thread_blocked, id=33392, stack(0x000000082b000000,0x000000082b100000)]
  0x000001712c8952b0 JavaThread "Execution worker Thread 15" [_thread_blocked, id=21032, stack(0x000000082b100000,0x000000082b200000)]
  0x000001712c894890 JavaThread "Cache worker for execution history cache (C:\Users\Nicoj\OneDrive\Desktop\IT342-Colo-BookBud\mobile\BookBud\.gradle\8.12\executionHistory)" [_thread_blocked, id=4336, stack(0x000000082b200000,0x000000082b300000)]
  0x000001712c894da0 JavaThread "Unconstrained build operations Thread 31" [_thread_blocked, id=32524, stack(0x000000082b300000,0x000000082b400000)]
  0x000001712c8957c0 JavaThread "Unconstrained build operations Thread 32" [_thread_blocked, id=16928, stack(0x000000082b400000,0x000000082b500000)]
  0x000001712c4954e0 JavaThread "Unconstrained build operations Thread 33" [_thread_blocked, id=33436, stack(0x000000082b500000,0x000000082b600000)]
  0x000001712c4959f0 JavaThread "Unconstrained build operations Thread 34" [_thread_blocked, id=28432, stack(0x000000082b600000,0x000000082b700000)]
  0x000001712c496410 JavaThread "Unconstrained build operations Thread 35" [_thread_blocked, id=9140, stack(0x000000082b700000,0x000000082b800000)]
  0x000001712c496e30 JavaThread "Unconstrained build operations Thread 36" [_thread_blocked, id=1388, stack(0x000000082b800000,0x000000082b900000)]
  0x000001712c4945b0 JavaThread "Unconstrained build operations Thread 37" [_thread_blocked, id=36544, stack(0x000000082b900000,0x000000082ba00000)]
  0x000001712c499bc0 JavaThread "Unconstrained build operations Thread 38" [_thread_blocked, id=4188, stack(0x000000082ba00000,0x000000082bb00000)]
  0x000001712c498c90 JavaThread "Unconstrained build operations Thread 39" [_thread_blocked, id=33444, stack(0x000000082bb00000,0x000000082bc00000)]
  0x000001712c49aaf0 JavaThread "Unconstrained build operations Thread 40" [_thread_blocked, id=35028, stack(0x000000082bc00000,0x000000082bd00000)]
  0x000001712c49a5e0 JavaThread "Unconstrained build operations Thread 41" [_thread_blocked, id=37564, stack(0x000000082be00000,0x000000082bf00000)]
  0x000001712c49b000 JavaThread "Unconstrained build operations Thread 42" [_thread_blocked, id=35316, stack(0x000000082bf00000,0x000000082c000000)]
  0x000001712c4991a0 JavaThread "Unconstrained build operations Thread 43" [_thread_blocked, id=18296, stack(0x000000082c000000,0x000000082c100000)]
  0x000001712c4996b0 JavaThread "Unconstrained build operations Thread 44" [_thread_blocked, id=37268, stack(0x000000082c100000,0x000000082c200000)]
  0x000001712c497850 JavaThread "Unconstrained build operations Thread 45" [_thread_blocked, id=21372, stack(0x000000082c400000,0x000000082c500000)]
  0x000001712c49a0d0 JavaThread "Unconstrained build operations Thread 46" [_thread_blocked, id=28068, stack(0x0000000823100000,0x0000000823200000)]
  0x000001712c49b510 JavaThread "Unconstrained build operations Thread 47" [_thread_blocked, id=25540, stack(0x000000082c500000,0x000000082c600000)]
  0x000001712c49ba20 JavaThread "Unconstrained build operations Thread 48" [_thread_blocked, id=34692, stack(0x000000082c600000,0x000000082c700000)]
  0x000001712c498270 JavaThread "Unconstrained build operations Thread 49" [_thread_blocked, id=30148, stack(0x000000082c700000,0x000000082c800000)]
  0x000001712c498780 JavaThread "Unconstrained build operations Thread 50" [_thread_blocked, id=2828, stack(0x000000082c800000,0x000000082c900000)]
  0x000001712556c2a0 JavaThread "Unconstrained build operations Thread 51" [_thread_blocked, id=6936, stack(0x000000082c900000,0x000000082ca00000)]
  0x000001712556bd90 JavaThread "Unconstrained build operations Thread 52" [_thread_blocked, id=37744, stack(0x000000082ca00000,0x000000082cb00000)]
  0x000001712556e100 JavaThread "Unconstrained build operations Thread 53" [_thread_blocked, id=21040, stack(0x000000082cb00000,0x000000082cc00000)]
  0x000001712556c7b0 JavaThread "Unconstrained build operations Thread 54" [_thread_blocked, id=35984, stack(0x000000082cc00000,0x000000082cd00000)]
  0x000001712556ccc0 JavaThread "Unconstrained build operations Thread 55" [_thread_blocked, id=37568, stack(0x000000082cd00000,0x000000082ce00000)]
  0x000001712556e610 JavaThread "Unconstrained build operations Thread 56" [_thread_blocked, id=24872, stack(0x000000082ce00000,0x000000082cf00000)]
  0x000001712556dbf0 JavaThread "Unconstrained build operations Thread 57" [_thread_blocked, id=37784, stack(0x000000082cf00000,0x000000082d000000)]
  0x000001712556ae60 JavaThread "Unconstrained build operations Thread 58" [_thread_blocked, id=36884, stack(0x000000082d000000,0x000000082d100000)]
  0x00000171255713a0 JavaThread "Unconstrained build operations Thread 59" [_thread_blocked, id=34352, stack(0x000000082d100000,0x000000082d200000)]
  0x000001712556eb20 JavaThread "Unconstrained build operations Thread 60" [_thread_blocked, id=34672, stack(0x000000082d200000,0x000000082d300000)]
  0x0000017125570980 JavaThread "WorkerExecutor Queue" [_thread_blocked, id=35572, stack(0x000000082d700000,0x000000082d800000)]
  0x000001712556f030 JavaThread "WorkerExecutor Queue Thread 2" [_thread_blocked, id=31120, stack(0x000000082d800000,0x000000082d900000)]
  0x000001712556f540 JavaThread "WorkerExecutor Queue Thread 3" [_thread_blocked, id=36772, stack(0x000000082d900000,0x000000082da00000)]
  0x0000017125570e90 JavaThread "Unconstrained build operations Thread 61" [_thread_blocked, id=32020, stack(0x000000082da00000,0x000000082db00000)]
  0x00000171255718b0 JavaThread "WorkerExecutor Queue Thread 4" [_thread_blocked, id=28088, stack(0x000000082db00000,0x000000082dc00000)]
  0x000001712556ff60 JavaThread "Unconstrained build operations Thread 62" [_thread_blocked, id=32084, stack(0x000000082dc00000,0x000000082dd00000)]
  0x0000017125570470 JavaThread "Unconstrained build operations Thread 63" [_thread_blocked, id=33904, stack(0x000000082dd00000,0x000000082de00000)]
  0x00000171249b09d0 JavaThread "Unconstrained build operations Thread 64" [_thread_blocked, id=36140, stack(0x000000082de00000,0x000000082df00000)]
  0x00000171249b2830 JavaThread "Unconstrained build operations Thread 65" [_thread_blocked, id=37764, stack(0x000000082df00000,0x000000082e000000)]
  0x00000171249b4690 JavaThread "Unconstrained build operations Thread 66" [_thread_blocked, id=732, stack(0x000000082e000000,0x000000082e100000)]
  0x00000171249b4ba0 JavaThread "Unconstrained build operations Thread 67" [_thread_blocked, id=27992, stack(0x000000082e100000,0x000000082e200000)]
  0x00000171249b50b0 JavaThread "Unconstrained build operations Thread 68" [_thread_blocked, id=29192, stack(0x000000082e200000,0x000000082e300000)]
  0x00000171249b55c0 JavaThread "Unconstrained build operations Thread 69" [_thread_blocked, id=36444, stack(0x000000082e300000,0x000000082e400000)]
  0x00000171249b5ad0 JavaThread "Unconstrained build operations Thread 70" [_thread_blocked, id=15736, stack(0x000000082e400000,0x000000082e500000)]
  0x00000171249b5fe0 JavaThread "Unconstrained build operations Thread 71" [_thread_blocked, id=34608, stack(0x000000082e500000,0x000000082e600000)]
  0x00000171249b3250 JavaThread "Unconstrained build operations Thread 72" [_thread_blocked, id=34552, stack(0x000000082e600000,0x000000082e700000)]
  0x00000171249b64f0 JavaThread "Unconstrained build operations Thread 73" [_thread_blocked, id=35468, stack(0x000000082e700000,0x000000082e800000)]
  0x00000171249b1e10 JavaThread "Unconstrained build operations Thread 74" [_thread_blocked, id=16460, stack(0x000000082e800000,0x000000082e900000)]
  0x000001712576ae50 JavaThread "Unconstrained build operations Thread 75" [_thread_blocked, id=36760, stack(0x000000082e900000,0x000000082ea00000)]
  0x0000017125768ae0 JavaThread "Unconstrained build operations Thread 76" [_thread_blocked, id=16684, stack(0x000000082ea00000,0x000000082eb00000)]
  0x0000017125769500 JavaThread "Unconstrained build operations Thread 77" [_thread_blocked, id=32900, stack(0x000000082eb00000,0x000000082ec00000)]
  0x0000017125768ff0 JavaThread "Unconstrained build operations Thread 78" [_thread_blocked, id=16764, stack(0x000000082ec00000,0x000000082ed00000)]
  0x0000017125769f20 JavaThread "Unconstrained build operations Thread 79" [_thread_blocked, id=11492, stack(0x000000082ed00000,0x000000082ee00000)]
  0x000001712576b360 JavaThread "Unconstrained build operations Thread 80" [_thread_blocked, id=21536, stack(0x000000082ee00000,0x000000082ef00000)]
  0x000001712576a940 JavaThread "Unconstrained build operations Thread 81" [_thread_blocked, id=19472, stack(0x000000082ef00000,0x000000082f000000)]
  0x0000017121fc65e0 JavaThread "Unconstrained build operations Thread 82" [_thread_blocked, id=21768, stack(0x000000082f000000,0x000000082f100000)]
  0x0000017121fc7000 JavaThread "Unconstrained build operations Thread 83" [_thread_blocked, id=32920, stack(0x000000082f100000,0x000000082f200000)]
  0x0000017121fc7510 JavaThread "Unconstrained build operations Thread 84" [_thread_blocked, id=34780, stack(0x000000082f200000,0x000000082f300000)]
  0x0000017121fc7a20 JavaThread "Unconstrained build operations Thread 85" [_thread_blocked, id=32820, stack(0x000000082f300000,0x000000082f400000)]
  0x0000017121fc8440 JavaThread "Unconstrained build operations Thread 86" [_thread_blocked, id=35864, stack(0x000000082f400000,0x000000082f500000)]
  0x0000017121fc8950 JavaThread "Unconstrained build operations Thread 87" [_thread_blocked, id=29924, stack(0x000000082f500000,0x000000082f600000)]
  0x000001712c497340 JavaThread "Unconstrained build operations Thread 88" [_thread_blocked, id=3316, stack(0x000000082f600000,0x000000082f700000)]
  0x00000171249b6a00 JavaThread "Unconstrained build operations Thread 89" [_thread_blocked, id=34160, stack(0x000000082f700000,0x000000082f800000)]
  0x000001712b8b9a50 JavaThread "Unconstrained build operations Thread 90" [_thread_blocked, id=34696, stack(0x000000082f800000,0x000000082f900000)]
  0x000001712b8b76e0 JavaThread "Unconstrained build operations Thread 91" [_thread_blocked, id=32852, stack(0x000000082f900000,0x000000082fa00000)]
  0x000001712b8b8b20 JavaThread "Unconstrained build operations Thread 92" [_thread_blocked, id=22376, stack(0x000000082fa00000,0x000000082fb00000)]
  0x000001712b8b67b0 JavaThread "Unconstrained build operations Thread 93" [_thread_blocked, id=34676, stack(0x000000082fb00000,0x000000082fc00000)]
  0x000001712b8b8610 JavaThread "Unconstrained build operations Thread 94" [_thread_blocked, id=26420, stack(0x000000082fc00000,0x000000082fd00000)]
  0x000001712b8b62a0 JavaThread "Unconstrained build operations Thread 95" [_thread_blocked, id=37624, stack(0x000000082fd00000,0x000000082fe00000)]
  0x000001712b8b7bf0 JavaThread "Unconstrained build operations Thread 96" [_thread_blocked, id=1168, stack(0x000000082fe00000,0x000000082ff00000)]
  0x000001712b8b8100 JavaThread "Unconstrained build operations Thread 97" [_thread_blocked, id=35308, stack(0x000000082ff00000,0x0000000830000000)]
  0x000001712b8b9030 JavaThread "Unconstrained build operations Thread 98" [_thread_blocked, id=17828, stack(0x0000000830000000,0x0000000830100000)]
  0x000001712b8b9540 JavaThread "Unconstrained build operations Thread 99" [_thread_blocked, id=37228, stack(0x0000000830100000,0x0000000830200000)]
  0x000001712b8b6cc0 JavaThread "Unconstrained build operations Thread 100" [_thread_blocked, id=29384, stack(0x0000000830200000,0x0000000830300000)]
  0x000001712b8b9f60 JavaThread "Unconstrained build operations Thread 101" [_thread_blocked, id=33712, stack(0x0000000830300000,0x0000000830400000)]
  0x000001712b8ba470 JavaThread "Unconstrained build operations Thread 102" [_thread_blocked, id=37408, stack(0x0000000830400000,0x0000000830500000)]
  0x000001712b8ba980 JavaThread "Unconstrained build operations Thread 103" [_thread_blocked, id=35644, stack(0x0000000830500000,0x0000000830600000)]
  0x000001712b8b71d0 JavaThread "Unconstrained build operations Thread 104" [_thread_blocked, id=33540, stack(0x0000000830600000,0x0000000830700000)]
  0x000001712b8bdc20 JavaThread "Unconstrained build operations Thread 105" [_thread_blocked, id=11652, stack(0x0000000830700000,0x0000000830800000)]
  0x000001712b8bb8b0 JavaThread "Unconstrained build operations Thread 106" [_thread_blocked, id=33528, stack(0x0000000830800000,0x0000000830900000)]
  0x000001712b8bc7e0 JavaThread "Unconstrained build operations Thread 107" [_thread_blocked, id=22496, stack(0x0000000830900000,0x0000000830a00000)]
  0x000001712b8bbdc0 JavaThread "Unconstrained build operations Thread 108" [_thread_blocked, id=36848, stack(0x0000000830a00000,0x0000000830b00000)]
  0x000001712b8bae90 JavaThread "Unconstrained build operations Thread 109" [_thread_blocked, id=4504, stack(0x0000000830b00000,0x0000000830c00000)]
  0x000001712b8bd710 JavaThread "Unconstrained build operations Thread 110" [_thread_blocked, id=20584, stack(0x0000000830c00000,0x0000000830d00000)]
  0x000001712b8bc2d0 JavaThread "Unconstrained build operations Thread 111" [_thread_blocked, id=27744, stack(0x0000000830d00000,0x0000000830e00000)]
  0x000001712b8bccf0 JavaThread "Unconstrained build operations Thread 112" [_thread_blocked, id=18112, stack(0x0000000830e00000,0x0000000830f00000)]
  0x000001712b8bd200 JavaThread "Unconstrained build operations Thread 113" [_thread_blocked, id=13252, stack(0x0000000830f00000,0x0000000831000000)]
  0x000001712c588a80 JavaThread "Unconstrained build operations Thread 114" [_thread_blocked, id=17000, stack(0x0000000831000000,0x0000000831100000)]
  0x000001712c587130 JavaThread "Unconstrained build operations Thread 115" [_thread_blocked, id=34004, stack(0x0000000831100000,0x0000000831200000)]
  0x000001712c5899b0 JavaThread "Unconstrained build operations Thread 116" [_thread_blocked, id=17996, stack(0x0000000831200000,0x0000000831300000)]
  0x000001712c588f90 JavaThread "Unconstrained build operations Thread 117" [_thread_blocked, id=28912, stack(0x0000000831300000,0x0000000831400000)]
  0x000001712c588570 JavaThread "Unconstrained build operations Thread 118" [_thread_blocked, id=17396, stack(0x0000000831400000,0x0000000831500000)]
  0x000001712c587640 JavaThread "Unconstrained build operations Thread 119" [_thread_blocked, id=24008, stack(0x0000000831500000,0x0000000831600000)]
  0x000001712c5894a0 JavaThread "Unconstrained build operations Thread 120" [_thread_blocked, id=12944, stack(0x0000000831600000,0x0000000831700000)]
  0x000001712c587b50 JavaThread "Unconstrained build operations Thread 121" [_thread_blocked, id=31252, stack(0x0000000831700000,0x0000000831800000)]
  0x000001712c58a3d0 JavaThread "Unconstrained build operations Thread 122" [_thread_blocked, id=28272, stack(0x0000000831800000,0x0000000831900000)]
  0x000001712c588060 JavaThread "Unconstrained build operations Thread 123" [_thread_blocked, id=27652, stack(0x0000000831900000,0x0000000831a00000)]
  0x000001712c589ec0 JavaThread "Unconstrained build operations Thread 124" [_thread_blocked, id=32604, stack(0x0000000831a00000,0x0000000831b00000)]
  0x000001712c586c20 JavaThread "Unconstrained build operations Thread 125" [_thread_blocked, id=29544, stack(0x0000000831b00000,0x0000000831c00000)]
  0x000001712c58a8e0 JavaThread "Unconstrained build operations Thread 126" [_thread_blocked, id=15188, stack(0x0000000831c00000,0x0000000831d00000)]
  0x000001712c58b810 JavaThread "Unconstrained build operations Thread 127" [_thread_blocked, id=35464, stack(0x0000000831d00000,0x0000000831e00000)]
  0x000001712c58b300 JavaThread "Unconstrained build operations Thread 128" [_thread_blocked, id=27896, stack(0x0000000831e00000,0x0000000831f00000)]
  0x000001712c58bd20 JavaThread "Unconstrained build operations Thread 129" [_thread_blocked, id=31488, stack(0x0000000831f00000,0x0000000832000000)]
  0x000001712c58e5a0 JavaThread "Unconstrained build operations Thread 130" [_thread_blocked, id=33980, stack(0x0000000832000000,0x0000000832100000)]
  0x000001712c58db80 JavaThread "Unconstrained build operations Thread 131" [_thread_blocked, id=2200, stack(0x0000000832100000,0x0000000832200000)]
  0x000001712c58c230 JavaThread "Unconstrained build operations Thread 132" [_thread_blocked, id=15040, stack(0x0000000832200000,0x0000000832300000)]
  0x000001712c58adf0 JavaThread "Unconstrained build operations Thread 133" [_thread_blocked, id=35720, stack(0x0000000832300000,0x0000000832400000)]
  0x000001712c58eab0 JavaThread "Unconstrained build operations Thread 134" [_thread_blocked, id=35528, stack(0x0000000832400000,0x0000000832500000)]
  0x000001712c58efc0 JavaThread "Unconstrained build operations Thread 135" [_thread_blocked, id=1648, stack(0x0000000832500000,0x0000000832600000)]
  0x000001712c58d670 JavaThread "Unconstrained build operations Thread 136" [_thread_blocked, id=2652, stack(0x0000000832600000,0x0000000832700000)]
  0x000001712c58fef0 JavaThread "Unconstrained build operations Thread 137" [_thread_blocked, id=30344, stack(0x0000000832700000,0x0000000832800000)]
  0x000001712c58cc50 JavaThread "Unconstrained build operations Thread 138" [_thread_blocked, id=20728, stack(0x0000000832a00000,0x0000000832b00000)]
  0x000001712c58e090 JavaThread "Unconstrained build operations Thread 139" [_thread_blocked, id=18088, stack(0x0000000832b00000,0x0000000832c00000)]
  0x000001712c58d160 JavaThread "Unconstrained build operations Thread 140" [_thread_blocked, id=21460, stack(0x0000000832c00000,0x0000000832d00000)]
  0x000001712c58f4d0 JavaThread "Unconstrained build operations Thread 141" [_thread_blocked, id=31608, stack(0x0000000832d00000,0x0000000832e00000)]
  0x000001712c58f9e0 JavaThread "Unconstrained build operations Thread 142" [_thread_blocked, id=32912, stack(0x0000000832e00000,0x0000000832f00000)]
  0x000001712c58c740 JavaThread "Unconstrained build operations Thread 143" [_thread_blocked, id=37296, stack(0x0000000832f00000,0x0000000833000000)]
  0x000001712c592260 JavaThread "Unconstrained build operations Thread 144" [_thread_blocked, id=32300, stack(0x0000000833200000,0x0000000833300000)]
  0x000001712c593bb0 JavaThread "Unconstrained build operations Thread 145" [_thread_blocked, id=17780, stack(0x0000000833300000,0x0000000833400000)]
  0x000001712c590e20 JavaThread "Unconstrained build operations Thread 146" [_thread_blocked, id=37756, stack(0x0000000833400000,0x0000000833500000)]
  0x000001712c592770 JavaThread "Unconstrained build operations Thread 147" [_thread_blocked, id=17004, stack(0x0000000833500000,0x0000000833600000)]
  0x000001712c5936a0 JavaThread "Unconstrained build operations Thread 148" [_thread_blocked, id=14200, stack(0x0000000833600000,0x0000000833700000)]
  0x000001712c591330 JavaThread "Unconstrained build operations Thread 149" [_thread_blocked, id=9416, stack(0x0000000833700000,0x0000000833800000)]
  0x000001712c592c80 JavaThread "Unconstrained build operations Thread 150" [_thread_blocked, id=35240, stack(0x0000000833800000,0x0000000833900000)]
  0x000001712c593190 JavaThread "Unconstrained build operations Thread 151" [_thread_blocked, id=3388, stack(0x0000000833900000,0x0000000833a00000)]
  0x000001712c590400 JavaThread "Unconstrained build operations Thread 152" [_thread_blocked, id=33580, stack(0x0000000833a00000,0x0000000833b00000)]
  0x000001712c5940c0 JavaThread "WorkerExecutor Queue Thread 5" [_thread_blocked, id=25832, stack(0x0000000833b00000,0x0000000833c00000)]
  0x000001712c590910 JavaThread "Unconstrained build operations Thread 153" [_thread_blocked, id=35592, stack(0x0000000833c00000,0x0000000833d00000)]
  0x000001712c5945d0 JavaThread "Unconstrained build operations Thread 154" [_thread_blocked, id=22288, stack(0x0000000833d00000,0x0000000833e00000)]
  0x000001712c594ae0 JavaThread "Unconstrained build operations Thread 155" [_thread_blocked, id=12868, stack(0x0000000833e00000,0x0000000833f00000)]
  0x000001712c594ff0 JavaThread "Unconstrained build operations Thread 156" [_thread_blocked, id=31560, stack(0x0000000833f00000,0x0000000834000000)]
  0x000001712c591840 JavaThread "Unconstrained build operations Thread 157" [_thread_blocked, id=27632, stack(0x0000000834000000,0x0000000834100000)]
  0x000001712c595500 JavaThread "Unconstrained build operations Thread 158" [_thread_blocked, id=34728, stack(0x0000000834100000,0x0000000834200000)]
  0x000001712c591d50 JavaThread "Unconstrained build operations Thread 159" [_thread_blocked, id=32096, stack(0x0000000834200000,0x0000000834300000)]
  0x000001712c595a10 JavaThread "Unconstrained build operations Thread 160" [_thread_blocked, id=21772, stack(0x0000000834300000,0x0000000834400000)]
  0x000001712c596430 JavaThread "pool-7-thread-1" [_thread_blocked, id=29904, stack(0x0000000834400000,0x0000000834500000)]
  0x000001712cbb33f0 JavaThread "stderr" [_thread_in_native, id=10804, stack(0x0000000834500000,0x0000000834600000)]
  0x000001712cbb4830 JavaThread "stdout" [_thread_in_native, id=35916, stack(0x0000000834600000,0x0000000834700000)]

Other Threads:
  0x000001711bdc7290 VMThread "VM Thread" [stack: 0x0000000823900000,0x0000000823a00000] [id=37500]
  0x0000017104dbe6a0 WatcherThread [stack: 0x0000000824700000,0x0000000824800000] [id=27876]
  0x0000017104dedad0 GCTaskThread "GC Thread#0" [stack: 0x0000000823400000,0x0000000823500000] [id=37492]
  0x0000017120670e50 GCTaskThread "GC Thread#1" [stack: 0x0000000824900000,0x0000000824a00000] [id=2908]
  0x0000017120af3460 GCTaskThread "GC Thread#2" [stack: 0x0000000824a00000,0x0000000824b00000] [id=35876]
  0x0000017120804cf0 GCTaskThread "GC Thread#3" [stack: 0x0000000824b00000,0x0000000824c00000] [id=29076]
  0x000001712080f9b0 GCTaskThread "GC Thread#4" [stack: 0x0000000824c00000,0x0000000824d00000] [id=29648]
  0x0000017120679210 GCTaskThread "GC Thread#5" [stack: 0x0000000824d00000,0x0000000824e00000] [id=33944]
  0x0000017120679d10 GCTaskThread "GC Thread#6" [stack: 0x0000000825900000,0x0000000825a00000] [id=36252]
  0x000001712067a550 GCTaskThread "GC Thread#7" [stack: 0x0000000825a00000,0x0000000825b00000] [id=31452]
  0x0000017120679fd0 GCTaskThread "GC Thread#8" [stack: 0x0000000825b00000,0x0000000825c00000] [id=36268]
  0x000001712067aad0 GCTaskThread "GC Thread#9" [stack: 0x0000000825c00000,0x0000000825d00000] [id=36264]
  0x000001712067ad90 GCTaskThread "GC Thread#10" [stack: 0x0000000825d00000,0x0000000825e00000] [id=36288]
  0x00000171206794d0 GCTaskThread "GC Thread#11" [stack: 0x0000000825e00000,0x0000000825f00000] [id=31304]
  0x0000017120679790 GCTaskThread "GC Thread#12" [stack: 0x0000000825f00000,0x0000000826000000] [id=36908]
  0x0000017104df3da0 ConcurrentGCThread "G1 Main Marker" [stack: 0x0000000823500000,0x0000000823600000] [id=34184]
  0x0000017104df56e0 ConcurrentGCThread "G1 Conc#0" [stack: 0x0000000823600000,0x0000000823700000] [id=1712]
  0x0000017120679a50 ConcurrentGCThread "G1 Conc#1" [stack: 0x0000000826000000,0x0000000826100000] [id=35064]
  0x000001712221dc70 ConcurrentGCThread "G1 Conc#2" [stack: 0x0000000826100000,0x0000000826200000] [id=15980]
  0x0000017104e6d9c0 ConcurrentGCThread "G1 Refine#0" [stack: 0x0000000823700000,0x0000000823800000] [id=29928]
  0x0000017124ab9e50 ConcurrentGCThread "G1 Refine#1" [stack: 0x000000082d600000,0x000000082d700000] [id=27840]
  0x00000171251fa720 ConcurrentGCThread "G1 Refine#2" [stack: 0x000000082d300000,0x000000082d400000] [id=37036]
  0x000001712c82f430 ConcurrentGCThread "G1 Refine#3" [stack: 0x000000082d400000,0x000000082d500000] [id=15472]
  0x000001712b943df0 ConcurrentGCThread "G1 Refine#4" [stack: 0x000000082d500000,0x000000082d600000] [id=33588]
  0x0000017104e6e5a0 ConcurrentGCThread "G1 Service" [stack: 0x0000000823800000,0x0000000823900000] [id=37488]

Threads with active compile tasks:
C2 CompilerThread0    35807 19283       4       com.android.tools.r8.internal.jd::a (5041 bytes)

VM state: at safepoint (normal execution)

VM Mutex/Monitor currently owned by a thread:  ([mutex/lock_event])
[0x0000017104da7640] Threads_lock - owner thread: 0x000001711bdc7290
[0x0000017104dba7f0] Heap_lock - owner thread: 0x0000017104df3da0

Heap address: 0x00000000e0000000, size: 512 MB, Compressed Oops mode: 32-bit

CDS archive(s) not mapped
Compressed class space mapped at: 0x0000000100000000-0x0000000114000000, reserved size: 335544320
Narrow klass base: 0x0000000000000000, Narrow klass shift: 3, Narrow klass range: 0x114000000

GC Precious Log:
 CPUs: 16 total, 16 available
 Memory: 7896M
 Large Page Support: Disabled
 NUMA Support: Disabled
 Compressed Oops: Enabled (32-bit)
 Heap Region Size: 1M
 Heap Min Capacity: 256M
 Heap Initial Capacity: 256M
 Heap Max Capacity: 512M
 Pre-touch: Disabled
 Parallel Workers: 13
 Concurrent Workers: 3
 Concurrent Refinement Workers: 13
 Periodic GC: Disabled

Heap:
 garbage-first heap   total 347136K, used 289341K [0x00000000e0000000, 0x0000000100000000)
  region size 1024K, 43 young (44032K), 7 survivors (7168K)
 Metaspace       used 148146K, committed 149312K, reserved 458752K
  class space    used 19947K, committed 20544K, reserved 327680K

Heap Regions: E=young(eden), S=young(survivor), O=old, HS=humongous(starts), HC=humongous(continues), CS=collection set, F=free, OA=open archive, CA=closed archive, TAMS=top-at-mark-start (previous, next)
|   0|0x00000000e0000000, 0x00000000e0100000, 0x00000000e0100000|100%|HS|  |TAMS 0x00000000e0100000, 0x00000000e0100000| Complete 
|   1|0x00000000e0100000, 0x00000000e0200000, 0x00000000e0200000|100%|HS|  |TAMS 0x00000000e0200000, 0x00000000e0200000| Complete 
|   2|0x00000000e0200000, 0x00000000e0300000, 0x00000000e0300000|100%|HC|  |TAMS 0x00000000e0300000, 0x00000000e0300000| Complete 
|   3|0x00000000e0300000, 0x00000000e0400000, 0x00000000e0400000|100%|HC|  |TAMS 0x00000000e0400000, 0x00000000e0400000| Complete 
|   4|0x00000000e0400000, 0x00000000e0500000, 0x00000000e0500000|100%| O|  |TAMS 0x00000000e0500000, 0x00000000e0500000| Untracked 
|   5|0x00000000e0500000, 0x00000000e0600000, 0x00000000e0600000|100%| O|  |TAMS 0x00000000e0600000, 0x00000000e0600000| Untracked 
|   6|0x00000000e0600000, 0x00000000e0700000, 0x00000000e0700000|100%| O|  |TAMS 0x00000000e0700000, 0x00000000e0700000| Untracked 
|   7|0x00000000e0700000, 0x00000000e0800000, 0x00000000e0800000|100%|HS|  |TAMS 0x00000000e0800000, 0x00000000e0800000| Complete 
|   8|0x00000000e0800000, 0x00000000e0900000, 0x00000000e0900000|100%| O|  |TAMS 0x00000000e0900000, 0x00000000e0900000| Untracked 
|   9|0x00000000e0900000, 0x00000000e0a00000, 0x00000000e0a00000|100%| O|  |TAMS 0x00000000e0a00000, 0x00000000e0a00000| Untracked 
|  10|0x00000000e0a00000, 0x00000000e0b00000, 0x00000000e0b00000|100%| O|  |TAMS 0x00000000e0b00000, 0x00000000e0b00000| Untracked 
|  11|0x00000000e0b00000, 0x00000000e0c00000, 0x00000000e0c00000|100%| O|  |TAMS 0x00000000e0c00000, 0x00000000e0c00000| Untracked 
|  12|0x00000000e0c00000, 0x00000000e0d00000, 0x00000000e0d00000|100%| O|  |TAMS 0x00000000e0d00000, 0x00000000e0d00000| Untracked 
|  13|0x00000000e0d00000, 0x00000000e0e00000, 0x00000000e0e00000|100%|HS|  |TAMS 0x00000000e0e00000, 0x00000000e0e00000| Complete 
|  14|0x00000000e0e00000, 0x00000000e0f00000, 0x00000000e0f00000|100%|HC|  |TAMS 0x00000000e0f00000, 0x00000000e0f00000| Complete 
|  15|0x00000000e0f00000, 0x00000000e1000000, 0x00000000e1000000|100%|HS|  |TAMS 0x00000000e1000000, 0x00000000e1000000| Complete 
|  16|0x00000000e1000000, 0x00000000e1100000, 0x00000000e1100000|100%|HC|  |TAMS 0x00000000e1100000, 0x00000000e1100000| Complete 
|  17|0x00000000e1100000, 0x00000000e1200000, 0x00000000e1200000|100%|HC|  |TAMS 0x00000000e1200000, 0x00000000e1200000| Complete 
|  18|0x00000000e1200000, 0x00000000e1300000, 0x00000000e1300000|100%|HS|  |TAMS 0x00000000e1300000, 0x00000000e1300000| Complete 
|  19|0x00000000e1300000, 0x00000000e1400000, 0x00000000e1400000|100%|HC|  |TAMS 0x00000000e1400000, 0x00000000e1400000| Complete 
|  20|0x00000000e1400000, 0x00000000e1500000, 0x00000000e1500000|100%|HC|  |TAMS 0x00000000e1500000, 0x00000000e1500000| Complete 
|  21|0x00000000e1500000, 0x00000000e1600000, 0x00000000e1600000|100%|HS|  |TAMS 0x00000000e1600000, 0x00000000e1600000| Complete 
|  22|0x00000000e1600000, 0x00000000e1700000, 0x00000000e1700000|100%|HC|  |TAMS 0x00000000e1700000, 0x00000000e1700000| Complete 
|  23|0x00000000e1700000, 0x00000000e1800000, 0x00000000e1800000|100%|HC|  |TAMS 0x00000000e1800000, 0x00000000e1800000| Complete 
|  24|0x00000000e1800000, 0x00000000e1900000, 0x00000000e1900000|100%| O|  |TAMS 0x00000000e1900000, 0x00000000e1900000| Untracked 
|  25|0x00000000e1900000, 0x00000000e1a00000, 0x00000000e1a00000|100%| O|  |TAMS 0x00000000e1a00000, 0x00000000e1a00000| Untracked 
|  26|0x00000000e1a00000, 0x00000000e1b00000, 0x00000000e1b00000|100%| O|  |TAMS 0x00000000e1b00000, 0x00000000e1b00000| Untracked 
|  27|0x00000000e1b00000, 0x00000000e1c00000, 0x00000000e1c00000|100%| O|  |TAMS 0x00000000e1c00000, 0x00000000e1c00000| Untracked 
|  28|0x00000000e1c00000, 0x00000000e1d00000, 0x00000000e1d00000|100%| O|  |TAMS 0x00000000e1d00000, 0x00000000e1d00000| Untracked 
|  29|0x00000000e1d00000, 0x00000000e1e00000, 0x00000000e1e00000|100%| O|  |TAMS 0x00000000e1e00000, 0x00000000e1e00000| Untracked 
|  30|0x00000000e1e00000, 0x00000000e1f00000, 0x00000000e1f00000|100%| O|  |TAMS 0x00000000e1f00000, 0x00000000e1f00000| Untracked 
|  31|0x00000000e1f00000, 0x00000000e2000000, 0x00000000e2000000|100%| O|  |TAMS 0x00000000e2000000, 0x00000000e2000000| Untracked 
|  32|0x00000000e2000000, 0x00000000e2100000, 0x00000000e2100000|100%| O|  |TAMS 0x00000000e2100000, 0x00000000e2100000| Untracked 
|  33|0x00000000e2100000, 0x00000000e2200000, 0x00000000e2200000|100%| O|  |TAMS 0x00000000e2200000, 0x00000000e2200000| Untracked 
|  34|0x00000000e2200000, 0x00000000e2300000, 0x00000000e2300000|100%| O|  |TAMS 0x00000000e2300000, 0x00000000e2300000| Untracked 
|  35|0x00000000e2300000, 0x00000000e2400000, 0x00000000e2400000|100%| O|  |TAMS 0x00000000e2400000, 0x00000000e2400000| Untracked 
|  36|0x00000000e2400000, 0x00000000e2500000, 0x00000000e2500000|100%| O|  |TAMS 0x00000000e2500000, 0x00000000e2500000| Untracked 
|  37|0x00000000e2500000, 0x00000000e2600000, 0x00000000e2600000|100%| O|  |TAMS 0x00000000e2600000, 0x00000000e2600000| Untracked 
|  38|0x00000000e2600000, 0x00000000e2700000, 0x00000000e2700000|100%| O|  |TAMS 0x00000000e2700000, 0x00000000e2700000| Untracked 
|  39|0x00000000e2700000, 0x00000000e2800000, 0x00000000e2800000|100%| O|  |TAMS 0x00000000e2800000, 0x00000000e2800000| Untracked 
|  40|0x00000000e2800000, 0x00000000e2900000, 0x00000000e2900000|100%| O|  |TAMS 0x00000000e2900000, 0x00000000e2900000| Untracked 
|  41|0x00000000e2900000, 0x00000000e2a00000, 0x00000000e2a00000|100%|HS|  |TAMS 0x00000000e2a00000, 0x00000000e2a00000| Complete 
|  42|0x00000000e2a00000, 0x00000000e2b00000, 0x00000000e2b00000|100%|HC|  |TAMS 0x00000000e2b00000, 0x00000000e2b00000| Complete 
|  43|0x00000000e2b00000, 0x00000000e2c00000, 0x00000000e2c00000|100%|HC|  |TAMS 0x00000000e2c00000, 0x00000000e2c00000| Complete 
|  44|0x00000000e2c00000, 0x00000000e2d00000, 0x00000000e2d00000|100%|HS|  |TAMS 0x00000000e2d00000, 0x00000000e2d00000| Complete 
|  45|0x00000000e2d00000, 0x00000000e2e00000, 0x00000000e2e00000|100%|HS|  |TAMS 0x00000000e2e00000, 0x00000000e2e00000| Complete 
|  46|0x00000000e2e00000, 0x00000000e2f00000, 0x00000000e2f00000|100%|HC|  |TAMS 0x00000000e2f00000, 0x00000000e2f00000| Complete 
|  47|0x00000000e2f00000, 0x00000000e3000000, 0x00000000e3000000|100%|HC|  |TAMS 0x00000000e3000000, 0x00000000e3000000| Complete 
|  48|0x00000000e3000000, 0x00000000e3100000, 0x00000000e3100000|100%|HS|  |TAMS 0x00000000e3100000, 0x00000000e3100000| Complete 
|  49|0x00000000e3100000, 0x00000000e3200000, 0x00000000e3200000|100%|HC|  |TAMS 0x00000000e3200000, 0x00000000e3200000| Complete 
|  50|0x00000000e3200000, 0x00000000e3300000, 0x00000000e3300000|100%|HC|  |TAMS 0x00000000e3300000, 0x00000000e3300000| Complete 
|  51|0x00000000e3300000, 0x00000000e3400000, 0x00000000e3400000|100%| O|  |TAMS 0x00000000e3400000, 0x00000000e3400000| Untracked 
|  52|0x00000000e3400000, 0x00000000e3500000, 0x00000000e3500000|100%| O|  |TAMS 0x00000000e3500000, 0x00000000e3500000| Untracked 
|  53|0x00000000e3500000, 0x00000000e3600000, 0x00000000e3600000|100%| O|  |TAMS 0x00000000e3600000, 0x00000000e3600000| Untracked 
|  54|0x00000000e3600000, 0x00000000e3700000, 0x00000000e3700000|100%| O|  |TAMS 0x00000000e3700000, 0x00000000e3700000| Untracked 
|  55|0x00000000e3700000, 0x00000000e3800000, 0x00000000e3800000|100%| O|  |TAMS 0x00000000e3800000, 0x00000000e3800000| Untracked 
|  56|0x00000000e3800000, 0x00000000e3900000, 0x00000000e3900000|100%| O|  |TAMS 0x00000000e3900000, 0x00000000e3900000| Untracked 
|  57|0x00000000e3900000, 0x00000000e3a00000, 0x00000000e3a00000|100%| O|  |TAMS 0x00000000e3a00000, 0x00000000e3a00000| Untracked 
|  58|0x00000000e3a00000, 0x00000000e3b00000, 0x00000000e3b00000|100%| O|  |TAMS 0x00000000e3b00000, 0x00000000e3b00000| Untracked 
|  59|0x00000000e3b00000, 0x00000000e3c00000, 0x00000000e3c00000|100%| O|  |TAMS 0x00000000e3c00000, 0x00000000e3c00000| Untracked 
|  60|0x00000000e3c00000, 0x00000000e3d00000, 0x00000000e3d00000|100%| O|  |TAMS 0x00000000e3d00000, 0x00000000e3d00000| Untracked 
|  61|0x00000000e3d00000, 0x00000000e3e00000, 0x00000000e3e00000|100%| O|  |TAMS 0x00000000e3e00000, 0x00000000e3e00000| Untracked 
|  62|0x00000000e3e00000, 0x00000000e3f00000, 0x00000000e3f00000|100%|HS|  |TAMS 0x00000000e3f00000, 0x00000000e3f00000| Complete 
|  63|0x00000000e3f00000, 0x00000000e4000000, 0x00000000e4000000|100%|HC|  |TAMS 0x00000000e4000000, 0x00000000e4000000| Complete 
|  64|0x00000000e4000000, 0x00000000e4100000, 0x00000000e4100000|100%|HS|  |TAMS 0x00000000e4100000, 0x00000000e4100000| Complete 
|  65|0x00000000e4100000, 0x00000000e4200000, 0x00000000e4200000|100%|HC|  |TAMS 0x00000000e4200000, 0x00000000e4200000| Complete 
|  66|0x00000000e4200000, 0x00000000e4300000, 0x00000000e4300000|100%|HS|  |TAMS 0x00000000e4300000, 0x00000000e4300000| Complete 
|  67|0x00000000e4300000, 0x00000000e4400000, 0x00000000e4400000|100%|HS|  |TAMS 0x00000000e4400000, 0x00000000e4400000| Complete 
|  68|0x00000000e4400000, 0x00000000e4500000, 0x00000000e4500000|100%|HS|  |TAMS 0x00000000e4500000, 0x00000000e4500000| Complete 
|  69|0x00000000e4500000, 0x00000000e4600000, 0x00000000e4600000|100%|HC|  |TAMS 0x00000000e4600000, 0x00000000e4600000| Complete 
|  70|0x00000000e4600000, 0x00000000e4700000, 0x00000000e4700000|100%|HC|  |TAMS 0x00000000e4700000, 0x00000000e4700000| Complete 
|  71|0x00000000e4700000, 0x00000000e4800000, 0x00000000e4800000|100%|HC|  |TAMS 0x00000000e4800000, 0x00000000e4800000| Complete 
|  72|0x00000000e4800000, 0x00000000e4900000, 0x00000000e4900000|100%| O|  |TAMS 0x00000000e4900000, 0x00000000e4900000| Untracked 
|  73|0x00000000e4900000, 0x00000000e4a00000, 0x00000000e4a00000|100%|HS|  |TAMS 0x00000000e4a00000, 0x00000000e4a00000| Complete 
|  74|0x00000000e4a00000, 0x00000000e4b00000, 0x00000000e4b00000|100%| O|  |TAMS 0x00000000e4b00000, 0x00000000e4b00000| Untracked 
|  75|0x00000000e4b00000, 0x00000000e4c00000, 0x00000000e4c00000|100%| O|  |TAMS 0x00000000e4c00000, 0x00000000e4c00000| Untracked 
|  76|0x00000000e4c00000, 0x00000000e4d00000, 0x00000000e4d00000|100%| O|  |TAMS 0x00000000e4d00000, 0x00000000e4d00000| Untracked 
|  77|0x00000000e4d00000, 0x00000000e4e00000, 0x00000000e4e00000|100%| O|  |TAMS 0x00000000e4e00000, 0x00000000e4e00000| Untracked 
|  78|0x00000000e4e00000, 0x00000000e4f00000, 0x00000000e4f00000|100%| O|  |TAMS 0x00000000e4f00000, 0x00000000e4f00000| Untracked 
|  79|0x00000000e4f00000, 0x00000000e5000000, 0x00000000e5000000|100%| O|  |TAMS 0x00000000e5000000, 0x00000000e5000000| Untracked 
|  80|0x00000000e5000000, 0x00000000e5100000, 0x00000000e5100000|100%| O|  |TAMS 0x00000000e5100000, 0x00000000e5100000| Untracked 
|  81|0x00000000e5100000, 0x00000000e5200000, 0x00000000e5200000|100%| O|  |TAMS 0x00000000e5200000, 0x00000000e5200000| Untracked 
|  82|0x00000000e5200000, 0x00000000e5300000, 0x00000000e5300000|100%| O|  |TAMS 0x00000000e5300000, 0x00000000e5300000| Untracked 
|  83|0x00000000e5300000, 0x00000000e5400000, 0x00000000e5400000|100%| O|  |TAMS 0x00000000e5400000, 0x00000000e5400000| Untracked 
|  84|0x00000000e5400000, 0x00000000e5500000, 0x00000000e5500000|100%| O|  |TAMS 0x00000000e5400000, 0x00000000e5500000| Untracked 
|  85|0x00000000e5500000, 0x00000000e5600000, 0x00000000e5600000|100%| O|  |TAMS 0x00000000e5600000, 0x00000000e5600000| Untracked 
|  86|0x00000000e5600000, 0x00000000e5700000, 0x00000000e5700000|100%|HS|  |TAMS 0x00000000e5700000, 0x00000000e5700000| Complete 
|  87|0x00000000e5700000, 0x00000000e5800000, 0x00000000e5800000|100%|HC|  |TAMS 0x00000000e5800000, 0x00000000e5800000| Complete 
|  88|0x00000000e5800000, 0x00000000e5900000, 0x00000000e5900000|100%|HC|  |TAMS 0x00000000e5900000, 0x00000000e5900000| Complete 
|  89|0x00000000e5900000, 0x00000000e5a00000, 0x00000000e5a00000|100%|HC|  |TAMS 0x00000000e5a00000, 0x00000000e5a00000| Complete 
|  90|0x00000000e5a00000, 0x00000000e5b00000, 0x00000000e5b00000|100%| O|  |TAMS 0x00000000e5b00000, 0x00000000e5b00000| Untracked 
|  91|0x00000000e5b00000, 0x00000000e5c00000, 0x00000000e5c00000|100%| O|  |TAMS 0x00000000e5c00000, 0x00000000e5c00000| Untracked 
|  92|0x00000000e5c00000, 0x00000000e5d00000, 0x00000000e5d00000|100%| O|  |TAMS 0x00000000e5d00000, 0x00000000e5d00000| Untracked 
|  93|0x00000000e5d00000, 0x00000000e5e00000, 0x00000000e5e00000|100%| O|  |TAMS 0x00000000e5e00000, 0x00000000e5e00000| Untracked 
|  94|0x00000000e5e00000, 0x00000000e5f00000, 0x00000000e5f00000|100%| O|  |TAMS 0x00000000e5f00000, 0x00000000e5f00000| Untracked 
|  95|0x00000000e5f00000, 0x00000000e6000000, 0x00000000e6000000|100%| O|  |TAMS 0x00000000e6000000, 0x00000000e6000000| Untracked 
|  96|0x00000000e6000000, 0x00000000e6100000, 0x00000000e6100000|100%| O|  |TAMS 0x00000000e6100000, 0x00000000e6100000| Untracked 
|  97|0x00000000e6100000, 0x00000000e6200000, 0x00000000e6200000|100%| O|  |TAMS 0x00000000e6200000, 0x00000000e6200000| Untracked 
|  98|0x00000000e6200000, 0x00000000e6300000, 0x00000000e6300000|100%| O|  |TAMS 0x00000000e6300000, 0x00000000e6300000| Untracked 
|  99|0x00000000e6300000, 0x00000000e6400000, 0x00000000e6400000|100%| O|  |TAMS 0x00000000e6400000, 0x00000000e6400000| Untracked 
| 100|0x00000000e6400000, 0x00000000e6500000, 0x00000000e6500000|100%| O|  |TAMS 0x00000000e6500000, 0x00000000e6500000| Untracked 
| 101|0x00000000e6500000, 0x00000000e6600000, 0x00000000e6600000|100%| O|  |TAMS 0x00000000e6600000, 0x00000000e6600000| Untracked 
| 102|0x00000000e6600000, 0x00000000e6700000, 0x00000000e6700000|100%| O|  |TAMS 0x00000000e6600000, 0x00000000e6700000| Untracked 
| 103|0x00000000e6700000, 0x00000000e6800000, 0x00000000e6800000|100%| O|  |TAMS 0x00000000e6700000, 0x00000000e6800000| Untracked 
| 104|0x00000000e6800000, 0x00000000e6900000, 0x00000000e6900000|100%| O|  |TAMS 0x00000000e6900000, 0x00000000e6900000| Untracked 
| 105|0x00000000e6900000, 0x00000000e6a00000, 0x00000000e6a00000|100%| O|  |TAMS 0x00000000e6a00000, 0x00000000e6a00000| Untracked 
| 106|0x00000000e6a00000, 0x00000000e6b00000, 0x00000000e6b00000|100%| O|  |TAMS 0x00000000e6b00000, 0x00000000e6b00000| Untracked 
| 107|0x00000000e6b00000, 0x00000000e6c00000, 0x00000000e6c00000|100%| O|  |TAMS 0x00000000e6c00000, 0x00000000e6c00000| Untracked 
| 108|0x00000000e6c00000, 0x00000000e6d00000, 0x00000000e6d00000|100%| O|  |TAMS 0x00000000e6d00000, 0x00000000e6d00000| Untracked 
| 109|0x00000000e6d00000, 0x00000000e6e00000, 0x00000000e6e00000|100%| O|  |TAMS 0x00000000e6e00000, 0x00000000e6e00000| Untracked 
| 110|0x00000000e6e00000, 0x00000000e6f00000, 0x00000000e6f00000|100%| O|  |TAMS 0x00000000e6f00000, 0x00000000e6f00000| Untracked 
| 111|0x00000000e6f00000, 0x00000000e7000000, 0x00000000e7000000|100%| O|  |TAMS 0x00000000e7000000, 0x00000000e7000000| Untracked 
| 112|0x00000000e7000000, 0x00000000e7100000, 0x00000000e7100000|100%| O|  |TAMS 0x00000000e7100000, 0x00000000e7100000| Untracked 
| 113|0x00000000e7100000, 0x00000000e7200000, 0x00000000e7200000|100%| O|  |TAMS 0x00000000e7200000, 0x00000000e7200000| Untracked 
| 114|0x00000000e7200000, 0x00000000e7300000, 0x00000000e7300000|100%| O|  |TAMS 0x00000000e7300000, 0x00000000e7300000| Untracked 
| 115|0x00000000e7300000, 0x00000000e7400000, 0x00000000e7400000|100%| O|  |TAMS 0x00000000e7400000, 0x00000000e7400000| Untracked 
| 116|0x00000000e7400000, 0x00000000e7500000, 0x00000000e7500000|100%| O|  |TAMS 0x00000000e7500000, 0x00000000e7500000| Untracked 
| 117|0x00000000e7500000, 0x00000000e7600000, 0x00000000e7600000|100%| O|  |TAMS 0x00000000e7600000, 0x00000000e7600000| Untracked 
| 118|0x00000000e7600000, 0x00000000e7700000, 0x00000000e7700000|100%| O|  |TAMS 0x00000000e7600000, 0x00000000e7700000| Untracked 
| 119|0x00000000e7700000, 0x00000000e7800000, 0x00000000e7800000|100%| O|  |TAMS 0x00000000e7800000, 0x00000000e7800000| Untracked 
| 120|0x00000000e7800000, 0x00000000e7900000, 0x00000000e7900000|100%| O|  |TAMS 0x00000000e7900000, 0x00000000e7900000| Untracked 
| 121|0x00000000e7900000, 0x00000000e7a00000, 0x00000000e7a00000|100%|HS|  |TAMS 0x00000000e7a00000, 0x00000000e7a00000| Complete 
| 122|0x00000000e7a00000, 0x00000000e7b00000, 0x00000000e7b00000|100%|HC|  |TAMS 0x00000000e7b00000, 0x00000000e7b00000| Complete 
| 123|0x00000000e7b00000, 0x00000000e7c00000, 0x00000000e7c00000|100%|HS|  |TAMS 0x00000000e7c00000, 0x00000000e7c00000| Complete 
| 124|0x00000000e7c00000, 0x00000000e7d00000, 0x00000000e7d00000|100%|HC|  |TAMS 0x00000000e7d00000, 0x00000000e7d00000| Complete 
| 125|0x00000000e7d00000, 0x00000000e7e00000, 0x00000000e7e00000|100%|HC|  |TAMS 0x00000000e7e00000, 0x00000000e7e00000| Complete 
| 126|0x00000000e7e00000, 0x00000000e7f00000, 0x00000000e7f00000|100%|HS|  |TAMS 0x00000000e7f00000, 0x00000000e7f00000| Complete 
| 127|0x00000000e7f00000, 0x00000000e8000000, 0x00000000e8000000|100%|HC|  |TAMS 0x00000000e8000000, 0x00000000e8000000| Complete 
| 128|0x00000000e8000000, 0x00000000e8100000, 0x00000000e8100000|100%|HC|  |TAMS 0x00000000e8100000, 0x00000000e8100000| Complete 
| 129|0x00000000e8100000, 0x00000000e8200000, 0x00000000e8200000|100%|HS|  |TAMS 0x00000000e8200000, 0x00000000e8200000| Complete 
| 130|0x00000000e8200000, 0x00000000e8300000, 0x00000000e8300000|100%|HC|  |TAMS 0x00000000e8300000, 0x00000000e8300000| Complete 
| 131|0x00000000e8300000, 0x00000000e8400000, 0x00000000e8400000|100%|HC|  |TAMS 0x00000000e8400000, 0x00000000e8400000| Complete 
| 132|0x00000000e8400000, 0x00000000e8500000, 0x00000000e8500000|100%| O|  |TAMS 0x00000000e8500000, 0x00000000e8500000| Untracked 
| 133|0x00000000e8500000, 0x00000000e8600000, 0x00000000e8600000|100%| O|  |TAMS 0x00000000e8500000, 0x00000000e8600000| Untracked 
| 134|0x00000000e8600000, 0x00000000e8700000, 0x00000000e8700000|100%| O|  |TAMS 0x00000000e8700000, 0x00000000e8700000| Untracked 
| 135|0x00000000e8700000, 0x00000000e8800000, 0x00000000e8800000|100%| O|  |TAMS 0x00000000e8800000, 0x00000000e8800000| Untracked 
| 136|0x00000000e8800000, 0x00000000e8900000, 0x00000000e8900000|100%| O|  |TAMS 0x00000000e8900000, 0x00000000e8900000| Untracked 
| 137|0x00000000e8900000, 0x00000000e8a00000, 0x00000000e8a00000|100%| O|  |TAMS 0x00000000e8900000, 0x00000000e8a00000| Untracked 
| 138|0x00000000e8a00000, 0x00000000e8b00000, 0x00000000e8b00000|100%| O|  |TAMS 0x00000000e8b00000, 0x00000000e8b00000| Untracked 
| 139|0x00000000e8b00000, 0x00000000e8c00000, 0x00000000e8c00000|100%| O|  |TAMS 0x00000000e8c00000, 0x00000000e8c00000| Untracked 
| 140|0x00000000e8c00000, 0x00000000e8d00000, 0x00000000e8d00000|100%| O|  |TAMS 0x00000000e8d00000, 0x00000000e8d00000| Untracked 
| 141|0x00000000e8d00000, 0x00000000e8e00000, 0x00000000e8e00000|100%| O|  |TAMS 0x00000000e8e00000, 0x00000000e8e00000| Untracked 
| 142|0x00000000e8e00000, 0x00000000e8f00000, 0x00000000e8f00000|100%| O|  |TAMS 0x00000000e8f00000, 0x00000000e8f00000| Untracked 
| 143|0x00000000e8f00000, 0x00000000e9000000, 0x00000000e9000000|100%| O|  |TAMS 0x00000000e8f00000, 0x00000000e9000000| Untracked 
| 144|0x00000000e9000000, 0x00000000e9100000, 0x00000000e9100000|100%| O|  |TAMS 0x00000000e9000000, 0x00000000e9100000| Untracked 
| 145|0x00000000e9100000, 0x00000000e9200000, 0x00000000e9200000|100%| O|  |TAMS 0x00000000e9200000, 0x00000000e9200000| Untracked 
| 146|0x00000000e9200000, 0x00000000e9300000, 0x00000000e9300000|100%| O|  |TAMS 0x00000000e9300000, 0x00000000e9300000| Untracked 
| 147|0x00000000e9300000, 0x00000000e9400000, 0x00000000e9400000|100%| O|  |TAMS 0x00000000e9400000, 0x00000000e9400000| Untracked 
| 148|0x00000000e9400000, 0x00000000e9500000, 0x00000000e9500000|100%| O|  |TAMS 0x00000000e9500000, 0x00000000e9500000| Untracked 
| 149|0x00000000e9500000, 0x00000000e9600000, 0x00000000e9600000|100%| O|  |TAMS 0x00000000e9600000, 0x00000000e9600000| Untracked 
| 150|0x00000000e9600000, 0x00000000e9700000, 0x00000000e9700000|100%| O|  |TAMS 0x00000000e9700000, 0x00000000e9700000| Untracked 
| 151|0x00000000e9700000, 0x00000000e9800000, 0x00000000e9800000|100%| O|  |TAMS 0x00000000e9800000, 0x00000000e9800000| Untracked 
| 152|0x00000000e9800000, 0x00000000e9900000, 0x00000000e9900000|100%| O|  |TAMS 0x00000000e9800000, 0x00000000e9900000| Untracked 
| 153|0x00000000e9900000, 0x00000000e9a00000, 0x00000000e9a00000|100%| O|  |TAMS 0x00000000e9a00000, 0x00000000e9a00000| Untracked 
| 154|0x00000000e9a00000, 0x00000000e9b00000, 0x00000000e9b00000|100%| O|  |TAMS 0x00000000e9b00000, 0x00000000e9b00000| Untracked 
| 155|0x00000000e9b00000, 0x00000000e9c00000, 0x00000000e9c00000|100%| O|  |TAMS 0x00000000e9c00000, 0x00000000e9c00000| Untracked 
| 156|0x00000000e9c00000, 0x00000000e9d00000, 0x00000000e9d00000|100%| O|  |TAMS 0x00000000e9d00000, 0x00000000e9d00000| Untracked 
| 157|0x00000000e9d00000, 0x00000000e9e00000, 0x00000000e9e00000|100%| O|  |TAMS 0x00000000e9e00000, 0x00000000e9e00000| Untracked 
| 158|0x00000000e9e00000, 0x00000000e9f00000, 0x00000000e9f00000|100%| O|  |TAMS 0x00000000e9f00000, 0x00000000e9f00000| Untracked 
| 159|0x00000000e9f00000, 0x00000000ea000000, 0x00000000ea000000|100%| O|  |TAMS 0x00000000e9f00000, 0x00000000ea000000| Untracked 
| 160|0x00000000ea000000, 0x00000000ea100000, 0x00000000ea100000|100%| O|  |TAMS 0x00000000ea100000, 0x00000000ea100000| Untracked 
| 161|0x00000000ea100000, 0x00000000ea200000, 0x00000000ea200000|100%| O|  |TAMS 0x00000000ea100000, 0x00000000ea200000| Untracked 
| 162|0x00000000ea200000, 0x00000000ea300000, 0x00000000ea300000|100%| O|  |TAMS 0x00000000ea300000, 0x00000000ea300000| Untracked 
| 163|0x00000000ea300000, 0x00000000ea400000, 0x00000000ea400000|100%| O|  |TAMS 0x00000000ea400000, 0x00000000ea400000| Untracked 
| 164|0x00000000ea400000, 0x00000000ea500000, 0x00000000ea500000|100%| O|  |TAMS 0x00000000ea500000, 0x00000000ea500000| Untracked 
| 165|0x00000000ea500000, 0x00000000ea600000, 0x00000000ea600000|100%| O|  |TAMS 0x00000000ea600000, 0x00000000ea600000| Untracked 
| 166|0x00000000ea600000, 0x00000000ea700000, 0x00000000ea700000|100%| O|  |TAMS 0x00000000ea700000, 0x00000000ea700000| Untracked 
| 167|0x00000000ea700000, 0x00000000ea800000, 0x00000000ea800000|100%| O|  |TAMS 0x00000000ea700000, 0x00000000ea800000| Untracked 
| 168|0x00000000ea800000, 0x00000000ea900000, 0x00000000ea900000|100%| O|  |TAMS 0x00000000ea900000, 0x00000000ea900000| Untracked 
| 169|0x00000000ea900000, 0x00000000eaa00000, 0x00000000eaa00000|100%| O|  |TAMS 0x00000000eaa00000, 0x00000000eaa00000| Untracked 
| 170|0x00000000eaa00000, 0x00000000eab00000, 0x00000000eab00000|100%| O|  |TAMS 0x00000000eab00000, 0x00000000eab00000| Untracked 
| 171|0x00000000eab00000, 0x00000000eac00000, 0x00000000eac00000|100%| O|  |TAMS 0x00000000eac00000, 0x00000000eac00000| Untracked 
| 172|0x00000000eac00000, 0x00000000ead00000, 0x00000000ead00000|100%| O|  |TAMS 0x00000000ead00000, 0x00000000ead00000| Untracked 
| 173|0x00000000ead00000, 0x00000000eae00000, 0x00000000eae00000|100%| O|  |TAMS 0x00000000eae00000, 0x00000000eae00000| Untracked 
| 174|0x00000000eae00000, 0x00000000eaf00000, 0x00000000eaf00000|100%| O|  |TAMS 0x00000000eaf00000, 0x00000000eaf00000| Untracked 
| 175|0x00000000eaf00000, 0x00000000eb000000, 0x00000000eb000000|100%| O|  |TAMS 0x00000000eb000000, 0x00000000eb000000| Untracked 
| 176|0x00000000eb000000, 0x00000000eb100000, 0x00000000eb100000|100%| O|  |TAMS 0x00000000eb100000, 0x00000000eb100000| Untracked 
| 177|0x00000000eb100000, 0x00000000eb200000, 0x00000000eb200000|100%| O|  |TAMS 0x00000000eb200000, 0x00000000eb200000| Untracked 
| 178|0x00000000eb200000, 0x00000000eb300000, 0x00000000eb300000|100%| O|  |TAMS 0x00000000eb2dc200, 0x00000000eb300000| Untracked 
| 179|0x00000000eb300000, 0x00000000eb400000, 0x00000000eb400000|100%| O|  |TAMS 0x00000000eb300000, 0x00000000eb400000| Untracked 
| 180|0x00000000eb400000, 0x00000000eb500000, 0x00000000eb500000|100%| O|  |TAMS 0x00000000eb400000, 0x00000000eb500000| Untracked 
| 181|0x00000000eb500000, 0x00000000eb600000, 0x00000000eb600000|100%| O|  |TAMS 0x00000000eb500000, 0x00000000eb600000| Untracked 
| 182|0x00000000eb600000, 0x00000000eb700000, 0x00000000eb700000|100%| O|  |TAMS 0x00000000eb600000, 0x00000000eb700000| Untracked 
| 183|0x00000000eb700000, 0x00000000eb800000, 0x00000000eb800000|100%| O|  |TAMS 0x00000000eb700000, 0x00000000eb800000| Untracked 
| 184|0x00000000eb800000, 0x00000000eb900000, 0x00000000eb900000|100%| O|  |TAMS 0x00000000eb800000, 0x00000000eb900000| Untracked 
| 185|0x00000000eb900000, 0x00000000eba00000, 0x00000000eba00000|100%| O|  |TAMS 0x00000000eb900000, 0x00000000eba00000| Untracked 
| 186|0x00000000eba00000, 0x00000000ebb00000, 0x00000000ebb00000|100%| O|  |TAMS 0x00000000eba00000, 0x00000000ebb00000| Untracked 
| 187|0x00000000ebb00000, 0x00000000ebc00000, 0x00000000ebc00000|100%| O|  |TAMS 0x00000000ebb00000, 0x00000000ebc00000| Untracked 
| 188|0x00000000ebc00000, 0x00000000ebd00000, 0x00000000ebd00000|100%| O|  |TAMS 0x00000000ebc00000, 0x00000000ebd00000| Untracked 
| 189|0x00000000ebd00000, 0x00000000ebe00000, 0x00000000ebe00000|100%| O|  |TAMS 0x00000000ebd00000, 0x00000000ebe00000| Untracked 
| 190|0x00000000ebe00000, 0x00000000ebf00000, 0x00000000ebf00000|100%| O|  |TAMS 0x00000000ebe00000, 0x00000000ebf00000| Untracked 
| 191|0x00000000ebf00000, 0x00000000ec000000, 0x00000000ec000000|100%| O|  |TAMS 0x00000000ebf00000, 0x00000000ec000000| Untracked 
| 192|0x00000000ec000000, 0x00000000ec100000, 0x00000000ec100000|100%| O|  |TAMS 0x00000000ec000000, 0x00000000ec100000| Untracked 
| 193|0x00000000ec100000, 0x00000000ec200000, 0x00000000ec200000|100%| O|  |TAMS 0x00000000ec100000, 0x00000000ec200000| Untracked 
| 194|0x00000000ec200000, 0x00000000ec300000, 0x00000000ec300000|100%| O|  |TAMS 0x00000000ec200000, 0x00000000ec300000| Untracked 
| 195|0x00000000ec300000, 0x00000000ec400000, 0x00000000ec400000|100%| O|  |TAMS 0x00000000ec300000, 0x00000000ec400000| Untracked 
| 196|0x00000000ec400000, 0x00000000ec500000, 0x00000000ec500000|100%| O|  |TAMS 0x00000000ec400000, 0x00000000ec500000| Untracked 
| 197|0x00000000ec500000, 0x00000000ec600000, 0x00000000ec600000|100%| O|  |TAMS 0x00000000ec500000, 0x00000000ec600000| Untracked 
| 198|0x00000000ec600000, 0x00000000ec700000, 0x00000000ec700000|100%| O|  |TAMS 0x00000000ec600000, 0x00000000ec700000| Untracked 
| 199|0x00000000ec700000, 0x00000000ec800000, 0x00000000ec800000|100%| O|  |TAMS 0x00000000ec700000, 0x00000000ec800000| Untracked 
| 200|0x00000000ec800000, 0x00000000ec900000, 0x00000000ec900000|100%| O|  |TAMS 0x00000000ec800000, 0x00000000ec900000| Untracked 
| 201|0x00000000ec900000, 0x00000000eca00000, 0x00000000eca00000|100%| O|  |TAMS 0x00000000ec900000, 0x00000000eca00000| Untracked 
| 202|0x00000000eca00000, 0x00000000ecb00000, 0x00000000ecb00000|100%| O|  |TAMS 0x00000000eca00000, 0x00000000ecb00000| Untracked 
| 203|0x00000000ecb00000, 0x00000000ecc00000, 0x00000000ecc00000|100%| O|  |TAMS 0x00000000ecb00000, 0x00000000ecc00000| Untracked 
| 204|0x00000000ecc00000, 0x00000000ecd00000, 0x00000000ecd00000|100%| O|  |TAMS 0x00000000ecc00000, 0x00000000ecd00000| Untracked 
| 205|0x00000000ecd00000, 0x00000000ece00000, 0x00000000ece00000|100%| O|  |TAMS 0x00000000ecd00000, 0x00000000ece00000| Untracked 
| 206|0x00000000ece00000, 0x00000000ecf00000, 0x00000000ecf00000|100%| O|  |TAMS 0x00000000ece00000, 0x00000000ecf00000| Untracked 
| 207|0x00000000ecf00000, 0x00000000ed000000, 0x00000000ed000000|100%| O|  |TAMS 0x00000000ecf00000, 0x00000000ed000000| Untracked 
| 208|0x00000000ed000000, 0x00000000ed100000, 0x00000000ed100000|100%| O|  |TAMS 0x00000000ed000000, 0x00000000ed100000| Untracked 
| 209|0x00000000ed100000, 0x00000000ed200000, 0x00000000ed200000|100%| O|  |TAMS 0x00000000ed100000, 0x00000000ed200000| Untracked 
| 210|0x00000000ed200000, 0x00000000ed300000, 0x00000000ed300000|100%| O|  |TAMS 0x00000000ed200000, 0x00000000ed300000| Untracked 
| 211|0x00000000ed300000, 0x00000000ed400000, 0x00000000ed400000|100%| O|  |TAMS 0x00000000ed300000, 0x00000000ed400000| Untracked 
| 212|0x00000000ed400000, 0x00000000ed500000, 0x00000000ed500000|100%| O|  |TAMS 0x00000000ed400000, 0x00000000ed500000| Untracked 
| 213|0x00000000ed500000, 0x00000000ed600000, 0x00000000ed600000|100%| O|  |TAMS 0x00000000ed500000, 0x00000000ed600000| Untracked 
| 214|0x00000000ed600000, 0x00000000ed700000, 0x00000000ed700000|100%| O|  |TAMS 0x00000000ed600000, 0x00000000ed700000| Untracked 
| 215|0x00000000ed700000, 0x00000000ed800000, 0x00000000ed800000|100%| O|  |TAMS 0x00000000ed700000, 0x00000000ed800000| Untracked 
| 216|0x00000000ed800000, 0x00000000ed900000, 0x00000000ed900000|100%| O|  |TAMS 0x00000000ed800000, 0x00000000ed900000| Untracked 
| 217|0x00000000ed900000, 0x00000000eda00000, 0x00000000eda00000|100%| O|  |TAMS 0x00000000ed900000, 0x00000000eda00000| Untracked 
| 218|0x00000000eda00000, 0x00000000edb00000, 0x00000000edb00000|100%| O|  |TAMS 0x00000000eda00000, 0x00000000edb00000| Untracked 
| 219|0x00000000edb00000, 0x00000000edc00000, 0x00000000edc00000|100%| O|  |TAMS 0x00000000edb00000, 0x00000000edc00000| Untracked 
| 220|0x00000000edc00000, 0x00000000edd00000, 0x00000000edd00000|100%| O|  |TAMS 0x00000000edc00000, 0x00000000edd00000| Untracked 
| 221|0x00000000edd00000, 0x00000000ede00000, 0x00000000ede00000|100%| O|  |TAMS 0x00000000edd00000, 0x00000000ede00000| Untracked 
| 222|0x00000000ede00000, 0x00000000edf00000, 0x00000000edf00000|100%| O|  |TAMS 0x00000000ede00000, 0x00000000edf00000| Untracked 
| 223|0x00000000edf00000, 0x00000000ee000000, 0x00000000ee000000|100%| O|  |TAMS 0x00000000edf00000, 0x00000000ee000000| Untracked 
| 224|0x00000000ee000000, 0x00000000ee100000, 0x00000000ee100000|100%| O|  |TAMS 0x00000000ee000000, 0x00000000ee100000| Untracked 
| 225|0x00000000ee100000, 0x00000000ee200000, 0x00000000ee200000|100%| O|  |TAMS 0x00000000ee100000, 0x00000000ee200000| Untracked 
| 226|0x00000000ee200000, 0x00000000ee300000, 0x00000000ee300000|100%| O|  |TAMS 0x00000000ee200000, 0x00000000ee300000| Untracked 
| 227|0x00000000ee300000, 0x00000000ee400000, 0x00000000ee400000|100%| O|  |TAMS 0x00000000ee300000, 0x00000000ee400000| Untracked 
| 228|0x00000000ee400000, 0x00000000ee500000, 0x00000000ee500000|100%| O|  |TAMS 0x00000000ee400000, 0x00000000ee500000| Untracked 
| 229|0x00000000ee500000, 0x00000000ee600000, 0x00000000ee600000|100%| O|  |TAMS 0x00000000ee500000, 0x00000000ee600000| Untracked 
| 230|0x00000000ee600000, 0x00000000ee700000, 0x00000000ee700000|100%| O|  |TAMS 0x00000000ee600000, 0x00000000ee700000| Untracked 
| 231|0x00000000ee700000, 0x00000000ee800000, 0x00000000ee800000|100%| O|  |TAMS 0x00000000ee700000, 0x00000000ee800000| Untracked 
| 232|0x00000000ee800000, 0x00000000ee900000, 0x00000000ee900000|100%| O|  |TAMS 0x00000000ee800000, 0x00000000ee900000| Untracked 
| 233|0x00000000ee900000, 0x00000000eea00000, 0x00000000eea00000|100%| O|  |TAMS 0x00000000ee900000, 0x00000000ee900000| Untracked 
| 234|0x00000000eea00000, 0x00000000eeb00000, 0x00000000eeb00000|100%| O|  |TAMS 0x00000000eea00000, 0x00000000eea00000| Untracked 
| 235|0x00000000eeb00000, 0x00000000eec00000, 0x00000000eec00000|100%| O|  |TAMS 0x00000000eeb00000, 0x00000000eeb00000| Untracked 
| 236|0x00000000eec00000, 0x00000000eed00000, 0x00000000eed00000|100%| O|  |TAMS 0x00000000eec00000, 0x00000000eec00000| Untracked 
| 237|0x00000000eed00000, 0x00000000eee00000, 0x00000000eee00000|100%| O|  |TAMS 0x00000000eed00000, 0x00000000eed00000| Untracked 
| 238|0x00000000eee00000, 0x00000000eef00000, 0x00000000eef00000|100%| O|  |TAMS 0x00000000eee00000, 0x00000000eee00000| Untracked 
| 239|0x00000000eef00000, 0x00000000ef000000, 0x00000000ef000000|100%| O|  |TAMS 0x00000000eef00000, 0x00000000eef00000| Untracked 
| 240|0x00000000ef000000, 0x00000000ef08f400, 0x00000000ef100000| 55%| O|  |TAMS 0x00000000ef000000, 0x00000000ef000000| Untracked 
| 241|0x00000000ef100000, 0x00000000ef100000, 0x00000000ef200000|  0%| F|  |TAMS 0x00000000ef100000, 0x00000000ef100000| Untracked 
| 242|0x00000000ef200000, 0x00000000ef200000, 0x00000000ef300000|  0%| F|  |TAMS 0x00000000ef200000, 0x00000000ef200000| Untracked 
| 243|0x00000000ef300000, 0x00000000ef300000, 0x00000000ef400000|  0%| F|  |TAMS 0x00000000ef300000, 0x00000000ef300000| Untracked 
| 244|0x00000000ef400000, 0x00000000ef400000, 0x00000000ef500000|  0%| F|  |TAMS 0x00000000ef400000, 0x00000000ef400000| Untracked 
| 245|0x00000000ef500000, 0x00000000ef500000, 0x00000000ef600000|  0%| F|  |TAMS 0x00000000ef500000, 0x00000000ef500000| Untracked 
| 246|0x00000000ef600000, 0x00000000ef600000, 0x00000000ef700000|  0%| F|  |TAMS 0x00000000ef600000, 0x00000000ef600000| Untracked 
| 247|0x00000000ef700000, 0x00000000ef700000, 0x00000000ef800000|  0%| F|  |TAMS 0x00000000ef700000, 0x00000000ef700000| Untracked 
| 248|0x00000000ef800000, 0x00000000ef800000, 0x00000000ef900000|  0%| F|  |TAMS 0x00000000ef800000, 0x00000000ef800000| Untracked 
| 249|0x00000000ef900000, 0x00000000ef900000, 0x00000000efa00000|  0%| F|  |TAMS 0x00000000ef900000, 0x00000000ef900000| Untracked 
| 250|0x00000000efa00000, 0x00000000efa00000, 0x00000000efb00000|  0%| F|  |TAMS 0x00000000efa00000, 0x00000000efa00000| Untracked 
| 251|0x00000000efb00000, 0x00000000efb00000, 0x00000000efc00000|  0%| F|  |TAMS 0x00000000efb00000, 0x00000000efb00000| Untracked 
| 252|0x00000000efc00000, 0x00000000efc00000, 0x00000000efd00000|  0%| F|  |TAMS 0x00000000efc00000, 0x00000000efc00000| Untracked 
| 253|0x00000000efd00000, 0x00000000efd00000, 0x00000000efe00000|  0%| F|  |TAMS 0x00000000efd00000, 0x00000000efd00000| Untracked 
| 254|0x00000000efe00000, 0x00000000efe00000, 0x00000000eff00000|  0%| F|  |TAMS 0x00000000efe00000, 0x00000000efe00000| Untracked 
| 255|0x00000000eff00000, 0x00000000eff00000, 0x00000000f0000000|  0%| F|  |TAMS 0x00000000eff00000, 0x00000000eff00000| Untracked 
| 256|0x00000000f0000000, 0x00000000f0000000, 0x00000000f0100000|  0%| F|  |TAMS 0x00000000f0000000, 0x00000000f0000000| Untracked 
| 257|0x00000000f0100000, 0x00000000f0100000, 0x00000000f0200000|  0%| F|  |TAMS 0x00000000f0100000, 0x00000000f0100000| Untracked 
| 258|0x00000000f0200000, 0x00000000f0200000, 0x00000000f0300000|  0%| F|  |TAMS 0x00000000f0200000, 0x00000000f0200000| Untracked 
| 259|0x00000000f0300000, 0x00000000f0300000, 0x00000000f0400000|  0%| F|  |TAMS 0x00000000f0300000, 0x00000000f0300000| Untracked 
| 260|0x00000000f0400000, 0x00000000f0400000, 0x00000000f0500000|  0%| F|  |TAMS 0x00000000f0400000, 0x00000000f0400000| Untracked 
| 261|0x00000000f0500000, 0x00000000f0500000, 0x00000000f0600000|  0%| F|  |TAMS 0x00000000f0500000, 0x00000000f0500000| Untracked 
| 262|0x00000000f0600000, 0x00000000f0600000, 0x00000000f0700000|  0%| F|  |TAMS 0x00000000f0600000, 0x00000000f0600000| Untracked 
| 263|0x00000000f0700000, 0x00000000f0700000, 0x00000000f0800000|  0%| F|  |TAMS 0x00000000f0700000, 0x00000000f0700000| Untracked 
| 264|0x00000000f0800000, 0x00000000f0800000, 0x00000000f0900000|  0%| F|  |TAMS 0x00000000f0800000, 0x00000000f0800000| Untracked 
| 265|0x00000000f0900000, 0x00000000f0900000, 0x00000000f0a00000|  0%| F|  |TAMS 0x00000000f0900000, 0x00000000f0900000| Untracked 
| 266|0x00000000f0a00000, 0x00000000f0a00000, 0x00000000f0b00000|  0%| F|  |TAMS 0x00000000f0a00000, 0x00000000f0a00000| Untracked 
| 267|0x00000000f0b00000, 0x00000000f0b00000, 0x00000000f0c00000|  0%| F|  |TAMS 0x00000000f0b00000, 0x00000000f0b00000| Untracked 
| 268|0x00000000f0c00000, 0x00000000f0c00000, 0x00000000f0d00000|  0%| F|  |TAMS 0x00000000f0c00000, 0x00000000f0c00000| Untracked 
| 269|0x00000000f0d00000, 0x00000000f0d00000, 0x00000000f0e00000|  0%| F|  |TAMS 0x00000000f0d00000, 0x00000000f0d00000| Untracked 
| 270|0x00000000f0e00000, 0x00000000f0e00000, 0x00000000f0f00000|  0%| F|  |TAMS 0x00000000f0e00000, 0x00000000f0e00000| Untracked 
| 271|0x00000000f0f00000, 0x00000000f0f00000, 0x00000000f1000000|  0%| F|  |TAMS 0x00000000f0f00000, 0x00000000f0f00000| Untracked 
| 272|0x00000000f1000000, 0x00000000f1000000, 0x00000000f1100000|  0%| F|  |TAMS 0x00000000f1000000, 0x00000000f1000000| Untracked 
| 273|0x00000000f1100000, 0x00000000f1100000, 0x00000000f1200000|  0%| F|  |TAMS 0x00000000f1100000, 0x00000000f1100000| Untracked 
| 274|0x00000000f1200000, 0x00000000f1200000, 0x00000000f1300000|  0%| F|  |TAMS 0x00000000f1200000, 0x00000000f1200000| Untracked 
| 275|0x00000000f1300000, 0x00000000f1300000, 0x00000000f1400000|  0%| F|  |TAMS 0x00000000f1300000, 0x00000000f1300000| Untracked 
| 276|0x00000000f1400000, 0x00000000f1400000, 0x00000000f1500000|  0%| F|  |TAMS 0x00000000f1400000, 0x00000000f1400000| Untracked 
| 277|0x00000000f1500000, 0x00000000f1500000, 0x00000000f1600000|  0%| F|  |TAMS 0x00000000f1500000, 0x00000000f1500000| Untracked 
| 278|0x00000000f1600000, 0x00000000f1600000, 0x00000000f1700000|  0%| F|  |TAMS 0x00000000f1600000, 0x00000000f1600000| Untracked 
| 279|0x00000000f1700000, 0x00000000f1700000, 0x00000000f1800000|  0%| F|  |TAMS 0x00000000f1700000, 0x00000000f1700000| Untracked 
| 280|0x00000000f1800000, 0x00000000f1800000, 0x00000000f1900000|  0%| F|  |TAMS 0x00000000f1800000, 0x00000000f1800000| Untracked 
| 281|0x00000000f1900000, 0x00000000f1a00000, 0x00000000f1a00000|100%| S|CS|TAMS 0x00000000f1900000, 0x00000000f1900000| Complete 
| 282|0x00000000f1a00000, 0x00000000f1b00000, 0x00000000f1b00000|100%| S|CS|TAMS 0x00000000f1a00000, 0x00000000f1a00000| Complete 
| 283|0x00000000f1b00000, 0x00000000f1c00000, 0x00000000f1c00000|100%| S|CS|TAMS 0x00000000f1b00000, 0x00000000f1b00000| Complete 
| 284|0x00000000f1c00000, 0x00000000f1c00000, 0x00000000f1d00000|  0%| F|  |TAMS 0x00000000f1c00000, 0x00000000f1c00000| Untracked 
| 285|0x00000000f1d00000, 0x00000000f1d00000, 0x00000000f1e00000|  0%| F|  |TAMS 0x00000000f1d00000, 0x00000000f1d00000| Untracked 
| 286|0x00000000f1e00000, 0x00000000f1e00000, 0x00000000f1f00000|  0%| F|  |TAMS 0x00000000f1e00000, 0x00000000f1e00000| Untracked 
| 287|0x00000000f1f00000, 0x00000000f1f00000, 0x00000000f2000000|  0%| F|  |TAMS 0x00000000f1f00000, 0x00000000f1f00000| Untracked 
| 288|0x00000000f2000000, 0x00000000f2000000, 0x00000000f2100000|  0%| F|  |TAMS 0x00000000f2000000, 0x00000000f2000000| Untracked 
| 289|0x00000000f2100000, 0x00000000f2100000, 0x00000000f2200000|  0%| F|  |TAMS 0x00000000f2100000, 0x00000000f2100000| Untracked 
| 290|0x00000000f2200000, 0x00000000f2200000, 0x00000000f2300000|  0%| F|  |TAMS 0x00000000f2200000, 0x00000000f2200000| Untracked 
| 291|0x00000000f2300000, 0x00000000f2400000, 0x00000000f2400000|100%| S|CS|TAMS 0x00000000f2300000, 0x00000000f2300000| Complete 
| 292|0x00000000f2400000, 0x00000000f2500000, 0x00000000f2500000|100%| S|CS|TAMS 0x00000000f2400000, 0x00000000f2400000| Complete 
| 293|0x00000000f2500000, 0x00000000f2600000, 0x00000000f2600000|100%| S|CS|TAMS 0x00000000f2500000, 0x00000000f2500000| Complete 
| 294|0x00000000f2600000, 0x00000000f2700000, 0x00000000f2700000|100%| S|CS|TAMS 0x00000000f2600000, 0x00000000f2600000| Complete 
| 295|0x00000000f2700000, 0x00000000f2700000, 0x00000000f2800000|  0%| F|  |TAMS 0x00000000f2700000, 0x00000000f2700000| Untracked 
| 296|0x00000000f2800000, 0x00000000f2800000, 0x00000000f2900000|  0%| F|  |TAMS 0x00000000f2800000, 0x00000000f2800000| Untracked 
| 297|0x00000000f2900000, 0x00000000f2900000, 0x00000000f2a00000|  0%| F|  |TAMS 0x00000000f2900000, 0x00000000f2900000| Untracked 
| 298|0x00000000f2a00000, 0x00000000f2a00000, 0x00000000f2b00000|  0%| F|  |TAMS 0x00000000f2a00000, 0x00000000f2a00000| Untracked 
| 299|0x00000000f2b00000, 0x00000000f2b00000, 0x00000000f2c00000|  0%| F|  |TAMS 0x00000000f2b00000, 0x00000000f2b00000| Untracked 
| 300|0x00000000f2c00000, 0x00000000f2c00000, 0x00000000f2d00000|  0%| F|  |TAMS 0x00000000f2c00000, 0x00000000f2c00000| Untracked 
| 301|0x00000000f2d00000, 0x00000000f2d00000, 0x00000000f2e00000|  0%| F|  |TAMS 0x00000000f2d00000, 0x00000000f2d00000| Untracked 
| 302|0x00000000f2e00000, 0x00000000f2e00000, 0x00000000f2f00000|  0%| F|  |TAMS 0x00000000f2e00000, 0x00000000f2e00000| Untracked 
| 303|0x00000000f2f00000, 0x00000000f3000000, 0x00000000f3000000|100%| E|  |TAMS 0x00000000f2f00000, 0x00000000f2f00000| Complete 
| 304|0x00000000f3000000, 0x00000000f3100000, 0x00000000f3100000|100%| E|CS|TAMS 0x00000000f3000000, 0x00000000f3000000| Complete 
| 305|0x00000000f3100000, 0x00000000f3200000, 0x00000000f3200000|100%| E|CS|TAMS 0x00000000f3100000, 0x00000000f3100000| Complete 
| 306|0x00000000f3200000, 0x00000000f3300000, 0x00000000f3300000|100%| E|CS|TAMS 0x00000000f3200000, 0x00000000f3200000| Complete 
| 307|0x00000000f3300000, 0x00000000f3400000, 0x00000000f3400000|100%| E|CS|TAMS 0x00000000f3300000, 0x00000000f3300000| Complete 
| 308|0x00000000f3400000, 0x00000000f3500000, 0x00000000f3500000|100%| E|CS|TAMS 0x00000000f3400000, 0x00000000f3400000| Complete 
| 309|0x00000000f3500000, 0x00000000f3600000, 0x00000000f3600000|100%| E|CS|TAMS 0x00000000f3500000, 0x00000000f3500000| Complete 
| 310|0x00000000f3600000, 0x00000000f3700000, 0x00000000f3700000|100%| E|CS|TAMS 0x00000000f3600000, 0x00000000f3600000| Complete 
| 311|0x00000000f3700000, 0x00000000f3800000, 0x00000000f3800000|100%| E|CS|TAMS 0x00000000f3700000, 0x00000000f3700000| Complete 
| 312|0x00000000f3800000, 0x00000000f3900000, 0x00000000f3900000|100%| E|CS|TAMS 0x00000000f3800000, 0x00000000f3800000| Complete 
| 313|0x00000000f3900000, 0x00000000f3a00000, 0x00000000f3a00000|100%| E|CS|TAMS 0x00000000f3900000, 0x00000000f3900000| Complete 
| 314|0x00000000f3a00000, 0x00000000f3b00000, 0x00000000f3b00000|100%| E|CS|TAMS 0x00000000f3a00000, 0x00000000f3a00000| Complete 
| 315|0x00000000f3b00000, 0x00000000f3c00000, 0x00000000f3c00000|100%| E|CS|TAMS 0x00000000f3b00000, 0x00000000f3b00000| Complete 
| 316|0x00000000f3c00000, 0x00000000f3d00000, 0x00000000f3d00000|100%| E|CS|TAMS 0x00000000f3c00000, 0x00000000f3c00000| Complete 
| 317|0x00000000f3d00000, 0x00000000f3e00000, 0x00000000f3e00000|100%| E|CS|TAMS 0x00000000f3d00000, 0x00000000f3d00000| Complete 
| 318|0x00000000f3e00000, 0x00000000f3f00000, 0x00000000f3f00000|100%| E|CS|TAMS 0x00000000f3e00000, 0x00000000f3e00000| Complete 
| 319|0x00000000f3f00000, 0x00000000f4000000, 0x00000000f4000000|100%| E|CS|TAMS 0x00000000f3f00000, 0x00000000f3f00000| Complete 
| 320|0x00000000f4000000, 0x00000000f4100000, 0x00000000f4100000|100%| E|CS|TAMS 0x00000000f4000000, 0x00000000f4000000| Complete 
| 321|0x00000000f4100000, 0x00000000f4200000, 0x00000000f4200000|100%| E|CS|TAMS 0x00000000f4100000, 0x00000000f4100000| Complete 
| 322|0x00000000f4200000, 0x00000000f4300000, 0x00000000f4300000|100%| E|CS|TAMS 0x00000000f4200000, 0x00000000f4200000| Complete 
| 323|0x00000000f4300000, 0x00000000f4400000, 0x00000000f4400000|100%| E|CS|TAMS 0x00000000f4300000, 0x00000000f4300000| Complete 
| 324|0x00000000f4400000, 0x00000000f4500000, 0x00000000f4500000|100%| E|CS|TAMS 0x00000000f4400000, 0x00000000f4400000| Complete 
| 325|0x00000000f4500000, 0x00000000f4600000, 0x00000000f4600000|100%| E|CS|TAMS 0x00000000f4500000, 0x00000000f4500000| Complete 
| 326|0x00000000f4600000, 0x00000000f4700000, 0x00000000f4700000|100%| E|CS|TAMS 0x00000000f4600000, 0x00000000f4600000| Complete 
| 327|0x00000000f4700000, 0x00000000f4800000, 0x00000000f4800000|100%| E|CS|TAMS 0x00000000f4700000, 0x00000000f4700000| Complete 
| 328|0x00000000f4800000, 0x00000000f4900000, 0x00000000f4900000|100%| E|CS|TAMS 0x00000000f4800000, 0x00000000f4800000| Complete 
| 329|0x00000000f4900000, 0x00000000f4a00000, 0x00000000f4a00000|100%| E|CS|TAMS 0x00000000f4900000, 0x00000000f4900000| Complete 
| 330|0x00000000f4a00000, 0x00000000f4b00000, 0x00000000f4b00000|100%| E|CS|TAMS 0x00000000f4a00000, 0x00000000f4a00000| Complete 
| 331|0x00000000f4b00000, 0x00000000f4c00000, 0x00000000f4c00000|100%| E|CS|TAMS 0x00000000f4b00000, 0x00000000f4b00000| Complete 
| 332|0x00000000f4c00000, 0x00000000f4d00000, 0x00000000f4d00000|100%| E|CS|TAMS 0x00000000f4c00000, 0x00000000f4c00000| Complete 
| 333|0x00000000f4d00000, 0x00000000f4e00000, 0x00000000f4e00000|100%| E|CS|TAMS 0x00000000f4d00000, 0x00000000f4d00000| Complete 
| 334|0x00000000f4e00000, 0x00000000f4f00000, 0x00000000f4f00000|100%| E|CS|TAMS 0x00000000f4e00000, 0x00000000f4e00000| Complete 
| 335|0x00000000f4f00000, 0x00000000f5000000, 0x00000000f5000000|100%| E|CS|TAMS 0x00000000f4f00000, 0x00000000f4f00000| Complete 
| 336|0x00000000f5000000, 0x00000000f5100000, 0x00000000f5100000|100%| E|CS|TAMS 0x00000000f5000000, 0x00000000f5000000| Complete 
| 337|0x00000000f5100000, 0x00000000f5200000, 0x00000000f5200000|100%| E|CS|TAMS 0x00000000f5100000, 0x00000000f5100000| Complete 
| 338|0x00000000f5200000, 0x00000000f5300000, 0x00000000f5300000|100%| E|CS|TAMS 0x00000000f5200000, 0x00000000f5200000| Complete 

Card table byte_map: [0x0000017117c10000,0x0000017117d10000] _byte_map_base: 0x0000017117510000

Marking Bits (Prev, Next): (CMBitMap*) 0x0000017104dee040, (CMBitMap*) 0x0000017104dee000
 Prev Bits: [0x0000017118610000, 0x0000017118e10000)
 Next Bits: [0x0000017117e10000, 0x0000017118610000)

Polling page: 0x0000017102d20000

Metaspace:

Usage:
  Non-class:    125.19 MB used.
      Class:     19.48 MB used.
       Both:    144.67 MB used.

Virtual space:
  Non-class space:      128.00 MB reserved,     125.75 MB ( 98%) committed,  2 nodes.
      Class space:      320.00 MB reserved,      20.06 MB (  6%) committed,  1 nodes.
             Both:      448.00 MB reserved,     145.81 MB ( 33%) committed. 

Chunk freelists:
   Non-Class:  1.94 MB
       Class:  11.92 MB
        Both:  13.86 MB

MaxMetaspaceSize: 384.00 MB
CompressedClassSpaceSize: 320.00 MB
Initial GC threshold: 21.00 MB
Current GC threshold: 220.12 MB
CDS: off
MetaspaceReclaimPolicy: balanced
 - commit_granule_bytes: 65536.
 - commit_granule_words: 8192.
 - virtual_space_node_default_size: 8388608.
 - enlarge_chunks_in_place: 1.
 - new_chunks_are_fully_committed: 0.
 - uncommit_free_chunks: 1.
 - use_allocation_guard: 0.
 - handle_deallocations: 1.


Internal statistics:

num_allocs_failed_limit: 12.
num_arena_births: 1960.
num_arena_deaths: 0.
num_vsnodes_births: 3.
num_vsnodes_deaths: 0.
num_space_committed: 2331.
num_space_uncommitted: 0.
num_chunks_returned_to_freelist: 12.
num_chunks_taken_from_freelist: 8027.
num_chunk_merges: 12.
num_chunk_splits: 5243.
num_chunks_enlarged: 3382.
num_inconsistent_stats: 0.

CodeHeap 'non-profiled nmethods': size=119168Kb used=10251Kb max_used=10535Kb free=108917Kb
 bounds [0x000001710fe30000, 0x0000017110890000, 0x0000017117290000]
CodeHeap 'profiled nmethods': size=119104Kb used=33524Kb max_used=33524Kb free=85579Kb
 bounds [0x0000017108290000, 0x000001710a350000, 0x000001710f6e0000]
CodeHeap 'non-nmethods': size=7488Kb used=4197Kb max_used=4267Kb free=3290Kb
 bounds [0x000001710f6e0000, 0x000001710fb20000, 0x000001710fe30000]
 total_blobs=17240 nmethods=16191 adapters=957
 compilation: enabled
              stopped_count=0, restarted_count=0
 full_count=0

Compilation events (20 events):
Event: 34.782 Thread 0x000001712c0c1fe0 19543       2       com.android.tools.r8.graph.o4::I (53 bytes)
Event: 34.782 Thread 0x000001712c0c0aa0 19544       2       com.android.tools.r8.graph.l4::<init> (15 bytes)
Event: 34.782 Thread 0x000001712c0c3520 19545       2       com.android.tools.r8.graph.j4::<init> (36 bytes)
Event: 34.782 Thread 0x00000171200b9800 19546       2       com.android.tools.r8.internal.td::a (52 bytes)
Event: 34.782 Thread 0x000001712c0c0aa0 nmethod 19544 0x000001710a34a190 code [0x000001710a34a320, 0x000001710a34a478]
Event: 34.782 Thread 0x000001712c0c3520 nmethod 19545 0x000001710a34a510 code [0x000001710a34a6c0, 0x000001710a34a9d8]
Event: 34.782 Thread 0x000001712c0c0aa0 19547       2       com.android.tools.r8.internal.td::a (16 bytes)
Event: 34.782 Thread 0x00000171200b9800 nmethod 19546 0x000001710a34aa90 code [0x000001710a34ac40, 0x000001710a34ae58]
Event: 34.783 Thread 0x000001712c0c0aa0 nmethod 19547 0x000001710a34af90 code [0x000001710a34b120, 0x000001710a34b248]
Event: 34.783 Thread 0x000001712c0c1fe0 nmethod 19543 0x000001710a34b310 code [0x000001710a34b4e0, 0x000001710a34b7a8]
Event: 34.783 Thread 0x000001712c0c1fe0 19548       2       com.android.tools.r8.internal.td::a (14 bytes)
Event: 34.783 Thread 0x000001712c0c3520 19549       2       com.android.tools.r8.graph.o4$$Lambda$3302/0x00000001013b7188::run (8 bytes)
Event: 34.783 Thread 0x000001712c0c1fe0 nmethod 19548 0x000001710a34b990 code [0x000001710a34bb20, 0x000001710a34bc48]
Event: 34.783 Thread 0x000001712c0c3520 nmethod 19549 0x000001710a34bd10 code [0x000001710a34bea0, 0x000001710a34bfc8]
Event: 34.783 Thread 0x000001712c0c0aa0 19550       2       com.android.tools.r8.graph.o4::a (289 bytes)
Event: 34.783 Thread 0x000001712c0c3520 19551       2       com.android.tools.r8.graph.k4::<init> (19 bytes)
Event: 34.784 Thread 0x000001712c0c3520 nmethod 19551 0x000001710a34c090 code [0x000001710a34c220, 0x000001710a34c338]
Event: 34.784 Thread 0x000001712c0c0aa0 nmethod 19550 0x000001710a34c410 code [0x000001710a34c620, 0x000001710a34cdd8]
Event: 34.790 Thread 0x000001712c0c1fe0 19553       1       com.android.tools.r8.internal.ts::c (5 bytes)
Event: 34.790 Thread 0x000001712c0c1fe0 nmethod 19553 0x00000171107d5310 code [0x00000171107d54a0, 0x00000171107d5578]

GC Heap History (20 events):
Event: 30.081 GC heap before
{Heap before GC invocations=34 (full 0):
 garbage-first heap   total 270336K, used 229185K [0x00000000e0000000, 0x0000000100000000)
  region size 1024K, 54 young (55296K), 8 survivors (8192K)
 Metaspace       used 131909K, committed 132992K, reserved 458752K
  class space    used 17454K, committed 17984K, reserved 327680K
}
Event: 30.092 GC heap after
{Heap after GC invocations=35 (full 0):
 garbage-first heap   total 270336K, used 188118K [0x00000000e0000000, 0x0000000100000000)
  region size 1024K, 5 young (5120K), 5 survivors (5120K)
 Metaspace       used 131909K, committed 132992K, reserved 458752K
  class space    used 17454K, committed 17984K, reserved 327680K
}
Event: 30.650 GC heap before
{Heap before GC invocations=35 (full 0):
 garbage-first heap   total 270336K, used 232150K [0x00000000e0000000, 0x0000000100000000)
  region size 1024K, 47 young (48128K), 5 survivors (5120K)
 Metaspace       used 133917K, committed 135040K, reserved 458752K
  class space    used 17698K, committed 18240K, reserved 327680K
}
Event: 30.661 GC heap after
{Heap after GC invocations=36 (full 0):
 garbage-first heap   total 270336K, used 204896K [0x00000000e0000000, 0x0000000100000000)
  region size 1024K, 6 young (6144K), 6 survivors (6144K)
 Metaspace       used 133917K, committed 135040K, reserved 458752K
  class space    used 17698K, committed 18240K, reserved 327680K
}
Event: 31.033 GC heap before
{Heap before GC invocations=37 (full 0):
 garbage-first heap   total 347136K, used 221280K [0x00000000e0000000, 0x0000000100000000)
  region size 1024K, 22 young (22528K), 6 survivors (6144K)
 Metaspace       used 134251K, committed 135360K, reserved 458752K
  class space    used 17734K, committed 18304K, reserved 327680K
}
Event: 31.039 GC heap after
{Heap after GC invocations=38 (full 0):
 garbage-first heap   total 347136K, used 208540K [0x00000000e0000000, 0x0000000100000000)
  region size 1024K, 3 young (3072K), 3 survivors (3072K)
 Metaspace       used 134251K, committed 135360K, reserved 458752K
  class space    used 17734K, committed 18304K, reserved 327680K
}
Event: 31.222 GC heap before
{Heap before GC invocations=38 (full 0):
 garbage-first heap   total 347136K, used 238236K [0x00000000e0000000, 0x0000000100000000)
  region size 1024K, 16 young (16384K), 3 survivors (3072K)
 Metaspace       used 134636K, committed 135808K, reserved 458752K
  class space    used 17781K, committed 18368K, reserved 327680K
}
Event: 31.230 GC heap after
{Heap after GC invocations=39 (full 0):
 garbage-first heap   total 347136K, used 203215K [0x00000000e0000000, 0x0000000100000000)
  region size 1024K, 2 young (2048K), 2 survivors (2048K)
 Metaspace       used 134636K, committed 135808K, reserved 458752K
  class space    used 17781K, committed 18368K, reserved 327680K
}
Event: 32.061 GC heap before
{Heap before GC invocations=39 (full 0):
 garbage-first heap   total 347136K, used 277967K [0x00000000e0000000, 0x0000000100000000)
  region size 1024K, 76 young (77824K), 2 survivors (2048K)
 Metaspace       used 136699K, committed 137856K, reserved 458752K
  class space    used 18022K, committed 18624K, reserved 327680K
}
Event: 32.067 GC heap after
{Heap after GC invocations=40 (full 0):
 garbage-first heap   total 347136K, used 207412K [0x00000000e0000000, 0x0000000100000000)
  region size 1024K, 7 young (7168K), 7 survivors (7168K)
 Metaspace       used 136699K, committed 137856K, reserved 458752K
  class space    used 18022K, committed 18624K, reserved 327680K
}
Event: 32.821 GC heap before
{Heap before GC invocations=40 (full 0):
 garbage-first heap   total 347136K, used 281140K [0x00000000e0000000, 0x0000000100000000)
  region size 1024K, 80 young (81920K), 7 survivors (7168K)
 Metaspace       used 138357K, committed 139584K, reserved 458752K
  class space    used 18283K, committed 18880K, reserved 327680K
}
Event: 32.833 GC heap after
{Heap after GC invocations=41 (full 0):
 garbage-first heap   total 347136K, used 216131K [0x00000000e0000000, 0x0000000100000000)
  region size 1024K, 10 young (10240K), 10 survivors (10240K)
 Metaspace       used 138357K, committed 139584K, reserved 458752K
  class space    used 18283K, committed 18880K, reserved 327680K
}
Event: 33.696 GC heap before
{Heap before GC invocations=41 (full 0):
 garbage-first heap   total 347136K, used 282691K [0x00000000e0000000, 0x0000000100000000)
  region size 1024K, 76 young (77824K), 10 survivors (10240K)
 Metaspace       used 142986K, committed 144128K, reserved 458752K
  class space    used 19081K, committed 19648K, reserved 327680K
}
Event: 33.710 GC heap after
{Heap after GC invocations=42 (full 0):
 garbage-first heap   total 347136K, used 225248K [0x00000000e0000000, 0x0000000100000000)
  region size 1024K, 9 young (9216K), 9 survivors (9216K)
 Metaspace       used 142986K, committed 144128K, reserved 458752K
  class space    used 19081K, committed 19648K, reserved 327680K
}
Event: 33.909 GC heap before
{Heap before GC invocations=42 (full 0):
 garbage-first heap   total 347136K, used 285664K [0x00000000e0000000, 0x0000000100000000)
  region size 1024K, 69 young (70656K), 9 survivors (9216K)
 Metaspace       used 144121K, committed 145280K, reserved 458752K
  class space    used 19224K, committed 19776K, reserved 327680K
}
Event: 33.926 GC heap after
{Heap after GC invocations=43 (full 0):
 garbage-first heap   total 347136K, used 237913K [0x00000000e0000000, 0x0000000100000000)
  region size 1024K, 9 young (9216K), 9 survivors (9216K)
 Metaspace       used 144121K, committed 145280K, reserved 458752K
  class space    used 19224K, committed 19776K, reserved 327680K
}
Event: 34.463 GC heap before
{Heap before GC invocations=43 (full 0):
 garbage-first heap   total 347136K, used 286041K [0x00000000e0000000, 0x0000000100000000)
  region size 1024K, 57 young (58368K), 9 survivors (9216K)
 Metaspace       used 147410K, committed 148608K, reserved 458752K
  class space    used 19838K, committed 20416K, reserved 327680K
}
Event: 34.476 GC heap after
{Heap after GC invocations=44 (full 0):
 garbage-first heap   total 347136K, used 245411K [0x00000000e0000000, 0x0000000100000000)
  region size 1024K, 7 young (7168K), 7 survivors (7168K)
 Metaspace       used 147410K, committed 148608K, reserved 458752K
  class space    used 19838K, committed 20416K, reserved 327680K
}
Event: 34.644 GC heap before
{Heap before GC invocations=44 (full 0):
 garbage-first heap   total 347136K, used 290467K [0x00000000e0000000, 0x0000000100000000)
  region size 1024K, 51 young (52224K), 7 survivors (7168K)
 Metaspace       used 147869K, committed 149056K, reserved 458752K
  class space    used 19898K, committed 20480K, reserved 327680K
}
Event: 34.657 GC heap after
{Heap after GC invocations=45 (full 0):
 garbage-first heap   total 347136K, used 253501K [0x00000000e0000000, 0x0000000100000000)
  region size 1024K, 7 young (7168K), 7 survivors (7168K)
 Metaspace       used 147869K, committed 149056K, reserved 458752K
  class space    used 19898K, committed 20480K, reserved 327680K
}

Dll operation events (3 events):
Event: 0.023 Loaded shared library C:\Program Files\Android\Android Studio\jbr\bin\java.dll
Event: 0.250 Loaded shared library C:\Program Files\Android\Android Studio\jbr\bin\zip.dll
Event: 0.686 Loaded shared library C:\Program Files\Android\Android Studio\jbr\bin\verify.dll

Deoptimization events (20 events):
Event: 34.071 Thread 0x000001712c590910 DEOPT PACKING pc=0x00000171107a81e4 sp=0x0000000833cfa100
Event: 34.071 Thread 0x000001712c590910 DEOPT UNPACKING pc=0x000001710f7369a3 sp=0x0000000833cfa0d0 mode 2
Event: 34.105 Thread 0x000001712c590910 DEOPT PACKING pc=0x000001710a2ac867 sp=0x0000000833cfa060
Event: 34.105 Thread 0x000001712c590910 DEOPT UNPACKING pc=0x000001710f737143 sp=0x0000000833cf95d0 mode 0
Event: 34.483 Thread 0x000001712c595500 DEOPT PACKING pc=0x000001710a1d9a11 sp=0x00000008341fa330
Event: 34.483 Thread 0x000001712c595500 DEOPT UNPACKING pc=0x000001710f737143 sp=0x00000008341f9820 mode 0
Event: 34.527 Thread 0x000001712c594ff0 DEOPT PACKING pc=0x000001710a2d0d04 sp=0x0000000833ffa1b0
Event: 34.527 Thread 0x000001712c594ff0 DEOPT UNPACKING pc=0x000001710f737143 sp=0x0000000833ff9658 mode 0
Event: 34.585 Thread 0x000001712c5945d0 DEOPT PACKING pc=0x000001710a1d9a11 sp=0x0000000833dfa330
Event: 34.585 Thread 0x000001712c5945d0 DEOPT UNPACKING pc=0x000001710f737143 sp=0x0000000833df9820 mode 0
Event: 34.601 Thread 0x000001712c594ff0 DEOPT PACKING pc=0x000001710a1d9a11 sp=0x0000000833ffa780
Event: 34.601 Thread 0x000001712c594ff0 DEOPT UNPACKING pc=0x000001710f737143 sp=0x0000000833ff9c70 mode 0
Event: 34.671 Thread 0x000001712c590910 DEOPT PACKING pc=0x000001710a1d9a11 sp=0x0000000833cfa6a0
Event: 34.671 Thread 0x000001712c590910 DEOPT UNPACKING pc=0x000001710f737143 sp=0x0000000833cf9b90 mode 0
Event: 34.707 Thread 0x000001712c594ff0 DEOPT PACKING pc=0x000001710a1d9a11 sp=0x0000000833ffa830
Event: 34.707 Thread 0x000001712c594ff0 DEOPT UNPACKING pc=0x000001710f737143 sp=0x0000000833ff9d20 mode 0
Event: 34.720 Thread 0x000001712c5945d0 DEOPT PACKING pc=0x000001710a1d9a11 sp=0x0000000833dfa3e0
Event: 34.720 Thread 0x000001712c5945d0 DEOPT UNPACKING pc=0x000001710f737143 sp=0x0000000833df98d0 mode 0
Event: 34.784 Thread 0x000001712c590910 DEOPT PACKING pc=0x000001710a1d9a11 sp=0x0000000833cfa720
Event: 34.784 Thread 0x000001712c590910 DEOPT UNPACKING pc=0x000001710f737143 sp=0x0000000833cf9c10 mode 0

Classes unloaded (0 events):
No events

Classes redefined (0 events):
No events

Internal exceptions (20 events):
Event: 33.609 Thread 0x000001712d4b4b30 Exception <a 'java/lang/IncompatibleClassChangeError'{0x00000000f19ae738}: Found class java.lang.Object, but interface was expected> (0x00000000f19ae738) 
thrown [s\src\hotspot\share\interpreter\linkResolver.cpp, line 838]
Event: 33.609 Thread 0x000001712c8915f0 Exception <a 'java/lang/IncompatibleClassChangeError'{0x00000000f1a38140}: Found class java.lang.Object, but interface was expected> (0x00000000f1a38140) 
thrown [s\src\hotspot\share\interpreter\linkResolver.cpp, line 838]
Event: 34.166 Thread 0x000001712d4b6480 Exception <a 'java/lang/IncompatibleClassChangeError'{0x00000000f34c99c0}: Found class java.lang.Object, but interface was expected> (0x00000000f34c99c0) 
thrown [s\src\hotspot\share\interpreter\linkResolver.cpp, line 838]
Event: 34.166 Thread 0x000001712d4af520 Exception <a 'java/lang/IncompatibleClassChangeError'{0x00000000f348f650}: Found class java.lang.Object, but interface was expected> (0x00000000f348f650) 
thrown [s\src\hotspot\share\interpreter\linkResolver.cpp, line 838]
Event: 34.166 Thread 0x000001712c594ae0 Exception <a 'java/lang/IncompatibleClassChangeError'{0x00000000f34d07b0}: Found class java.lang.Object, but interface was expected> (0x00000000f34d07b0) 
thrown [s\src\hotspot\share\interpreter\linkResolver.cpp, line 838]
Event: 34.166 Thread 0x000001712d4b5550 Exception <a 'java/lang/IncompatibleClassChangeError'{0x00000000f3451af0}: Found class java.lang.Object, but interface was expected> (0x00000000f3451af0) 
thrown [s\src\hotspot\share\interpreter\linkResolver.cpp, line 838]
Event: 34.166 Thread 0x000001712c8915f0 Exception <a 'java/lang/IncompatibleClassChangeError'{0x00000000f34bd630}: Found class java.lang.Object, but interface was expected> (0x00000000f34bd630) 
thrown [s\src\hotspot\share\interpreter\linkResolver.cpp, line 838]
Event: 34.166 Thread 0x000001712c595500 Exception <a 'java/lang/IncompatibleClassChangeError'{0x00000000f34e1f90}: Found class java.lang.Object, but interface was expected> (0x00000000f34e1f90) 
thrown [s\src\hotspot\share\interpreter\linkResolver.cpp, line 838]
Event: 34.171 Thread 0x000001712c8915f0 Exception <a 'java/lang/NoSuchMethodError'{0x00000000f331c768}: 'void java.lang.invoke.DirectMethodHandle$Holder.invokeInterface(java.lang.Object, java.lang.Object, java.lang.Object, int)'> (0x00000000f331c768) 
thrown [s\src\hotspot\share\interpreter\linkResolver.cpp, line 771]
Event: 34.171 Thread 0x000001712d4b4b30 Exception <a 'java/lang/NoSuchMethodError'{0x00000000f3331450}: 'void java.lang.invoke.DirectMethodHandle$Holder.invokeInterface(java.lang.Object, java.lang.Object, java.lang.Object, int)'> (0x00000000f3331450) 
thrown [s\src\hotspot\share\interpreter\linkResolver.cpp, line 771]
Event: 34.172 Thread 0x000001712d4b6480 Exception <a 'java/lang/NoSuchMethodError'{0x00000000f34ce1d8}: 'void java.lang.invoke.DirectMethodHandle$Holder.invokeInterface(java.lang.Object, java.lang.Object, java.lang.Object, int)'> (0x00000000f34ce1d8) 
thrown [s\src\hotspot\share\interpreter\linkResolver.cpp, line 771]
Event: 34.172 Thread 0x000001712c591840 Exception <a 'java/lang/NoSuchMethodError'{0x00000000f33252f0}: 'void java.lang.invoke.DirectMethodHandle$Holder.invokeInterface(java.lang.Object, java.lang.Object, java.lang.Object, int)'> (0x00000000f33252f0) 
thrown [s\src\hotspot\share\interpreter\linkResolver.cpp, line 771]
Event: 34.173 Thread 0x000001712c594ae0 Exception <a 'java/lang/NoSuchMethodError'{0x00000000f34d4fa8}: 'void java.lang.invoke.DirectMethodHandle$Holder.invokeInterface(java.lang.Object, java.lang.Object, java.lang.Object, int)'> (0x00000000f34d4fa8) 
thrown [s\src\hotspot\share\interpreter\linkResolver.cpp, line 771]
Event: 34.173 Thread 0x000001712d4af520 Exception <a 'java/lang/NoSuchMethodError'{0x00000000f3493e48}: 'void java.lang.invoke.DirectMethodHandle$Holder.invokeInterface(java.lang.Object, java.lang.Object, java.lang.Object, int)'> (0x00000000f3493e48) 
thrown [s\src\hotspot\share\interpreter\linkResolver.cpp, line 771]
Event: 34.173 Thread 0x000001712c595500 Exception <a 'java/lang/NoSuchMethodError'{0x00000000f34e6788}: 'void java.lang.invoke.DirectMethodHandle$Holder.invokeInterface(java.lang.Object, java.lang.Object, java.lang.Object, int)'> (0x00000000f34e6788) 
thrown [s\src\hotspot\share\interpreter\linkResolver.cpp, line 771]
Event: 34.173 Thread 0x000001712c5945d0 Exception <a 'java/lang/NoSuchMethodError'{0x00000000f3473510}: 'void java.lang.invoke.DirectMethodHandle$Holder.invokeInterface(java.lang.Object, java.lang.Object, java.lang.Object, int)'> (0x00000000f3473510) 
thrown [s\src\hotspot\share\interpreter\linkResolver.cpp, line 771]
Event: 34.173 Thread 0x000001712c594ff0 Exception <a 'java/lang/NoSuchMethodError'{0x00000000f34a5000}: 'void java.lang.invoke.DirectMethodHandle$Holder.invokeInterface(java.lang.Object, java.lang.Object, java.lang.Object, int)'> (0x00000000f34a5000) 
thrown [s\src\hotspot\share\interpreter\linkResolver.cpp, line 771]
Event: 34.173 Thread 0x000001712d4b5550 Exception <a 'java/lang/NoSuchMethodError'{0x00000000f333dbf0}: 'void java.lang.invoke.DirectMethodHandle$Holder.invokeInterface(java.lang.Object, java.lang.Object, java.lang.Object, int)'> (0x00000000f333dbf0) 
thrown [s\src\hotspot\share\interpreter\linkResolver.cpp, line 771]
Event: 34.173 Thread 0x000001712c590910 Exception <a 'java/lang/NoSuchMethodError'{0x00000000f3529f30}: 'void java.lang.invoke.DirectMethodHandle$Holder.invokeInterface(java.lang.Object, java.lang.Object, java.lang.Object, int)'> (0x00000000f3529f30) 
thrown [s\src\hotspot\share\interpreter\linkResolver.cpp, line 771]
Event: 34.173 Thread 0x000001712d4b4620 Exception <a 'java/lang/NoSuchMethodError'{0x00000000f3335f58}: 'void java.lang.invoke.DirectMethodHandle$Holder.invokeInterface(java.lang.Object, java.lang.Object, java.lang.Object, int)'> (0x00000000f3335f58) 
thrown [s\src\hotspot\share\interpreter\linkResolver.cpp, line 771]

VM Operations (20 events):
Event: 33.926 Executing VM operation: G1CollectForAllocation done
Event: 34.231 Executing VM operation: HandshakeAllThreads
Event: 34.232 Executing VM operation: HandshakeAllThreads done
Event: 34.303 Executing VM operation: HandshakeAllThreads
Event: 34.304 Executing VM operation: HandshakeAllThreads done
Event: 34.311 Executing VM operation: HandshakeAllThreads
Event: 34.311 Executing VM operation: HandshakeAllThreads done
Event: 34.357 Executing VM operation: HandshakeAllThreads
Event: 34.358 Executing VM operation: HandshakeAllThreads done
Event: 34.362 Executing VM operation: HandshakeAllThreads
Event: 34.363 Executing VM operation: HandshakeAllThreads done
Event: 34.373 Executing VM operation: HandshakeAllThreads
Event: 34.374 Executing VM operation: HandshakeAllThreads done
Event: 34.462 Executing VM operation: G1CollectForAllocation
Event: 34.478 Executing VM operation: G1CollectForAllocation done
Event: 34.516 Executing VM operation: HandshakeAllThreads
Event: 34.516 Executing VM operation: HandshakeAllThreads done
Event: 34.643 Executing VM operation: G1CollectForAllocation
Event: 34.658 Executing VM operation: G1CollectForAllocation done
Event: 34.802 Executing VM operation: G1PauseRemark

Events (20 events):
Event: 32.939 loading class jdk/internal/event/ProcessStartEvent done
Event: 32.944 Thread 0x000001712cbb33f0 Thread added: 0x000001712cbb33f0
Event: 32.944 Thread 0x000001712cbb4830 Thread added: 0x000001712cbb4830
Event: 33.033 loading class java/io/UTFDataFormatException
Event: 33.034 loading class java/io/UTFDataFormatException done
Event: 33.039 Thread 0x000001712c0c5a50 Thread exited: 0x000001712c0c5a50
Event: 33.226 loading class java/util/concurrent/RejectedExecutionException
Event: 33.227 loading class java/util/concurrent/RejectedExecutionException done
Event: 33.370 loading class java/util/IdentityHashMap$EntrySet
Event: 33.372 loading class java/util/IdentityHashMap$EntrySet done
Event: 33.543 Thread 0x00000171200bcae0 flushing nmethod 0x000001710ffc1810
Event: 33.546 Thread 0x00000171200bcae0 flushing nmethod 0x00000171101b2b10
Event: 33.546 Thread 0x00000171200bcae0 flushing nmethod 0x00000171101bc890
Event: 33.548 Thread 0x000001712c0c3a70 Thread exited: 0x000001712c0c3a70
Event: 33.551 Thread 0x00000171200bcae0 flushing nmethod 0x0000017110502910
Event: 33.553 Thread 0x00000171200bcae0 flushing nmethod 0x000001711083fd10
Event: 33.553 Thread 0x00000171200bcae0 flushing nmethod 0x000001711084b710
Event: 33.553 Thread 0x00000171200bcae0 flushing nmethod 0x000001711086ad90
Event: 33.553 Thread 0x00000171200bcae0 flushing nmethod 0x000001711086d710
Event: 33.564 Thread 0x00000171200bcae0 flushing nmethod 0x0000017108f93290


Dynamic libraries:
0x00007ff622060000 - 0x00007ff62206a000 	C:\Program Files\Android\Android Studio\jbr\bin\java.exe
0x00007ffc8cf00000 - 0x00007ffc8d167000 	C:\WINDOWS\SYSTEM32\ntdll.dll
0x00007ffc8bbd0000 - 0x00007ffc8bc99000 	C:\WINDOWS\System32\KERNEL32.DLL
0x00007ffc8a3b0000 - 0x00007ffc8a7a7000 	C:\WINDOWS\System32\KERNELBASE.dll
0x00007ffc8a1d0000 - 0x00007ffc8a31b000 	C:\WINDOWS\System32\ucrtbase.dll
0x00007ffc83910000 - 0x00007ffc8392b000 	C:\Program Files\Android\Android Studio\jbr\bin\VCRUNTIME140.dll
0x00007ffc50e90000 - 0x00007ffc50ea7000 	C:\Program Files\Android\Android Studio\jbr\bin\jli.dll
0x00007ffc8ccb0000 - 0x00007ffc8ce76000 	C:\WINDOWS\System32\USER32.dll
0x00007ffc89930000 - 0x00007ffc89957000 	C:\WINDOWS\System32\win32u.dll
0x00007ffc8ad10000 - 0x00007ffc8ad3b000 	C:\WINDOWS\System32\GDI32.dll
0x00007ffc8a9e0000 - 0x00007ffc8ab0c000 	C:\WINDOWS\System32\gdi32full.dll
0x00007ffc716c0000 - 0x00007ffc71952000 	C:\WINDOWS\WinSxS\amd64_microsoft.windows.common-controls_6595b64144ccf1df_6.0.26100.8328_none_3e08182ce334b678\COMCTL32.dll
0x00007ffc8a7b0000 - 0x00007ffc8a853000 	C:\WINDOWS\System32\msvcp_win.dll
0x00007ffc8bb10000 - 0x00007ffc8bbb9000 	C:\WINDOWS\System32\msvcrt.dll
0x00007ffc8ce80000 - 0x00007ffc8ceb2000 	C:\WINDOWS\System32\IMM32.DLL
0x00007ffc838c0000 - 0x00007ffc838cc000 	C:\Program Files\Android\Android Studio\jbr\bin\vcruntime140_1.dll
0x00007ffc56930000 - 0x00007ffc569bd000 	C:\Program Files\Android\Android Studio\jbr\bin\msvcp140.dll
0x00007ffb9cef0000 - 0x00007ffb9db73000 	C:\Program Files\Android\Android Studio\jbr\bin\server\jvm.dll
0x00007ffc8b400000 - 0x00007ffc8b4b6000 	C:\WINDOWS\System32\ADVAPI32.dll
0x00007ffc8c9b0000 - 0x00007ffc8ca57000 	C:\WINDOWS\System32\sechost.dll
0x00007ffc8ca60000 - 0x00007ffc8cb78000 	C:\WINDOWS\System32\RPCRT4.dll
0x00007ffc7d040000 - 0x00007ffc7d076000 	C:\WINDOWS\SYSTEM32\WINMM.dll
0x00007ffc89190000 - 0x00007ffc891ee000 	C:\WINDOWS\SYSTEM32\POWRPROF.dll
0x00007ffc7ffe0000 - 0x00007ffc7ffeb000 	C:\WINDOWS\SYSTEM32\VERSION.dll
0x00007ffc310f0000 - 0x00007ffc310fa000 	C:\WINDOWS\SYSTEM32\WSOCK32.dll
0x00007ffc8ac80000 - 0x00007ffc8ad00000 	C:\WINDOWS\System32\ws2_32.DLL
0x00007ffc89170000 - 0x00007ffc89184000 	C:\WINDOWS\SYSTEM32\UMPDC.dll
0x00007ffc886a0000 - 0x00007ffc886bb000 	C:\WINDOWS\SYSTEM32\kernel.appcore.dll
0x00007ffc65f10000 - 0x00007ffc65f1a000 	C:\Program Files\Android\Android Studio\jbr\bin\jimage.dll
0x00007ffc87300000 - 0x00007ffc87542000 	C:\WINDOWS\SYSTEM32\DBGHELP.DLL
0x00007ffc8b070000 - 0x00007ffc8b3f3000 	C:\WINDOWS\System32\combase.dll
0x00007ffc8b4c0000 - 0x00007ffc8b599000 	C:\WINDOWS\System32\OLEAUT32.dll
0x00007ffc6c5b0000 - 0x00007ffc6c5eb000 	C:\WINDOWS\SYSTEM32\dbgcore.DLL
0x00007ffc8ab10000 - 0x00007ffc8abb8000 	C:\WINDOWS\System32\bcryptPrimitives.dll
0x00007ffc50fd0000 - 0x00007ffc50fde000 	C:\Program Files\Android\Android Studio\jbr\bin\instrument.dll
0x00007ffc51000000 - 0x00007ffc51025000 	C:\Program Files\Android\Android Studio\jbr\bin\java.dll
0x00007ffc544d0000 - 0x00007ffc544e8000 	C:\Program Files\Android\Android Studio\jbr\bin\zip.dll
0x00007ffc8c230000 - 0x00007ffc8c99e000 	C:\WINDOWS\System32\SHELL32.dll
0x00007ffc89960000 - 0x00007ffc8a1cc000 	C:\WINDOWS\System32\windows.storage.dll
0x00007ffc8ba10000 - 0x00007ffc8bb06000 	C:\WINDOWS\System32\SHCORE.dll
0x00007ffc8b5a0000 - 0x00007ffc8b606000 	C:\WINDOWS\System32\shlwapi.dll
0x00007ffc89850000 - 0x00007ffc89879000 	C:\WINDOWS\SYSTEM32\profapi.dll
0x00007ffc50c80000 - 0x00007ffc50c99000 	C:\Program Files\Android\Android Studio\jbr\bin\net.dll
0x00007ffc82970000 - 0x00007ffc82a99000 	C:\WINDOWS\SYSTEM32\WINHTTP.dll
0x00007ffc88c30000 - 0x00007ffc88c9c000 	C:\WINDOWS\system32\mswsock.dll
0x00007ffc50c60000 - 0x00007ffc50c76000 	C:\Program Files\Android\Android Studio\jbr\bin\nio.dll
0x00007ffc50fe0000 - 0x00007ffc50ff0000 	C:\Program Files\Android\Android Studio\jbr\bin\verify.dll
0x00007ffc0c850000 - 0x00007ffc0c877000 	C:\Users\Nicoj\.gradle\native\1def1411415f61bf3af743bc5b6707747c0891f09f0c88961ee8f79bc544acac\windows-amd64\native-platform.dll
0x0000000065690000 - 0x0000000065703000 	C:\Users\Nicoj\.gradle\native\0.2.5\x86_64-windows-gnu\gradle-fileevents.dll
0x00007ffc57ca0000 - 0x00007ffc57ca9000 	C:\Program Files\Android\Android Studio\jbr\bin\management.dll
0x00007ffc50ff0000 - 0x00007ffc50ffb000 	C:\Program Files\Android\Android Studio\jbr\bin\management_ext.dll
0x00007ffc8bbc0000 - 0x00007ffc8bbc8000 	C:\WINDOWS\System32\PSAPI.DLL
0x00007ffc88f80000 - 0x00007ffc88f9b000 	C:\WINDOWS\SYSTEM32\CRYPTSP.dll
0x00007ffc88600000 - 0x00007ffc88639000 	C:\WINDOWS\system32\rsaenh.dll
0x00007ffc88ce0000 - 0x00007ffc88d13000 	C:\WINDOWS\SYSTEM32\USERENV.dll
0x00007ffc89820000 - 0x00007ffc8984a000 	C:\WINDOWS\SYSTEM32\bcrypt.dll
0x00007ffc88fa0000 - 0x00007ffc88fac000 	C:\WINDOWS\SYSTEM32\CRYPTBASE.dll
0x00007ffc880d0000 - 0x00007ffc88102000 	C:\WINDOWS\SYSTEM32\IPHLPAPI.DLL
0x00007ffc8aee0000 - 0x00007ffc8aeea000 	C:\WINDOWS\System32\NSI.dll
0x00007ffc82950000 - 0x00007ffc8296d000 	C:\WINDOWS\SYSTEM32\dhcpcsvc6.DLL
0x00007ffc82920000 - 0x00007ffc82945000 	C:\WINDOWS\SYSTEM32\dhcpcsvc.DLL
0x00007ffc88170000 - 0x00007ffc882a2000 	C:\WINDOWS\SYSTEM32\DNSAPI.dll
0x00007ffc3faa0000 - 0x00007ffc3faa8000 	C:\WINDOWS\system32\wshunix.dll
0x0000000065610000 - 0x0000000065683000 	C:\Users\Nicoj\AppData\Local\Temp\native-platform8104574026181295347dir\gradle-fileevents.dll
0x00007ffc5fd20000 - 0x00007ffc5fd38000 	C:\WINDOWS\system32\napinsp.dll
0x00007ffc5e5c0000 - 0x00007ffc5e5d3000 	C:\WINDOWS\System32\winrnr.dll
0x00007ffc5e590000 - 0x00007ffc5e5b2000 	C:\WINDOWS\system32\nlansp_c.dll
0x00007ffc5e550000 - 0x00007ffc5e566000 	C:\WINDOWS\system32\wshbth.dll
0x00007ffc7b7c0000 - 0x00007ffc7b7cb000 	C:\Windows\System32\rasadhlp.dll
0x00007ffc826a0000 - 0x00007ffc82726000 	C:\WINDOWS\System32\fwpuclnt.dll
0x00007ffc887e0000 - 0x00007ffc88816000 	C:\WINDOWS\SYSTEM32\ntmarta.dll

dbghelp: loaded successfully - version: 4.0.5 - missing functions: none
symbol engine: initialized successfully - sym options: 0x614 - pdb path: .;C:\Program Files\Android\Android Studio\jbr\bin;C:\WINDOWS\SYSTEM32;C:\WINDOWS\WinSxS\amd64_microsoft.windows.common-controls_6595b64144ccf1df_6.0.26100.8328_none_3e08182ce334b678;C:\Program Files\Android\Android Studio\jbr\bin\server;C:\Users\Nicoj\.gradle\native\1def1411415f61bf3af743bc5b6707747c0891f09f0c88961ee8f79bc544acac\windows-amd64;C:\Users\Nicoj\.gradle\native\0.2.5\x86_64-windows-gnu;C:\Users\Nicoj\AppData\Local\Temp\native-platform8104574026181295347dir

VM Arguments:
jvm_args: --add-opens=java.base/java.lang=ALL-UNNAMED --add-opens=java.base/java.lang.invoke=ALL-UNNAMED --add-opens=java.base/java.util=ALL-UNNAMED --add-opens=java.prefs/java.util.prefs=ALL-UNNAMED --add-exports=jdk.compiler/com.sun.tools.javac.api=ALL-UNNAMED --add-exports=jdk.compiler/com.sun.tools.javac.util=ALL-UNNAMED --add-opens=java.base/java.util=ALL-UNNAMED --add-opens=java.prefs/java.util.prefs=ALL-UNNAMED --add-opens=java.base/java.nio.charset=ALL-UNNAMED --add-opens=java.base/java.net=ALL-UNNAMED --add-opens=java.base/java.util.concurrent.atomic=ALL-UNNAMED --add-opens=java.xml/javax.xml.namespace=ALL-UNNAMED -XX:MaxMetaspaceSize=384m -XX:+HeapDumpOnOutOfMemoryError -Xms256m -Xmx512m -Dfile.encoding=windows-1252 -Duser.country=PH -Duser.language=en -Duser.variant -javaagent:C:\Users\Nicoj\.gradle\wrapper\dists\gradle-8.12-bin\cetblhg4pflnnks72fxwobvgv\gradle-8.12\lib\agents\gradle-instrumentation-agent-8.12.jar 
java_command: org.gradle.launcher.daemon.bootstrap.GradleDaemon 8.12
java_class_path (initial): C:\Users\Nicoj\.gradle\wrapper\dists\gradle-8.12-bin\cetblhg4pflnnks72fxwobvgv\gradle-8.12\lib\gradle-daemon-main-8.12.jar
Launcher Type: SUN_STANDARD

[Global flags]
     intx CICompilerCount                          = 12                                        {product} {ergonomic}
   size_t CompressedClassSpaceSize                 = 335544320                                 {product} {ergonomic}
     uint ConcGCThreads                            = 3                                         {product} {ergonomic}
     uint G1ConcRefinementThreads                  = 13                                        {product} {ergonomic}
   size_t G1HeapRegionSize                         = 1048576                                   {product} {ergonomic}
    uintx GCDrainStackTargetSize                   = 64                                        {product} {ergonomic}
     bool HeapDumpOnOutOfMemoryError               = true                                   {manageable} {command line}
   size_t InitialHeapSize                          = 268435456                                 {product} {command line}
   size_t MarkStackSize                            = 4194304                                   {product} {ergonomic}
   size_t MaxHeapSize                              = 536870912                                 {product} {command line}
   size_t MaxMetaspaceSize                         = 402653184                                 {product} {command line}
   size_t MaxNewSize                               = 321912832                                 {product} {ergonomic}
   size_t MinHeapDeltaBytes                        = 1048576                                   {product} {ergonomic}
   size_t MinHeapSize                              = 268435456                                 {product} {command line}
    uintx NonNMethodCodeHeapSize                   = 7602480                                {pd product} {ergonomic}
    uintx NonProfiledCodeHeapSize                  = 122027880                              {pd product} {ergonomic}
    uintx ProfiledCodeHeapSize                     = 122027880                              {pd product} {ergonomic}
    uintx ReservedCodeCacheSize                    = 251658240                              {pd product} {ergonomic}
     bool SegmentedCodeCache                       = true                                      {product} {ergonomic}
   size_t SoftMaxHeapSize                          = 536870912                              {manageable} {ergonomic}
     bool UseCompressedClassPointers               = true                           {product lp64_product} {ergonomic}
     bool UseCompressedOops                        = true                           {product lp64_product} {ergonomic}
     bool UseG1GC                                  = true                                      {product} {ergonomic}
     bool UseLargePagesIndividualAllocation        = false                                  {pd product} {ergonomic}

Logging:
Log output configuration:
 #0: stdout all=warning uptime,level,tags
 #1: stderr all=off uptime,level,tags

Environment Variables:
PATH=C:\Python313\Scripts\;C:\Python313\;C:\Program Files\Common Files\Oracle\Java\javapath;C:\Program Files (x86)\Common Files\Oracle\Java\java8path;C:\Program Files (x86)\Common Files\Oracle\Java\javapath;C:\Program Files (x86)\NVIDIA Corporation\PhysX\Common;C:\Program Files\NVIDIA Corporation\NVIDIA NvDLISR;C:\WINDOWS\system32;C:\WINDOWS;C:\WINDOWS\System32\Wbem;C:\WINDOWS\System32\WindowsPowerShell\v1.0\;C:\WINDOWS\System32\OpenSSH\;C:\Program Files\nodejs\;C:\ProgramData\chocolatey\bin;C:\Program Files\Git\cmd;C:\Users\Nicoj\AppData\Local\Microsoft\WindowsApps;C:\Users\Nicoj\AppData\Local\Programs\Microsoft VS Code\bin;C:\Users\Nicoj\AppData\Local\Programs\Windsurf\bin;C:\Users\Nicoj\AppData\Roaming\npm;C:\Users\Nicoj\AppData\Local\GitHubDesktop\bin;C:\flutter\bin;C:\flutter\bin
USERNAME=Nicoj
OS=Windows_NT
PROCESSOR_IDENTIFIER=Intel64 Family 6 Model 154 Stepping 3, GenuineIntel
TMP=C:\Users\Nicoj\AppData\Local\Temp
TEMP=C:\Users\Nicoj\AppData\Local\Temp



Periodic native trim disabled

JNI global refs:
JNI global refs: 38, weak refs: 77

JNI global refs memory usage: 843, weak refs: 1473

OOME stack traces (most recent first):
Classloader memory used:
Loader org.gradle.internal.classloader.VisitableURLClassLoader$InstrumentingVisitableURLClassLoader: 6517K
Loader org.gradle.internal.classloader.VisitableURLClassLoader                         : 5803K
Loader bootstrap                                                                       : 3350K
Loader org.gradle.initialization.MixInLegacyTypesClassLoader                           : 1612K
Loader org.gradle.internal.classloader.VisitableURLClassLoader                         : 916K
Loader jdk.internal.reflect.DelegatingClassLoader                                      : 200K
Loader jdk.internal.loader.ClassLoaders$PlatformClassLoader                            : 69081B
Loader jdk.internal.loader.ClassLoaders$AppClassLoader                                 : 28926B
Loader org.gradle.groovy.scripts.internal.DefaultScriptCompilationHandler$ScriptClassLoader: 11096B
Loader org.codehaus.groovy.runtime.callsite.CallSiteClassLoader                        : 10732B
Loader sun.reflect.misc.MethodUtil                                                     : 373B

Classes loaded by more than one classloader:
Class Program                                                                         : loaded 5 times (x 70B)
Class com.google.common.base.CharMatcher$JavaUpperCase                                : loaded 3 times (x 109B)
Class com.google.common.collect.RegularImmutableList                                  : loaded 3 times (x 172B)
Class com.google.common.base.CharMatcher$IsEither                                     : loaded 3 times (x 109B)
Class com.google.common.base.CharMatcher$AnyOf                                        : loaded 3 times (x 110B)
Class com.google.common.collect.Iterators$MergingIterator                             : loaded 3 times (x 79B)
Class com.google.common.collect.ImmutableAsList                                       : loaded 3 times (x 169B)
Class com.google.common.collect.Platform                                              : loaded 3 times (x 69B)
Class com.google.common.base.CharMatcher$JavaLetter                                   : loaded 3 times (x 109B)
Class com.google.common.base.CharMatcher$FastMatcher                                  : loaded 3 times (x 109B)
Class com.google.common.base.Joiner$2                                                 : loaded 3 times (x 77B)
Class com.google.common.base.Joiner$1                                                 : loaded 3 times (x 78B)
Class com.google.common.base.CharMatcher$Invisible                                    : loaded 3 times (x 110B)
Class com.google.common.collect.ImmutableMapEntry                                     : loaded 3 times (x 83B)
Class com.google.common.base.CharMatcher$NamedFastMatcher                             : loaded 3 times (x 110B)
Class com.google.common.base.AbstractIterator$State                                   : loaded 3 times (x 77B)
Class com.google.common.collect.ImmutableSet                                          : loaded 3 times (x 143B)
Class org.gradle.internal.Cast                                                        : loaded 3 times (x 69B)
Class [Lcom.google.common.collect.AbstractMapEntry;                                   : loaded 3 times (x 67B)
Class com.google.common.collect.ImmutableBiMap                                        : loaded 3 times (x 141B)
Class com.google.common.collect.SingletonImmutableList                                : loaded 3 times (x 167B)
Class com.google.common.base.Objects                                                  : loaded 3 times (x 69B)
Class com.google.common.collect.ImmutableMap$MapViewOfValuesAsSingletonSets           : loaded 3 times (x 123B)
Class com.google.common.base.CharMatcher$ForPredicate                                 : loaded 3 times (x 110B)
Class com.google.common.collect.ImmutableSet$Builder                                  : loaded 3 times (x 83B)
Class com.google.common.base.CharMatcher$Negated                                      : loaded 3 times (x 111B)
Class com.google.common.collect.ImmutableList$Builder                                 : loaded 3 times (x 75B)
Class com.google.common.collect.AbstractMapEntry                                      : loaded 3 times (x 79B)
Class com.google.common.base.NullnessCasts                                            : loaded 3 times (x 69B)
Class com.google.common.collect.AbstractIterator                                      : loaded 3 times (x 80B)
Class com.google.common.base.CharMatcher$NegatedFastMatcher                           : loaded 3 times (x 111B)
Class com.google.common.base.CommonPattern                                            : loaded 3 times (x 72B)
Class com.google.common.collect.ImmutableCollection$Builder                           : loaded 3 times (x 74B)
Class com.google.common.base.CharMatcher$JavaLowerCase                                : loaded 3 times (x 109B)
Class com.google.common.collect.Iterables                                             : loaded 3 times (x 69B)
Class com.google.common.base.CharMatcher$Or                                           : loaded 3 times (x 110B)
Class com.google.common.base.CharMatcher$JavaDigit                                    : loaded 3 times (x 109B)
Class com.google.common.collect.ImmutableMap$1                                        : loaded 3 times (x 79B)
Class com.google.common.base.CharMatcher$Digit                                        : loaded 3 times (x 110B)
Class com.google.common.collect.AbstractMultimap                                      : loaded 3 times (x 121B)
Class com.google.common.base.CharMatcher$JavaIsoControl                               : loaded 3 times (x 110B)
Class com.google.common.collect.ImmutableSet$SetBuilderImpl                           : loaded 3 times (x 74B)
Class com.google.common.base.Splitter$1                                               : loaded 3 times (x 75B)
Class com.google.common.collect.ImmutableList$SubList                                 : loaded 3 times (x 168B)
Class com.google.common.base.CharMatcher$RangesMatcher                                : loaded 3 times (x 110B)
Class com.google.common.collect.ImmutableMapEntry$NonTerminalImmutableMapEntry        : loaded 3 times (x 83B)
Class org.gradle.api.Action                                                           : loaded 3 times (x 68B)
Class com.google.common.base.CharMatcher$Any                                          : loaded 3 times (x 110B)
Class com.google.common.base.ExtraObjectsMethodsForWeb                                : loaded 3 times (x 69B)
Class com.google.common.collect.IndexedImmutableSet                                   : loaded 3 times (x 148B)
Class com.google.common.base.CharMatcher$And                                          : loaded 3 times (x 110B)
Class org.gradle.api.UncheckedIOException                                             : loaded 3 times (x 80B)
Class com.google.common.collect.ImmutableList$SerializedForm                          : loaded 3 times (x 71B)
Class com.google.common.collect.ImmutableEntry                                        : loaded 3 times (x 80B)
Class com.google.common.collect.Lists$StringAsImmutableList                           : loaded 3 times (x 167B)
Class com.google.common.base.CharMatcher$Ascii                                        : loaded 3 times (x 110B)
Class com.google.common.base.CharMatcher$1                                            : loaded 3 times (x 111B)
Class com.google.common.collect.Iterators                                             : loaded 3 times (x 69B)
Class com.google.common.base.AbstractIterator$1                                       : loaded 3 times (x 69B)
Class com.google.common.base.AbstractIterator                                         : loaded 3 times (x 78B)
Class com.google.common.collect.ImmutableMap$Builder                                  : loaded 3 times (x 80B)
Class [Lcom.google.common.base.AbstractIterator$State;                                : loaded 3 times (x 67B)
Class com.google.common.collect.SingletonImmutableSet                                 : loaded 3 times (x 144B)
Class com.google.common.collect.ImmutableBiMapFauxverideShim                          : loaded 3 times (x 118B)
Class com.google.common.collect.ImmutableMapEntrySet                                  : loaded 3 times (x 149B)
Class com.google.common.collect.ImmutableSetMultimap                                  : loaded 3 times (x 178B)
Class com.google.common.collect.PeekingIterator                                       : loaded 3 times (x 68B)
Class com.google.common.collect.RegularImmutableAsList                                : loaded 3 times (x 176B)
Class com.google.common.base.CharMatcher                                              : loaded 3 times (x 109B)
Class com.google.common.base.CharMatcher$IsNot                                        : loaded 3 times (x 109B)
Class com.google.common.base.CharMatcher$Is                                           : loaded 3 times (x 109B)
Class com.google.common.collect.ImmutableSet$CachingAsList                            : loaded 3 times (x 145B)
Class com.google.common.base.Splitter$SplittingIterator                               : loaded 3 times (x 82B)
Class [Lcom.google.common.collect.ImmutableEntry;                                     : loaded 3 times (x 67B)
Class com.google.common.collect.ImmutableSet$RegularSetBuilderImpl                    : loaded 3 times (x 75B)
Class com.google.common.base.Splitter$1$1                                             : loaded 3 times (x 84B)
Class [Lcom.google.common.collect.ImmutableMapEntry;                                  : loaded 3 times (x 67B)
Class com.google.common.collect.SetMultimap                                           : loaded 3 times (x 68B)
Class com.google.common.collect.ImmutableMapEntrySet$RegularEntrySet                  : loaded 3 times (x 149B)
Class com.google.common.base.Splitter$Strategy                                        : loaded 3 times (x 68B)
Class com.google.common.collect.ImmutableList$1                                       : loaded 3 times (x 95B)
Class com.google.common.base.Splitter                                                 : loaded 3 times (x 70B)
Class com.google.common.collect.UnmodifiableListIterator                              : loaded 3 times (x 93B)
Class com.google.common.collect.Iterators$ArrayItr                                    : loaded 3 times (x 95B)
Class com.google.common.base.CharMatcher$None                                         : loaded 3 times (x 110B)
Class com.google.common.collect.AbstractIndexedListIterator                           : loaded 3 times (x 94B)
Class com.google.common.collect.RegularImmutableMap                                   : loaded 3 times (x 119B)
Class com.google.common.collect.CollectPreconditions                                  : loaded 3 times (x 69B)
Class com.google.common.collect.RegularImmutableMap$KeySet                            : loaded 3 times (x 148B)
Class org.gradle.internal.IoActions                                                   : loaded 3 times (x 69B)
Class com.google.common.collect.Iterators$9                                           : loaded 3 times (x 79B)
Class com.google.common.base.Function                                                 : loaded 3 times (x 68B)
Class com.google.common.base.Preconditions                                            : loaded 3 times (x 69B)
Class com.google.common.base.CharMatcher$BitSetMatcher                                : loaded 3 times (x 110B)
Class com.google.common.base.Joiner                                                   : loaded 3 times (x 77B)
Class com.google.common.collect.ImmutableMap$IteratorBasedImmutableMap                : loaded 3 times (x 123B)
Class com.google.common.collect.Iterators$5                                           : loaded 3 times (x 80B)
Class com.google.common.collect.RegularImmutableMap$BucketOverflowException           : loaded 3 times (x 80B)
Class com.google.common.collect.Iterators$4                                           : loaded 3 times (x 80B)
Class com.google.common.collect.BaseImmutableMultimap                                 : loaded 3 times (x 121B)
Class com.google.common.collect.ImmutableMap                                          : loaded 3 times (x 118B)
Class com.google.common.collect.Iterators$1                                           : loaded 3 times (x 79B)
Class com.google.common.base.CharMatcher$Whitespace                                   : loaded 3 times (x 110B)
Class com.google.common.collect.ImmutableList                                         : loaded 3 times (x 166B)
Class com.google.common.collect.Iterators$10                                          : loaded 3 times (x 79B)
Class com.google.common.collect.ObjectArrays                                          : loaded 3 times (x 69B)
Class com.google.common.collect.ImmutableList$ReverseImmutableList                    : loaded 3 times (x 168B)
Class com.google.common.collect.RegularImmutableMap$Values                            : loaded 3 times (x 167B)
Class com.google.common.collect.ImmutableCollection                                   : loaded 3 times (x 123B)
Class com.google.common.base.CharMatcher$JavaLetterOrDigit                            : loaded 3 times (x 109B)
Class org.gradle.api.GradleException                                                  : loaded 3 times (x 80B)
Class com.google.common.collect.Multimap                                              : loaded 3 times (x 68B)
Class com.google.common.base.JdkPattern                                               : loaded 3 times (x 73B)
Class com.google.common.base.CharMatcher$SingleWidth                                  : loaded 3 times (x 110B)
Class com.google.common.collect.UnmodifiableIterator                                  : loaded 3 times (x 78B)
Class com.google.common.collect.ImmutableMultimap                                     : loaded 3 times (x 145B)
Class com.google.common.collect.Lists                                                 : loaded 3 times (x 69B)
Class com.google.common.collect.BiMap                                                 : loaded 3 times (x 68B)
Class com.google.common.base.CharMatcher$InRange                                      : loaded 3 times (x 109B)
Class com.google.common.collect.RegularImmutableSet                                   : loaded 3 times (x 146B)
Class com.google.common.base.Predicate                                                : loaded 3 times (x 68B)
Class org.gradle.tooling.internal.adapter.ProtocolToModelAdapter$PropertyCachingMethodInvoker: loaded 2 times (x 74B)
Class com.google.common.cache.LocalCache$EntryFactory$2                               : loaded 2 times (x 81B)
Class com.amazon.ion.IonDecimal                                                       : loaded 2 times (x 68B)
Class kotlin.collections.ArraysKt__ArraysKt                                           : loaded 2 times (x 69B)
Class com.google.common.cache.LocalCache$EntryFactory$3                               : loaded 2 times (x 81B)
Class com.google.common.cache.LocalCache$EntryFactory$4                               : loaded 2 times (x 81B)
Class org.gradle.tooling.internal.adapter.ProtocolToModelAdapter$NoOpDecoration       : loaded 2 times (x 77B)
Class com.google.common.cache.LocalCache$EntryFactory$5                               : loaded 2 times (x 81B)
Class com.google.common.cache.LocalCache$EntryFactory$6                               : loaded 2 times (x 81B)
Class com.google.common.cache.LocalCache$EntryFactory$7                               : loaded 2 times (x 81B)
Class org.gradle.internal.time.MonotonicClock                                         : loaded 2 times (x 75B)
Class com.google.common.cache.LocalCache$EntryFactory$8                               : loaded 2 times (x 81B)
Class org.gradle.tooling.internal.adapter.ProtocolToModelAdapter$SupportedPropertyInvoker: loaded 2 times (x 74B)
Class kotlin.reflect.KDeclarationContainer                                            : loaded 2 times (x 68B)
Class org.gradle.tooling.model.build.JavaEnvironment                                  : loaded 2 times (x 68B)
Class com.amazon.ion.impl.bin.IonRawBinaryWriter$PreallocationMode$1                  : loaded 2 times (x 79B)
Class kotlin.collections.ArrayDeque$Companion                                         : loaded 2 times (x 69B)
Class com.amazon.ion.impl.bin.IonRawBinaryWriter$PreallocationMode$2                  : loaded 2 times (x 79B)
Class com.google.common.cache.LocalCache$StrongValueReference                         : loaded 2 times (x 88B)
Class com.amazon.ion.impl.bin.IonRawBinaryWriter$PreallocationMode$3                  : loaded 2 times (x 79B)
Class kotlin.text.StringsKt                                                           : loaded 2 times (x 69B)
Class org.gradle.internal.classloader.FilteringClassLoader                            : loaded 2 times (x 103B)
Class com.amazon.ion.impl.lite.IonSymbolLite                                          : loaded 2 times (x 162B)
Class com.google.common.collect.AbstractMapBasedMultimap$WrappedCollection            : loaded 2 times (x 122B)
Class com.amazon.ion.impl.lite.IonContext                                             : loaded 2 times (x 68B)
Class kotlin.collections.AbstractMutableList                                          : loaded 2 times (x 166B)
Class com.google.common.cache.LocalCache$EntryFactory$1                               : loaded 2 times (x 81B)
Class org.jetbrains.plugins.gradle.tooling.serialization.SerializationService         : loaded 2 times (x 68B)
Class kotlin.jvm.internal.Lambda                                                      : loaded 2 times (x 73B)
Class org.gradle.tooling.model.idea.IdeaDependencyScope                               : loaded 2 times (x 68B)
Class org.gradle.tooling.model.Model                                                  : loaded 2 times (x 68B)
Class [Lcom.google.common.cache.LocalCache$Strength;                                  : loaded 2 times (x 67B)
Class kotlin.reflect.KCallable                                                        : loaded 2 times (x 68B)
Class org.gradle.internal.classpath.DefaultClassPath$ImmutableUniqueList$Builder      : loaded 2 times (x 73B)
Class com.google.common.collect.AbstractRangeSet                                      : loaded 2 times (x 112B)
Class com.amazon.ion.impl.bin.IonManagedBinaryWriter$ImportedSymbolResolverMode$1$1   : loaded 2 times (x 76B)
Class kotlin.UninitializedPropertyAccessException                                     : loaded 2 times (x 80B)
Class com.amazon.ion.impl._Private_IonContainer                                       : loaded 2 times (x 68B)
Class com.google.common.collect.Maps$8                                                : loaded 2 times (x 80B)
Class com.android.utils.FileUtils                                                     : loaded 2 times (x 69B)
Class [Lcom.google.common.cache.CacheBuilder$NullListener;                            : loaded 2 times (x 67B)
Class com.google.common.base.PatternCompiler                                          : loaded 2 times (x 68B)
Class com.google.common.primitives.Ints                                               : loaded 2 times (x 69B)
Class kotlin.Result$Failure                                                           : loaded 2 times (x 70B)
Class com.google.common.collect.Maps$KeySet                                           : loaded 2 times (x 135B)
Class com.google.common.collect.ImmutableMultimap$EntryCollection                     : loaded 2 times (x 125B)
Class org.jetbrains.kotlin.idea.gradleTooling.KotlinSourceSetContainer                : loaded 2 times (x 68B)
Class kotlin.Result$Companion                                                         : loaded 2 times (x 69B)
Class com.google.common.collect.Sets$SetView                                          : loaded 2 times (x 136B)
Class kotlin.coroutines.jvm.internal.RestrictedSuspendLambda                          : loaded 2 times (x 89B)
Class com.amazon.ion.impl.lite.ContainerlessContext                                   : loaded 2 times (x 78B)
Class kotlin.collections.IntIterator                                                  : loaded 2 times (x 80B)
Class org.objectweb.asm.AnnotationWriter                                              : loaded 2 times (x 77B)
Class com.amazon.ion.IonMutableCatalog                                                : loaded 2 times (x 68B)
Class com.google.common.math.IntMath$1                                                : loaded 2 times (x 69B)
Class kotlin.jvm.internal.markers.KMutableIterable                                    : loaded 2 times (x 68B)
Class org.gradle.internal.classloader.ClassLoaderVisitor                              : loaded 2 times (x 74B)
Class org.objectweb.asm.Label                                                         : loaded 2 times (x 71B)
Class com.google.common.cache.CacheBuilder$NullListener                               : loaded 2 times (x 80B)
Class org.gradle.tooling.internal.adapter.ProtocolToModelAdapter$MethodInvocationCache$MethodInvocationKey: loaded 2 times (x 71B)
Class org.jetbrains.plugins.gradle.tooling.serialization.internal.adapter.Supplier    : loaded 2 times (x 68B)
Class com.android.builder.model.v2.models.Versions$Version                            : loaded 2 times (x 68B)
Class com.google.common.base.Equivalence                                              : loaded 2 times (x 80B)
Class com.amazon.ion.impl.SharedSymbolTable                                           : loaded 2 times (x 91B)
Class com.google.common.math.MathPreconditions                                        : loaded 2 times (x 69B)
Class org.gradle.internal.time.DefaultCountdownTimer                                  : loaded 2 times (x 86B)
Class com.google.common.io.ByteStreams$1                                              : loaded 2 times (x 83B)
Class [Lcom.amazon.ion.SymbolToken;                                                   : loaded 2 times (x 67B)
Class com.amazon.ion.impl.bin.IonManagedBinaryWriter$ImportedSymbolResolverMode       : loaded 2 times (x 78B)
Class kotlin.text.StringsKt__RegexExtensionsKt                                        : loaded 2 times (x 69B)
Class org.gradle.tooling.internal.adapter.CollectionMapper                            : loaded 2 times (x 71B)
Class com.amazon.ion.impl._Private_LocalSymbolTableFactory                            : loaded 2 times (x 68B)
Class com.android.builder.model.v2.ide.TestInfo                                       : loaded 2 times (x 68B)
Class org.gradle.internal.service.DefaultServiceLocator                               : loaded 2 times (x 81B)
Class com.amazon.ion.impl.lite.IonFloatLite                                           : loaded 2 times (x 153B)
Class kotlin.text.StringsKt__StringBuilderJVMKt                                       : loaded 2 times (x 69B)
Class org.gradle.internal.service.UnknownServiceException                             : loaded 2 times (x 81B)
Class org.jetbrains.plugins.gradle.model.ClasspathEntryModel                          : loaded 2 times (x 68B)
Class kotlin.collections.SetsKt___SetsKt                                              : loaded 2 times (x 69B)
Class com.google.common.util.concurrent.AbstractFuture$SynchronizedHelper             : loaded 2 times (x 76B)
Class com.google.common.collect.ArrayListMultimap                                     : loaded 2 times (x 170B)
Class com.amazon.ion.impl.lite.IonBlobLite                                            : loaded 2 times (x 159B)
Class kotlin.text.StringsKt__StringsJVMKt                                             : loaded 2 times (x 69B)
Class com.google.common.base.Strings                                                  : loaded 2 times (x 69B)
Class com.amazon.ion.IonClob                                                          : loaded 2 times (x 68B)
Class com.android.builder.model.v2.models.BasicAndroidProject                         : loaded 2 times (x 68B)
Class org.jetbrains.plugins.gradle.model.DependencyAccessorsModel                     : loaded 2 times (x 68B)
Class com.google.common.io.Closer                                                     : loaded 2 times (x 76B)
Class kotlin.collections.CollectionsKt___CollectionsKt$asSequence$$inlined$Sequence$1 : loaded 2 times (x 73B)
Class com.google.common.cache.CacheLoader$InvalidCacheLoadException                   : loaded 2 times (x 80B)
Class org.gradle.tooling.model.idea.IdeaCompilerOutput                                : loaded 2 times (x 68B)
Class org.gradle.internal.classloader.DefaultClassLoaderFactory                       : loaded 2 times (x 80B)
Class kotlin.io.FileSystemException                                                   : loaded 2 times (x 80B)
Class org.jetbrains.plugins.gradle.model.internal.TurnOffDefaultTasks                 : loaded 2 times (x 68B)
Class com.google.common.base.Stopwatch                                                : loaded 2 times (x 70B)
Class com.google.common.base.Platform$JdkPatternCompiler                              : loaded 2 times (x 73B)
Class com.amazon.ion.UnsupportedIonVersionException                                   : loaded 2 times (x 83B)
Class org.jetbrains.plugins.gradle.tooling.ModelBuilderService$Parameter              : loaded 2 times (x 68B)
Class com.google.common.collect.Interners$InternerImpl                                : loaded 2 times (x 73B)
Class com.google.common.collect.Table                                                 : loaded 2 times (x 68B)
Class com.android.builder.model.v2.ide.AndroidArtifact                                : loaded 2 times (x 68B)
Class com.google.common.cache.LocalCache$LoadingValueReference                        : loaded 2 times (x 94B)
Class kotlin.collections.CollectionsKt__MutableCollectionsKt                          : loaded 2 times (x 69B)
Class org.gradle.tooling.internal.adapter.ProtocolToModelAdapter$DefaultViewBuilder   : loaded 2 times (x 78B)
Class kotlin.ResultKt                                                                 : loaded 2 times (x 69B)
Class kotlin.collections.CollectionsKt__CollectionsKt                                 : loaded 2 times (x 69B)
Class com.android.builder.model.v2.ide.AndroidGradlePluginProjectFlags$BooleanFlag    : loaded 2 times (x 77B)
Class com.android.builder.model.v2.ide.CodeShrinker                                   : loaded 2 times (x 77B)
Class com.google.common.collect.Hashing                                               : loaded 2 times (x 69B)
Class com.google.common.io.ByteStreams$LimitedInputStream                             : loaded 2 times (x 90B)
Class com.amazon.ion.impl.LocalSymbolTable                                            : loaded 2 times (x 115B)
Class org.jetbrains.plugins.gradle.model.internal.DummyModel                          : loaded 2 times (x 68B)
Class org.jetbrains.plugins.gradle.model.GradleExtensions                             : loaded 2 times (x 68B)
Class com.google.common.collect.MapMakerInternalMap$AbstractStrongKeyEntry            : loaded 2 times (x 78B)
Class com.google.common.collect.ImmutableRangeSet$ComplementRanges                    : loaded 2 times (x 167B)
Class org.jetbrains.plugins.gradle.tooling.serialization.GradleExtensionsSerializationService$WriteContext: loaded 2 times (x 70B)
Class kotlin.collections.CollectionsKt__ReversedViewsKt                               : loaded 2 times (x 69B)
Class kotlin.io.FilesKt                                                               : loaded 2 times (x 69B)
Class com.google.common.base.Optional                                                 : loaded 2 times (x 78B)
Class kotlin.comparisons.ComparisonsKt                                                : loaded 2 times (x 69B)
Class com.amazon.ion.impl.LocalSymbolTableAsStruct$Factory                            : loaded 2 times (x 77B)
Class org.gradle.internal.impldep.gnu.trove.PrimeFinder                               : loaded 2 times (x 69B)
Class com.google.common.base.FunctionalEquivalence                                    : loaded 2 times (x 81B)
Class com.amazon.ion.impl.bin.IonRawBinaryWriter$PatchList                            : loaded 2 times (x 83B)
Class org.objectweb.asm.AnnotationVisitor                                             : loaded 2 times (x 76B)
Class org.objectweb.asm.RecordComponentWriter                                         : loaded 2 times (x 76B)
Class com.amazon.ion.impl.bin.Symbols                                                 : loaded 2 times (x 69B)
Class kotlin.sequences.SequenceScope                                                  : loaded 2 times (x 71B)
Class com.google.common.cache.LocalCache$1                                            : loaded 2 times (x 87B)
Class com.google.common.cache.LocalCache$2                                            : loaded 2 times (x 140B)
Class com.amazon.ion.impl.IonWriterSystemText                                         : loaded 2 times (x 188B)
Class com.google.common.collect.RegularImmutableBiMap                                 : loaded 2 times (x 146B)
Class com.android.builder.model.v2.ide.TestedTargetVariant                            : loaded 2 times (x 68B)
Class kotlin.sequences.SequencesKt__SequenceBuilderKt                                 : loaded 2 times (x 69B)
Class org.jetbrains.plugins.gradle.tooling.serialization.internal.IdeaProjectSerializationService$WriteContext$1: loaded 2 times (x 81B)
Class org.jetbrains.plugins.gradle.tooling.serialization.internal.IdeaProjectSerializationService$WriteContext$2: loaded 2 times (x 81B)
Class org.jetbrains.plugins.gradle.model.VersionCatalogsModel                         : loaded 2 times (x 68B)
Class org.jetbrains.plugins.gradle.tooling.serialization.internal.IdeaProjectSerializationService$WriteContext$3: loaded 2 times (x 81B)
Class org.jetbrains.kotlin.idea.gradleTooling.AndroidAwareGradleModelProvider$Companion: loaded 2 times (x 69B)
Class org.jetbrains.plugins.gradle.tooling.serialization.internal.IdeaProjectSerializationService$WriteContext$4: loaded 2 times (x 81B)
Class kotlin.text.StringsKt__StringNumberConversionsKt                                : loaded 2 times (x 69B)
Class org.gradle.internal.classloader.VisitableURLClassLoader$Spec                    : loaded 2 times (x 72B)
Class org.jetbrains.plugins.gradle.tooling.serialization.internal.IdeaProjectSerializationService$WriteContext$5: loaded 2 times (x 81B)
Class org.gradle.tooling.model.ProjectModel                                           : loaded 2 times (x 68B)
Class org.gradle.internal.impldep.gnu.trove.TObjectIdentityHashingStrategy            : loaded 2 times (x 76B)
Class org.jetbrains.plugins.gradle.tooling.serialization.internal.IdeaProjectSerializationService$WriteContext$6: loaded 2 times (x 81B)
Class com.amazon.ion.IonBlob                                                          : loaded 2 times (x 68B)
Class com.android.builder.model.v2.ide.ProjectType                                    : loaded 2 times (x 77B)
Class org.jetbrains.plugins.gradle.tooling.serialization.internal.IdeaProjectSerializationService$WriteContext$7: loaded 2 times (x 81B)
Class org.gradle.tooling.internal.gradle.DefaultProjectIdentifier                     : loaded 2 times (x 84B)
Class org.jetbrains.plugins.gradle.tooling.serialization.internal.IdeaProjectSerializationService$WriteContext$8: loaded 2 times (x 81B)
Class com.intellij.util.containers.IntObjectHashMap                                   : loaded 2 times (x 70B)
Class org.gradle.api.internal.classpath.ModuleRegistry                                : loaded 2 times (x 68B)
Class com.google.common.collect.ForwardingObject                                      : loaded 2 times (x 70B)
Class kotlin.KotlinNothingValueException                                              : loaded 2 times (x 80B)
Class com.google.common.cache.CacheBuilder                                            : loaded 2 times (x 70B)
Class org.objectweb.asm.ByteVector                                                    : loaded 2 times (x 77B)
Class com.google.common.collect.ImmutableSet$EmptySetBuilderImpl                      : loaded 2 times (x 74B)
Class com.amazon.ion.impl.bin.PooledBlockAllocatorProvider$PooledBlockAllocator       : loaded 2 times (x 79B)
Class com.android.builder.model.v2.ide.LibraryType                                    : loaded 2 times (x 77B)
Class org.jetbrains.plugins.gradle.model.RepositoriesModel                            : loaded 2 times (x 68B)
Class org.gradle.api.JavaVersion                                                      : loaded 2 times (x 77B)
Class kotlin.jvm.internal.markers.KMutableCollection                                  : loaded 2 times (x 68B)
Class com.google.common.collect.ImmutableRangeSet                                     : loaded 2 times (x 113B)
Class com.google.common.base.PairwiseEquivalence                                      : loaded 2 times (x 81B)
Class com.google.common.base.Ticker                                                   : loaded 2 times (x 70B)
Class kotlin.jvm.internal.markers.KMappedMarker                                       : loaded 2 times (x 68B)
Class com.amazon.ion.impl.bin.WriteBuffer                                             : loaded 2 times (x 76B)
Class org.gradle.tooling.internal.adapter.TypeInspector                               : loaded 2 times (x 71B)
Class org.gradle.api.internal.ClassPathProvider                                       : loaded 2 times (x 68B)
Class com.google.common.base.Ascii                                                    : loaded 2 times (x 69B)
Class com.android.builder.model.v2.models.ModelBuilderParameter                       : loaded 2 times (x 68B)
Class org.objectweb.asm.ModuleWriter                                                  : loaded 2 times (x 80B)
Class org.gradle.internal.classloader.ClasspathUtil$1                                 : loaded 2 times (x 74B)
Class com.android.builder.model.v2.dsl.DependenciesInfo                               : loaded 2 times (x 68B)
Class org.jetbrains.plugins.gradle.tooling.serialization.ExternalTestsSerializationService$ReadContext: loaded 2 times (x 70B)
Class com.google.common.collect.ImmutableEnumMap                                      : loaded 2 times (x 123B)
Class org.gradle.tooling.model.DomainObjectSet                                        : loaded 2 times (x 68B)
Class com.amazon.ion.IonSymbol                                                        : loaded 2 times (x 68B)
Class org.jetbrains.plugins.gradle.model.ExternalProjectDependency                    : loaded 2 times (x 68B)
Class org.jetbrains.plugins.gradle.model.ExternalSourceSet                            : loaded 2 times (x 68B)
Class kotlin.sequences.TransformingSequence                                           : loaded 2 times (x 73B)
Class com.google.common.collect.ImmutableSortedSetFauxverideShim                      : loaded 2 times (x 145B)
Class kotlin.collections.CollectionsKt__MutableCollectionsJVMKt                       : loaded 2 times (x 69B)
Class kotlin.collections.EmptyList                                                    : loaded 2 times (x 134B)
Class com.google.common.cache.AbstractCache$StatsCounter                              : loaded 2 times (x 68B)
Class org.objectweb.asm.FieldVisitor                                                  : loaded 2 times (x 75B)
Class com.android.builder.model.v2.dsl.ProductFlavor                                  : loaded 2 times (x 68B)
Class org.objectweb.asm.Symbol                                                        : loaded 2 times (x 71B)
Class com.android.builder.model.v2.ide.ApiVersion                                     : loaded 2 times (x 68B)
Class com.amazon.ion.impl.bin.BlockAllocator                                          : loaded 2 times (x 78B)
Class com.google.common.cache.LocalCache$Strength$1                                   : loaded 2 times (x 79B)
Class com.amazon.ion.IonCatalog                                                       : loaded 2 times (x 68B)
Class com.google.common.collect.EmptyImmutableListMultimap                            : loaded 2 times (x 174B)
Class com.google.common.cache.LocalCache$Strength$2                                   : loaded 2 times (x 79B)
Class com.google.common.cache.LocalCache$Strength$3                                   : loaded 2 times (x 79B)
Class org.gradle.internal.classloader.ClassLoaderFactory                              : loaded 2 times (x 68B)
Class com.amazon.ion.impl.bin.IonManagedBinaryWriter$LocalSymbolTableView             : loaded 2 times (x 105B)
Class org.gradle.tooling.model.UnsupportedMethodException                             : loaded 2 times (x 80B)
Class com.google.common.base.Absent                                                   : loaded 2 times (x 78B)
Class com.google.common.util.concurrent.AbstractFuture$Waiter                         : loaded 2 times (x 70B)
Class com.amazon.ion.system.IonWriterBuilder                                          : loaded 2 times (x 72B)
Class kotlin.jvm.internal.FunctionReference                                           : loaded 2 times (x 120B)
Class com.google.common.util.concurrent.Uninterruptibles                              : loaded 2 times (x 69B)
Class com.amazon.ion.impl.bin.IonRawBinaryWriter$PatchList$Node                       : loaded 2 times (x 70B)
Class kotlin.coroutines.EmptyCoroutineContext                                         : loaded 2 times (x 75B)
Class com.amazon.ion.impl.lite.IonListLite                                            : loaded 2 times (x 457B)
Class com.android.ide.common.repository.GradleVersion                                 : loaded 2 times (x 91B)
Class com.google.common.collect.Iterators$EmptyModifiableIterator                     : loaded 2 times (x 84B)
Class com.google.common.base.Converter                                                : loaded 2 times (x 88B)
Class org.jetbrains.plugins.gradle.model.FileCollectionDependency                     : loaded 2 times (x 68B)
Class org.gradle.api.internal.classpath.ManifestUtil                                  : loaded 2 times (x 69B)
Class org.gradle.api.specs.Spec                                                       : loaded 2 times (x 68B)
Class com.google.common.collect.RangeSet                                              : loaded 2 times (x 68B)
Class com.google.common.cache.CacheLoader$UnsupportedLoadingOperationException        : loaded 2 times (x 80B)
Class kotlin.jvm.internal.Intrinsics                                                  : loaded 2 times (x 69B)
Class kotlin.jvm.internal.CallableReference                                           : loaded 2 times (x 104B)
Class com.amazon.ion.impl.bin._Private_IonManagedBinaryWriterBuilder                  : loaded 2 times (x 70B)
Class com.google.common.util.concurrent.ListenableFuture                              : loaded 2 times (x 68B)
Class com.google.common.collect.MapMaker$Dummy                                        : loaded 2 times (x 77B)
Class com.amazon.ion.impl.lite._Private_LiteDomTrampoline                             : loaded 2 times (x 69B)
Class com.amazon.ion.impl.lite.IonValueLite                                           : loaded 2 times (x 143B)
Class com.amazon.ion.IonValue                                                         : loaded 2 times (x 68B)
Class com.amazon.ion.impl.bin.PooledBlockAllocatorProvider$PooledBlockAllocator$1     : loaded 2 times (x 77B)
Class com.amazon.ion.system.IonReaderBuilder$Mutable                                  : loaded 2 times (x 83B)
Class org.gradle.tooling.internal.gradle.GradleBuildIdentity                          : loaded 2 times (x 68B)
Class kotlin.jvm.internal.ArrayIterator                                               : loaded 2 times (x 77B)
Class kotlin.text.StringsKt___StringsJvmKt                                            : loaded 2 times (x 69B)
Class org.gradle.tooling.internal.adapter.ProtocolToModelAdapter$ReflectionMethodInvoker: loaded 2 times (x 74B)
Class [Lcom.android.builder.model.v2.ide.BytecodeTransformation;                      : loaded 2 times (x 67B)
Class org.jetbrains.plugins.gradle.model.GradleConfiguration                          : loaded 2 times (x 68B)
Class com.google.common.io.Files$FileByteSource                                       : loaded 2 times (x 83B)
Class kotlin.ranges.IntProgression                                                    : loaded 2 times (x 79B)
Class kotlin.text.MatchNamedGroupCollection                                           : loaded 2 times (x 68B)
Class org.gradle.internal.exceptions.DefaultMultiCauseException                       : loaded 2 times (x 89B)
Class kotlin.ranges.OpenEndRange                                                      : loaded 2 times (x 68B)
Class com.google.common.util.concurrent.AbstractFuture$UnsafeAtomicHelper             : loaded 2 times (x 76B)
Class com.amazon.ion.impl.bin._Private_IonManagedWriter                               : loaded 2 times (x 68B)
Class com.google.common.base.Equivalence$Equals                                       : loaded 2 times (x 80B)
Class com.android.builder.model.v2.dsl.BaseConfig                                     : loaded 2 times (x 68B)
Class com.google.common.util.concurrent.AbstractFuture$Failure                        : loaded 2 times (x 70B)
Class org.objectweb.asm.Type                                                          : loaded 2 times (x 70B)
Class com.amazon.ion.impl.bin.PooledBlockAllocatorProvider                            : loaded 2 times (x 71B)
Class kotlin.coroutines.CoroutineContext                                              : loaded 2 times (x 68B)
Class com.amazon.ion.SymbolToken                                                      : loaded 2 times (x 68B)
Class com.amazon.ion.impl.lite.IonSequenceLite                                        : loaded 2 times (x 393B)
Class com.amazon.ion.IonList                                                          : loaded 2 times (x 68B)
Class com.google.common.cache.LocalCache$AbstractReferenceEntry                       : loaded 2 times (x 105B)
Class com.google.common.collect.MapMakerInternalMap$StrongKeyDummyValueEntry$Helper   : loaded 2 times (x 77B)
Class com.android.builder.model.v2.ide.JavaArtifact                                   : loaded 2 times (x 68B)
Class com.android.builder.model.v2.dsl.SigningConfig                                  : loaded 2 times (x 68B)
Class org.gradle.tooling.GradleConnectionException                                    : loaded 2 times (x 80B)
Class org.jetbrains.plugins.gradle.model.FilePatternSet                               : loaded 2 times (x 68B)
Class com.amazon.ion.impl._Private_IonWriter                                          : loaded 2 times (x 68B)
Class kotlin.collections.ArrayDeque                                                   : loaded 2 times (x 167B)
Class com.google.common.cache.ReferenceEntry                                          : loaded 2 times (x 68B)
Class org.gradle.tooling.internal.adapter.ObjectGraphAdapter                          : loaded 2 times (x 68B)
Class org.gradle.internal.installation.GradleInstallation$1                           : loaded 2 times (x 73B)
Class org.gradle.api.internal.DefaultClassPathProvider                                : loaded 2 times (x 74B)
Class com.google.common.primitives.IntsMethodsForWeb                                  : loaded 2 times (x 69B)
Class kotlin.sequences.SequencesKt                                                    : loaded 2 times (x 69B)
Class com.google.common.collect.RangeGwtSerializationDependencies                     : loaded 2 times (x 69B)
Class com.amazon.ion.impl.lite.IonLoaderLite                                          : loaded 2 times (x 80B)
Class kotlin.collections.EmptyIterator                                                : loaded 2 times (x 87B)
Class com.google.common.collect.Maps                                                  : loaded 2 times (x 69B)
Class com.amazon.ion.impl._Private_ByteTransferSink                                   : loaded 2 times (x 68B)
Class org.jetbrains.kotlin.idea.gradleTooling.KotlinMPPGradleModel                    : loaded 2 times (x 68B)
Class [Lcom.amazon.ion.SymbolTable;                                                   : loaded 2 times (x 67B)
Class com.amazon.ion.impl._Private_IonValue                                           : loaded 2 times (x 68B)
Class com.android.ide.gradle.model.LegacyV1AgpVersionModel                            : loaded 2 times (x 68B)
Class com.google.common.cache.LocalCache$Segment                                      : loaded 2 times (x 152B)
Class kotlin.jvm.internal.FunctionReferenceImpl                                       : loaded 2 times (x 120B)
Class com.google.common.collect.ImmutableMultimap$Builder                             : loaded 2 times (x 81B)
Class kotlin.comparisons.ComparisonsKt___ComparisonsJvmKt                             : loaded 2 times (x 69B)
Class com.android.builder.model.v2.ide.VectorDrawablesOptions                         : loaded 2 times (x 68B)
Class com.android.builder.model.v2.ide.JavaCompileOptions                             : loaded 2 times (x 68B)
Class com.google.common.collect.MapMakerInternalMap$Strength                          : loaded 2 times (x 78B)
Class com.android.builder.model.v2.ide.TestInfo$Execution                             : loaded 2 times (x 77B)
Class org.gradle.api.internal.classpath.EffectiveClassPath                            : loaded 2 times (x 88B)
Class [Lcom.google.common.cache.Weigher;                                              : loaded 2 times (x 67B)
Class com.amazon.ion.impl.bin.IonRawBinaryWriter$StreamFlushMode                      : loaded 2 times (x 77B)
Class com.amazon.ion.impl._Private_ValueFactory                                       : loaded 2 times (x 68B)
Class com.google.common.io.Files                                                      : loaded 2 times (x 69B)
Class kotlin.jvm.internal.DefaultConstructorMarker                                    : loaded 2 times (x 69B)
Class com.amazon.ion.impl.lite.IonBoolLite                                            : loaded 2 times (x 149B)
Class com.google.common.cache.CacheLoader$FunctionToCacheLoader                       : loaded 2 times (x 73B)
Class kotlin.text.MatchGroupCollection                                                : loaded 2 times (x 68B)
Class com.google.common.cache.CacheBuilder$1                                          : loaded 2 times (x 83B)
Class com.google.common.cache.CacheBuilder$2                                          : loaded 2 times (x 70B)
Class [Lcom.android.builder.model.v2.ide.ProjectType;                                 : loaded 2 times (x 67B)
Class com.amazon.ion.IonReader                                                        : loaded 2 times (x 68B)
Class com.amazon.ion.IonSexp                                                          : loaded 2 times (x 68B)
Class com.amazon.ion.impl.lite.IonSystemLite                                          : loaded 2 times (x 273B)
Class com.android.builder.model.v2.models.Versions                                    : loaded 2 times (x 68B)
Class [Lcom.android.builder.model.v2.ide.TestInfo$Execution;                          : loaded 2 times (x 67B)
Class [Lcom.google.common.cache.RemovalListener;                                      : loaded 2 times (x 67B)
Class kotlin.jvm.internal.markers.KMutableList                                        : loaded 2 times (x 68B)
Class org.gradle.tooling.model.idea.IdeaDependency                                    : loaded 2 times (x 68B)
Class com.google.common.collect.Interners                                             : loaded 2 times (x 69B)
Class org.jetbrains.kotlin.idea.gradleTooling.model.annotation.AnnotationBasedPluginModel: loaded 2 times (x 68B)
Class com.amazon.ion.impl.bin.IonManagedBinaryWriter$SymbolResolverBuilder            : loaded 2 times (x 68B)
Class org.jetbrains.kotlin.idea.gradleTooling.model.assignment.AssignmentModel        : loaded 2 times (x 68B)
Class com.android.builder.model.v2.models.VariantDependencies                         : loaded 2 times (x 68B)
Class kotlin.sequences.SequencesKt___SequencesKt$filterNotNull$1                      : loaded 2 times (x 76B)
Class com.google.common.collect.MapMakerInternalMap$Strength$1                        : loaded 2 times (x 78B)
Class org.jetbrains.plugins.gradle.tooling.serialization.ExternalProjectSerializationService: loaded 2 times (x 75B)
Class org.gradle.internal.installation.CurrentGradleInstallation                      : loaded 2 times (x 71B)
Class com.google.common.collect.MapMakerInternalMap$Strength$2                        : loaded 2 times (x 78B)
Class org.gradle.internal.installation.CurrentGradleInstallationLocator               : loaded 2 times (x 69B)
Class [Lcom.google.common.cache.LocalCache$Segment;                                   : loaded 2 times (x 67B)
Class com.amazon.ion.impl.LocalSymbolTableAsStruct                                    : loaded 2 times (x 117B)
Class com.amazon.ion.impl.lite.IonClobLite                                            : loaded 2 times (x 160B)
Class kotlin.collections.CollectionsKt__IteratorsJVMKt                                : loaded 2 times (x 69B)
Class org.gradle.api.internal.classpath.Module                                        : loaded 2 times (x 68B)
Class com.google.common.collect.ImmutableSortedSet                                    : loaded 2 times (x 233B)
Class [Lcom.amazon.ion.impl.bin.IonRawBinaryWriter$PreallocationMode;                 : loaded 2 times (x 67B)
Class com.amazon.ion.impl.bin.AbstractSymbolTable                                     : loaded 2 times (x 105B)
Class kotlin.sequences.FilteringSequence                                              : loaded 2 times (x 73B)
Class org.jetbrains.kotlin.tooling.core.Extras                                        : loaded 2 times (x 68B)
Class org.jetbrains.plugins.gradle.tooling.serialization.ProjectDependenciesSerializationService$ReadContext: loaded 2 times (x 70B)
Class org.jetbrains.plugins.gradle.tooling.serialization.internal.IdeaProjectSerializationService$WriteContext: loaded 2 times (x 70B)
Class kotlin.sequences.DistinctSequence                                               : loaded 2 times (x 73B)
Class com.google.common.collect.MapMakerInternalMap$Segment                           : loaded 2 times (x 140B)
Class org.gradle.tooling.internal.adapter.ViewBuilder                                 : loaded 2 times (x 68B)
Class com.amazon.ion.impl.lite.IonNullLite                                            : loaded 2 times (x 146B)
Class org.gradle.tooling.internal.adapter.ProtocolToModelAdapter                      : loaded 2 times (x 78B)
Class kotlin.sequences.SequencesKt__SequencesKt                                       : loaded 2 times (x 69B)
Class kotlin.sequences.SequencesKt__SequencesJVMKt                                    : loaded 2 times (x 69B)
Class com.google.common.collect.ImmutableSet$JdkBackedSetBuilderImpl                  : loaded 2 times (x 74B)
Class [Lcom.amazon.ion.IonType;                                                       : loaded 2 times (x 67B)
Class org.gradle.tooling.internal.adapter.WeakIdentityHashMap$WeakKey                 : loaded 2 times (x 77B)
Class com.google.common.collect.Maps$IteratorBasedAbstractMap                         : loaded 2 times (x 123B)
Class com.amazon.ion.UnknownSymbolException                                           : loaded 2 times (x 84B)
Class [Lorg.objectweb.asm.AnnotationWriter;                                           : loaded 2 times (x 67B)
Class org.gradle.internal.service.CachingServiceLocator                               : loaded 2 times (x 80B)
Class com.google.common.collect.Streams                                               : loaded 2 times (x 69B)
Class com.amazon.ion.IonSystem                                                        : loaded 2 times (x 68B)
Class kotlin.NoWhenBranchMatchedException                                             : loaded 2 times (x 80B)
Class org.gradle.internal.time.Timer                                                  : loaded 2 times (x 68B)
Class com.android.builder.model.v2.ide.ArtifactDependenciesAdjacencyList              : loaded 2 times (x 68B)
Class org.gradle.internal.impldep.gnu.trove.THash                                     : loaded 2 times (x 79B)
Class com.amazon.ion.impl.bin.IonRawBinaryWriter$RecyclingStack$ElementFactory        : loaded 2 times (x 68B)
Class org.jetbrains.plugins.gradle.model.tests.ExternalTestsModel                     : loaded 2 times (x 68B)
Class org.jetbrains.kotlin.idea.gradleTooling.KotlinDslScriptAdditionalTask           : loaded 2 times (x 68B)
Class kotlin.text.StringsKt__StringBuilderKt                                          : loaded 2 times (x 69B)
Class org.jetbrains.plugins.gradle.tooling.util.ObjectCollector                       : loaded 2 times (x 70B)
Class kotlin.sequences.FilteringSequence$iterator$1                                   : loaded 2 times (x 77B)
Class com.google.common.collect.Sets$ImprovedAbstractSet                              : loaded 2 times (x 133B)
Class org.gradle.internal.classpath.DefaultClassPath                                  : loaded 2 times (x 88B)
Class com.google.common.collect.MapMakerInternalMap$1                                 : loaded 2 times (x 81B)
Class kotlin.sequences.FlatteningSequence                                             : loaded 2 times (x 73B)
Class kotlin.Result                                                                   : loaded 2 times (x 70B)
Class org.gradle.internal.impldep.gnu.trove.TObjectHash$NULL                          : loaded 2 times (x 69B)
Class com.google.common.util.concurrent.AbstractFuture$SetFuture                      : loaded 2 times (x 73B)
Class kotlin.collections.CollectionsKt__CollectionsJVMKt                              : loaded 2 times (x 69B)
Class org.jetbrains.plugins.gradle.tooling.serialization.GradleExtensionsSerializationService$ReadContext: loaded 2 times (x 70B)
Class kotlin.sequences.SequencesKt___SequencesKt                                      : loaded 2 times (x 69B)
Class org.jetbrains.plugins.gradle.tooling.serialization.internal.IdeaProjectSerializationService: loaded 2 times (x 75B)
Class com.google.common.collect.CollectCollectors                                     : loaded 2 times (x 69B)
Class org.gradle.internal.impldep.gnu.trove.TObjectIntHashMap                         : loaded 2 times (x 107B)
Class org.gradle.tooling.model.idea.IdeaProject                                       : loaded 2 times (x 68B)
Class kotlin.jvm.internal.Ref$BooleanRef                                              : loaded 2 times (x 69B)
Class com.android.builder.model.v2.ide.ProjectInfo                                    : loaded 2 times (x 68B)
Class org.gradle.tooling.model.Element                                                : loaded 2 times (x 68B)
Class com.android.builder.model.v2.ide.PrivacySandboxSdkInfo                          : loaded 2 times (x 68B)
Class kotlin.sequences.FlatteningSequence$iterator$1                                  : loaded 2 times (x 77B)
Class [Lcom.amazon.ion.impl.bin.IonManagedBinaryWriter$SymbolState;                   : loaded 2 times (x 67B)
Class kotlin.collections.SetsKt__SetsJVMKt                                            : loaded 2 times (x 69B)
Class com.google.common.collect.TransformedIterator                                   : loaded 2 times (x 78B)
Class com.amazon.ion.IonLob                                                           : loaded 2 times (x 68B)
Class kotlin.collections.MapsKt___MapsJvmKt                                           : loaded 2 times (x 69B)
Class com.google.common.collect.RegularImmutableSortedSet                             : loaded 2 times (x 233B)
Class com.amazon.ion.impl.lite.IonContainerLite                                       : loaded 2 times (x 244B)
Class kotlin.sequences.SequenceBuilderIterator                                        : loaded 2 times (x 83B)
Class com.google.common.collect.ImmutableMultisetGwtSerializationDependencies         : loaded 2 times (x 123B)
Class [Lcom.amazon.ion.impl.bin.IonRawBinaryWriter$StreamFlushMode;                   : loaded 2 times (x 67B)
Class com.intellij.openapi.externalSystem.model.project.dependencies.ProjectDependencies: loaded 2 times (x 68B)
Class com.google.common.collect.ImmutableListMultimap                                 : loaded 2 times (x 174B)
Class com.google.common.cache.LocalCache$LocalManualCache$1                           : loaded 2 times (x 73B)
Class [Lorg.gradle.api.JavaVersion;                                                   : loaded 2 times (x 67B)
Class kotlin.ranges.IntProgressionIterator                                            : loaded 2 times (x 80B)
Class org.jetbrains.kotlin.idea.gradleTooling.PrepareKotlinIdeImportTaskModel         : loaded 2 times (x 68B)
Class com.amazon.ion.impl.bin.IonRawBinaryWriter$PreallocationMode                    : loaded 2 times (x 79B)
Class com.google.common.collect.Lists$RandomAccessReverseList                         : loaded 2 times (x 160B)
Class kotlin.jvm.functions.Function0                                                  : loaded 2 times (x 68B)
Class org.gradle.tooling.internal.adapter.TargetTypeProvider                          : loaded 2 times (x 68B)
Class com.amazon.ion.impl.bin.IonManagedBinaryWriter$ImportedSymbolContext            : loaded 2 times (x 70B)
Class org.gradle.internal.impldep.com.google.common.base.Preconditions                : loaded 2 times (x 69B)
Class kotlin.jvm.functions.Function1                                                  : loaded 2 times (x 68B)
Class org.jetbrains.kotlin.idea.gradleTooling.AndroidAwareGradleModelProvider         : loaded 2 times (x 74B)
Class kotlin.jvm.functions.Function2                                                  : loaded 2 times (x 68B)
Class [Lcom.google.common.collect.AbstractIterator$State;                             : loaded 2 times (x 67B)
Class org.objectweb.asm.SymbolTable$Entry                                             : loaded 2 times (x 72B)
Class [Lcom.google.common.cache.LocalCache$EntryFactory;                              : loaded 2 times (x 67B)
Class kotlin.jvm.functions.Function4                                                  : loaded 2 times (x 68B)
Class com.amazon.ion.IonText                                                          : loaded 2 times (x 68B)
Class com.android.builder.model.v2.ide.Variant                                        : loaded 2 times (x 68B)
Class org.jetbrains.plugins.gradle.model.ExternalLibraryDependency                    : loaded 2 times (x 68B)
Class com.google.common.base.Platform                                                 : loaded 2 times (x 69B)
Class kotlin.jvm.internal.CallableReference$NoReceiver                                : loaded 2 times (x 69B)
Class com.google.common.base.Suppliers$NonSerializableMemoizingSupplier               : loaded 2 times (x 77B)
Class org.objectweb.asm.FieldWriter                                                   : loaded 2 times (x 76B)
Class org.gradle.internal.time.Time                                                   : loaded 2 times (x 69B)
Class com.android.builder.model.v2.ide.SourceProvider                                 : loaded 2 times (x 68B)
Class com.google.common.collect.MapMakerInternalMap$InternalEntryHelper               : loaded 2 times (x 68B)
Class org.gradle.internal.time.TimeSource$1                                           : loaded 2 times (x 75B)
Class [Lkotlin.coroutines.intrinsics.CoroutineSingletons;                             : loaded 2 times (x 67B)
Class com.amazon.ion.IonSequence                                                      : loaded 2 times (x 68B)
Class kotlin.ranges.ClosedRange                                                       : loaded 2 times (x 68B)
Class org.jetbrains.plugins.gradle.tooling.serialization.RepositoriesModelSerializationService$WriteContext: loaded 2 times (x 70B)
Class kotlin.KotlinNullPointerException                                               : loaded 2 times (x 81B)
Class org.jetbrains.plugins.gradle.model.IntelliJSettings                             : loaded 2 times (x 68B)
Class com.google.common.cache.CacheLoader                                             : loaded 2 times (x 72B)
Class com.amazon.ion.impl.lite.IonStructLite                                          : loaded 2 times (x 294B)
Class kotlin.io.NoSuchFileException                                                   : loaded 2 times (x 80B)
Class org.objectweb.asm.MethodTooLargeException                                       : loaded 2 times (x 81B)
Class kotlin.reflect.KAnnotatedElement                                                : loaded 2 times (x 68B)
Class kotlin.text.CharsKt                                                             : loaded 2 times (x 69B)
Class com.android.ide.gradle.model.composites.BuildMap                                : loaded 2 times (x 68B)
Class kotlin.ranges.RangesKt___RangesKt                                               : loaded 2 times (x 69B)
Class com.android.ide.gradle.model.LegacyAndroidGradlePluginProperties                : loaded 2 times (x 68B)
Class kotlin.collections.CollectionsKt___CollectionsKt                                : loaded 2 times (x 69B)
Class com.google.common.cache.Cache                                                   : loaded 2 times (x 68B)
Class kotlin.sequences.SequencesKt__SequenceBuilderKt$sequence$$inlined$Sequence$1    : loaded 2 times (x 73B)
Class com.google.common.collect.Maps$EntrySet                                         : loaded 2 times (x 134B)
Class org.gradle.tooling.internal.adapter.ProtocolToModelAdapter$MixInMappingAction   : loaded 2 times (x 78B)
Class org.gradle.internal.classloader.SystemClassLoaderSpec                           : loaded 2 times (x 69B)
Class com.google.common.util.concurrent.internal.InternalFutureFailureAccess          : loaded 2 times (x 70B)
Class com.amazon.ion.impl.bin.AbstractIonWriter                                       : loaded 2 times (x 159B)
Class org.jetbrains.plugins.gradle.tooling.serialization.AnnotationProcessingModelSerializationService$ReadContext: loaded 2 times (x 70B)
Class com.android.builder.model.v2.ide.Library                                        : loaded 2 times (x 68B)
Class com.google.common.base.Charsets                                                 : loaded 2 times (x 69B)
Class com.google.common.primitives.Ints$IntConverter                                  : loaded 2 times (x 88B)
Class com.amazon.ion.impl.bin.IonBinaryWriterAdapter$Factory                          : loaded 2 times (x 68B)
Class org.gradle.tooling.internal.adapter.ProtocolToModelAdapter$1                    : loaded 2 times (x 73B)
Class com.google.common.collect.Interners$InternerBuilder                             : loaded 2 times (x 74B)
Class com.google.common.cache.LocalCache$StrongEntry                                  : loaded 2 times (x 106B)
Class com.amazon.ion.system.IonWriterBuilderBase                                      : loaded 2 times (x 81B)
Class org.jetbrains.plugins.gradle.tooling.serialization.RepositoriesModelSerializationService: loaded 2 times (x 80B)
Class org.jetbrains.plugins.gradle.tooling.serialization.ProjectDependenciesSerializationService: loaded 2 times (x 75B)
Class org.gradle.tooling.internal.adapter.WeakIdentityHashMap$AbsentValueProvider     : loaded 2 times (x 68B)
Class com.android.builder.model.v2.ide.BytecodeTransformation                         : loaded 2 times (x 77B)
Class kotlin.text.StringsKt__AppendableKt                                             : loaded 2 times (x 69B)
Class org.gradle.tooling.model.Dependency                                             : loaded 2 times (x 68B)
Class com.android.builder.model.v2.models.ndk.NativeModule                            : loaded 2 times (x 68B)
Class com.google.common.collect.ImmutableMap$SerializedForm                           : loaded 2 times (x 71B)
Class kotlin.io.FileAlreadyExistsException                                            : loaded 2 times (x 80B)
Class com.amazon.ion.impl.bin.IonRawBinaryWriter$1                                    : loaded 2 times (x 75B)
Class org.jetbrains.plugins.gradle.tooling.serialization.AnnotationProcessingModelSerializationService: loaded 2 times (x 75B)
Class com.amazon.ion.impl.IonWriterSystemTextMarkup                                   : loaded 2 times (x 190B)
Class org.objectweb.asm.ClassWriter                                                   : loaded 2 times (x 104B)
Class com.amazon.ion.IonFloat                                                         : loaded 2 times (x 68B)
Class com.android.builder.model.v2.ide.ComponentInfo                                  : loaded 2 times (x 68B)
Class com.amazon.ion.impl.bin.IonManagedBinaryWriter$ImportedSymbolResolverMode$1     : loaded 2 times (x 78B)
Class com.amazon.ion.impl.bin.IonManagedBinaryWriter$ImportedSymbolResolverMode$2     : loaded 2 times (x 78B)
Class com.amazon.ion.facet.Faceted                                                    : loaded 2 times (x 68B)
Class com.amazon.ion.impl.bin.IonRawBinaryWriter$ContainerType                        : loaded 2 times (x 77B)
Class com.google.common.collect.Range                                                 : loaded 2 times (x 85B)
Class org.jetbrains.plugins.gradle.model.ExternalProject                              : loaded 2 times (x 68B)
Class kotlin.collections.SetsKt                                                       : loaded 2 times (x 69B)
Class kotlin.jvm.internal.FunctionBase                                                : loaded 2 times (x 68B)
Class com.amazon.ion.impl.BlockedBuffer$BufferedOutputStream                          : loaded 2 times (x 88B)
Class com.android.builder.model.v2.models.AndroidDsl                                  : loaded 2 times (x 68B)
Class kotlin.text.MatcherMatchResult                                                  : loaded 2 times (x 78B)
Class [Lcom.google.common.cache.CacheBuilder$OneWeigher;                              : loaded 2 times (x 67B)
Class com.amazon.ion.impl.bin.IonManagedBinaryWriter$SymbolResolver                   : loaded 2 times (x 68B)
Class kotlin.Function                                                                 : loaded 2 times (x 68B)
Class org.gradle.tooling.internal.adapter.ProtocolToModelAdapter$SafeMethodInvoker    : loaded 2 times (x 74B)
Class com.amazon.ion.impl._Private_ReaderWriter                                       : loaded 2 times (x 68B)
Class org.jetbrains.plugins.gradle.tooling.serialization.BuildScriptClasspathModelSerializationService$ReadContext: loaded 2 times (x 70B)
Class org.jetbrains.kotlin.idea.gradleTooling.model.kapt.KaptGradleModel              : loaded 2 times (x 68B)
Class com.android.builder.model.v2.ide.ViewBindingOptions                             : loaded 2 times (x 68B)
Class com.android.builder.model.v2.ide.AaptOptions                                    : loaded 2 times (x 68B)
Class com.google.common.cache.LocalCache$ComputingValueReference                      : loaded 2 times (x 94B)
Class com.google.common.io.ByteArrayDataOutput                                        : loaded 2 times (x 68B)
Class org.jetbrains.plugins.gradle.tooling.util.ObjectCollector$Processor             : loaded 2 times (x 68B)
Class com.amazon.ion.IonNull                                                          : loaded 2 times (x 68B)
Class kotlin.text.MatchResult                                                         : loaded 2 times (x 68B)
Class org.jetbrains.kotlin.idea.gradleTooling.model.samWithReceiver.SamWithReceiverModel: loaded 2 times (x 68B)
Class com.amazon.ion.impl.lite.IonTextLite                                            : loaded 2 times (x 152B)
Class kotlin.coroutines.jvm.internal.RestrictedContinuationImpl                       : loaded 2 times (x 85B)
Class [Lcom.google.common.io.FileWriteMode;                                           : loaded 2 times (x 67B)
Class com.google.common.io.Files$FileByteSink                                         : loaded 2 times (x 75B)
Class kotlin.io.FilesKt__FileReadWriteKt                                              : loaded 2 times (x 69B)
Class kotlin.ranges.RangesKt                                                          : loaded 2 times (x 69B)
Class com.android.ide.gradle.model.GradlePropertiesModel                              : loaded 2 times (x 68B)
Class kotlin.sequences.DistinctIterator                                               : loaded 2 times (x 81B)
Class org.gradle.tooling.model.gradle.GradleScript                                    : loaded 2 times (x 68B)
Class [Lcom.android.builder.model.v2.ide.AndroidGradlePluginProjectFlags$BooleanFlag; : loaded 2 times (x 67B)
Class com.amazon.ion.SubstituteSymbolTableException                                   : loaded 2 times (x 82B)
Class org.jetbrains.plugins.gradle.tooling.serialization.KotlinDslScriptsModelSerializationService: loaded 2 times (x 79B)
Class com.android.ide.gradle.model.artifacts.AdditionalClassifierArtifactsModel       : loaded 2 times (x 68B)
Class org.gradle.tooling.internal.adapter.ProtocolToModelAdapter$ViewKey              : loaded 2 times (x 70B)
Class com.google.common.collect.IndexedImmutableSet$1                                 : loaded 2 times (x 172B)
Class com.google.common.collect.AbstractListMultimap                                  : loaded 2 times (x 170B)
Class kotlin.coroutines.intrinsics.IntrinsicsKt__IntrinsicsKt                         : loaded 2 times (x 69B)
Class com.amazon.ion.system.IonSystemBuilder$Mutable                                  : loaded 2 times (x 73B)
Class com.amazon.ion.impl._Private_SymtabExtendsCache                                 : loaded 2 times (x 70B)
Class com.android.builder.model.v2.ide.AbstractArtifact                               : loaded 2 times (x 68B)
Class com.google.common.cache.LocalCache$Strength                                     : loaded 2 times (x 79B)
Class com.google.common.collect.AbstractMapBasedMultimap$KeySet                       : loaded 2 times (x 135B)
Class com.google.common.collect.SortedIterable                                        : loaded 2 times (x 68B)
Class com.google.common.collect.ArrayListMultimapGwtSerializationDependencies         : loaded 2 times (x 170B)
Class kotlin.Unit                                                                     : loaded 2 times (x 69B)
Class com.google.common.cache.CacheBuilder$OneWeigher                                 : loaded 2 times (x 80B)
Class com.amazon.ion.impl.lite.IonStringLite                                          : loaded 2 times (x 157B)
Class kotlin.io.FilePathComponents                                                    : loaded 2 times (x 70B)
Class com.google.common.collect.AbstractMapBasedMultimap$RandomAccessWrappedList      : loaded 2 times (x 165B)
Class org.objectweb.asm.Handler                                                       : loaded 2 times (x 70B)
Class org.gradle.api.internal.classpath.GlobalCacheRootsProvider                      : loaded 2 times (x 68B)
Class org.gradle.internal.impldep.gnu.trove.TObjectIntProcedure                       : loaded 2 times (x 68B)
Class com.android.builder.model.v2.ide.LibraryInfo                                    : loaded 2 times (x 68B)
Class kotlin.collections.CollectionsKt                                                : loaded 2 times (x 69B)
Class org.gradle.tooling.internal.gradle.GradleProjectIdentity                        : loaded 2 times (x 68B)
Class kotlin.collections.ArraysKt___ArraysJvmKt                                       : loaded 2 times (x 69B)
Class kotlin.text.StringsKt__RegexExtensionsJVMKt                                     : loaded 2 times (x 69B)
Class kotlin.collections.CollectionsKt___CollectionsJvmKt                             : loaded 2 times (x 69B)
Class com.amazon.ion.impl.bin.IonRawBinaryWriter$StreamCloseMode                      : loaded 2 times (x 77B)
Class sync_studio_tooling5_6u138ucwu46u6venju8a7nzby                                  : loaded 2 times (x 177B)
Class com.google.common.cache.LocalCache$ValueReference                               : loaded 2 times (x 68B)
Class org.gradle.tooling.internal.adapter.MethodInvocation                            : loaded 2 times (x 83B)
Class org.gradle.internal.time.CountdownTimer                                         : loaded 2 times (x 68B)
Class org.gradle.internal.time.Clock                                                  : loaded 2 times (x 68B)
Class com.amazon.ion.impl.bin.IonRawBinaryWriter$PatchPoint                           : loaded 2 times (x 69B)
Class org.gradle.internal.classloader.ClasspathUtil                                   : loaded 2 times (x 69B)
Class kotlin.ranges.RangesKt__RangesKt                                                : loaded 2 times (x 69B)
Class org.objectweb.asm.CurrentFrame                                                  : loaded 2 times (x 71B)
Class com.amazon.ion.IonInt                                                           : loaded 2 times (x 68B)
Class com.google.common.util.concurrent.AbstractFuture                                : loaded 2 times (x 93B)
Class kotlin.NotImplementedError                                                      : loaded 2 times (x 80B)
Class org.jetbrains.kotlin.tooling.core.HasMutableExtras                              : loaded 2 times (x 68B)
Class com.amazon.ion.impl._Private_IonSymbol                                          : loaded 2 times (x 68B)
Class com.amazon.ion.impl._Private_IonBinaryWriterBuilder$Mutable                     : loaded 2 times (x 107B)
Class org.gradle.tooling.model.BuildIdentifier                                        : loaded 2 times (x 68B)
Class org.gradle.tooling.model.kotlin.dsl.KotlinDslScriptsModel                       : loaded 2 times (x 68B)
Class kotlin.collections.CollectionsKt__IteratorsKt                                   : loaded 2 times (x 69B)
Class com.google.common.collect.TransformedListIterator                               : loaded 2 times (x 91B)
Class com.google.common.base.Ticker$1                                                 : loaded 2 times (x 70B)
Class com.google.common.collect.Maps$BiMapConverter                                   : loaded 2 times (x 88B)
Class org.gradle.api.internal.DefaultClassPathRegistry                                : loaded 2 times (x 74B)
Class com.google.common.base.Splitter$5                                               : loaded 2 times (x 78B)
Class com.google.common.collect.AbstractIterator$State                                : loaded 2 times (x 77B)
Class [Lorg.objectweb.asm.Symbol;                                                     : loaded 2 times (x 67B)
Class com.google.common.util.concurrent.AbstractFuture$Cancellation                   : loaded 2 times (x 70B)
Class com.amazon.ion.impl.bin.AbstractIonWriter$WriteValueOptimization                : loaded 2 times (x 77B)
Class com.amazon.ion.impl.bin._Private_IonRawWriter                                   : loaded 2 times (x 68B)
Class com.google.common.collect.Interner                                              : loaded 2 times (x 68B)
Class kotlin.io.FilesKt__FilePathComponentsKt                                         : loaded 2 times (x 69B)
Class com.amazon.ion.impl.bin.IonManagedBinaryWriter$UserState                        : loaded 2 times (x 83B)
Class org.gradle.api.internal.classpath.DefaultModuleRegistry$DefaultModule           : loaded 2 times (x 84B)
Class com.amazon.ion.ReadOnlyValueException                                           : loaded 2 times (x 82B)
Class com.intellij.openapi.externalSystem.model.ExternalSystemException               : loaded 2 times (x 84B)
Class com.android.builder.model.v2.ide.BundleInfo                                     : loaded 2 times (x 68B)
Class org.gradle.tooling.model.build.GradleEnvironment                                : loaded 2 times (x 68B)
Class com.amazon.ion.IonException                                                     : loaded 2 times (x 82B)
Class com.google.common.collect.ListMultimap                                          : loaded 2 times (x 68B)
Class [Lcom.android.builder.model.v2.ide.AaptOptions$Namespacing;                     : loaded 2 times (x 67B)
Class com.amazon.ion.impl.bin.IonManagedBinaryWriter$SymbolState                      : loaded 2 times (x 78B)
Class org.jetbrains.plugins.gradle.tooling.serialization.ExternalTestsSerializationService$WriteContext: loaded 2 times (x 70B)
Class kotlin.text.StringsKt__StringsKt                                                : loaded 2 times (x 69B)
Class org.gradle.internal.time.TimeSource                                             : loaded 2 times (x 68B)
Class kotlin.comparisons.ComparisonsKt___ComparisonsKt                                : loaded 2 times (x 69B)
Class com.google.common.base.Suppliers$SupplierOfInstance                             : loaded 2 times (x 77B)
Class com.android.ide.gradle.model.ArtifactIdentifier                                 : loaded 2 times (x 68B)
Class org.objectweb.asm.RecordComponentVisitor                                        : loaded 2 times (x 75B)
Class kotlin.text.Regex$Companion                                                     : loaded 2 times (x 69B)
Class com.amazon.ion.impl.bin.IonManagedBinaryWriter$SymbolState$1                    : loaded 2 times (x 78B)
Class com.amazon.ion.impl.bin.IonManagedBinaryWriter$SymbolState$2                    : loaded 2 times (x 78B)
Class com.amazon.ion.impl.bin.IonManagedBinaryWriter$SymbolState$3                    : loaded 2 times (x 78B)
Class com.intellij.util.containers.IntObjectHashMap$ArrayProducer                     : loaded 2 times (x 68B)
Class com.google.common.cache.LocalCache$HashIterator                                 : loaded 2 times (x 84B)
Class com.android.builder.model.v2.models.AndroidProject                              : loaded 2 times (x 68B)
Class com.amazon.ion.impl.bin.IonManagedBinaryWriter$SymbolState$4                    : loaded 2 times (x 78B)
Class ijInit1_d02w2zlaso43pqcd7cgnqqjcx                                               : loaded 2 times (x 177B)
Class org.jetbrains.kotlin.android.synthetic.idea.AndroidExtensionsGradleModel        : loaded 2 times (x 68B)
Class sync_studio_tooling5_6u138ucwu46u6venju8a7nzby$_run_closure1                    : loaded 2 times (x 137B)
Class [Lcom.intellij.openapi.externalSystem.model.project.dependencies.ResolutionState;: loaded 2 times (x 67B)
Class [Lcom.google.common.collect.MapMaker$Dummy;                                     : loaded 2 times (x 67B)
Class com.google.common.cache.LocalCache$WriteThroughEntry                            : loaded 2 times (x 77B)
Class org.objectweb.asm.ClassTooLargeException                                        : loaded 2 times (x 81B)
Class com.intellij.openapi.externalSystem.model.project.dependencies.ResolutionState  : loaded 2 times (x 77B)
Class org.gradle.api.internal.classpath.UnknownModuleException                        : loaded 2 times (x 80B)
Class com.amazon.ion.system.SimpleCatalog                                             : loaded 2 times (x 89B)
Class kotlin.coroutines.intrinsics.IntrinsicsKt__IntrinsicsJvmKt                      : loaded 2 times (x 69B)
Class com.google.common.collect.FluentIterable                                        : loaded 2 times (x 79B)
Class com.google.common.util.concurrent.AbstractFuture$Listener                       : loaded 2 times (x 70B)
Class kotlin.collections.MapsKt__MapsJVMKt                                            : loaded 2 times (x 69B)
Class com.amazon.ion.IonNumber                                                        : loaded 2 times (x 68B)
Class com.google.common.collect.MapMakerInternalMap$StrongKeyDummyValueEntry$LinkedStrongKeyDummyValueEntry: loaded 2 times (x 80B)
Class com.google.common.collect.Iterables$4                                           : loaded 2 times (x 79B)
Class org.objectweb.asm.Edge                                                          : loaded 2 times (x 70B)
Class com.android.ide.gradle.model.GradlePluginModel                                  : loaded 2 times (x 68B)
Class com.google.common.collect.Maps$EntryTransformer                                 : loaded 2 times (x 68B)
Class com.google.common.collect.ImmutableEnumSet                                      : loaded 2 times (x 144B)
Class org.jetbrains.plugins.gradle.model.ProjectImportModelProvider                   : loaded 2 times (x 68B)
Class org.jetbrains.plugins.gradle.tooling.serialization.GradleExtensionsSerializationService: loaded 2 times (x 75B)
Class kotlin.jvm.internal.ArrayIteratorKt                                             : loaded 2 times (x 69B)
Class kotlin.collections.ArraysKt___ArraysKt                                          : loaded 2 times (x 69B)
Class com.google.common.io.ByteArrayDataInput                                         : loaded 2 times (x 68B)
Class com.android.builder.model.v2.ide.AaptOptions$Namespacing                        : loaded 2 times (x 77B)
Class com.amazon.ion.IonContainer                                                     : loaded 2 times (x 68B)
Class com.amazon.ion.impl.lite.ValueFactoryLite                                       : loaded 2 times (x 216B)
Class com.amazon.ion.impl._Private_IonWriterBase                                      : loaded 2 times (x 160B)
Class kotlin.coroutines.Continuation                                                  : loaded 2 times (x 68B)
Class [Lorg.objectweb.asm.SymbolTable$Entry;                                          : loaded 2 times (x 67B)
Class kotlin.text.StringsKt__StringNumberConversionsJVMKt                             : loaded 2 times (x 69B)
Class com.google.common.collect.SingletonImmutableBiMap                               : loaded 2 times (x 141B)
Class kotlin.ranges.IntProgression$Companion                                          : loaded 2 times (x 69B)
Class kotlin.TuplesKt                                                                 : loaded 2 times (x 69B)
Class kotlin.text.CharsKt__CharJVMKt                                                  : loaded 2 times (x 69B)
Class Settings_gradle$1$1                                                             : loaded 2 times (x 72B)
Class com.google.common.base.Suppliers$MemoizingSupplier                              : loaded 2 times (x 77B)
Class com.google.common.base.Suppliers                                                : loaded 2 times (x 69B)
Class com.amazon.ion.impl._Private_IonTextWriterBuilder$Mutable                       : loaded 2 times (x 99B)
Class com.android.builder.model.v2.ide.AndroidLibraryData                             : loaded 2 times (x 68B)
Class org.jetbrains.plugins.gradle.model.IntelliJProjectSettings                      : loaded 2 times (x 68B)
Class [Lcom.google.common.collect.Iterators$EmptyModifiableIterator;                  : loaded 2 times (x 67B)
Class org.objectweb.asm.ClassVisitor                                                  : loaded 2 times (x 86B)
Class com.amazon.ion.system.IonReaderBuilder                                          : loaded 2 times (x 83B)
Class kotlin.text.StringsKt__IndentKt                                                 : loaded 2 times (x 69B)
Class com.google.common.collect.MapMakerInternalMap$StrongKeyDummyValueEntry          : loaded 2 times (x 80B)
Class com.google.common.cache.LoadingCache                                            : loaded 2 times (x 68B)
Class org.gradle.internal.service.ServiceLookupException                              : loaded 2 times (x 80B)
Class com.google.common.collect.MapMakerInternalMap$StrongKeyDummyValueSegment        : loaded 2 times (x 140B)
Class kotlin.collections.MapsKt__MapWithDefaultKt                                     : loaded 2 times (x 69B)
Class org.jetbrains.kotlin.idea.gradleTooling.model.lombok.LombokModel                : loaded 2 times (x 68B)
Class com.android.builder.model.v2.models.ProjectSyncIssues                           : loaded 2 times (x 68B)
Class com.google.common.base.Present                                                  : loaded 2 times (x 79B)
Class kotlin.collections.EmptySet                                                     : loaded 2 times (x 120B)
Class org.gradle.tooling.model.ProjectIdentifier                                      : loaded 2 times (x 68B)
Class com.google.common.collect.FluentIterable$3                                      : loaded 2 times (x 79B)
Class [Lorg.gradle.api.internal.ClassPathProvider;                                    : loaded 2 times (x 67B)
Class com.google.common.util.concurrent.AbstractFuture$SafeAtomicHelper               : loaded 2 times (x 77B)
Class com.google.common.collect.ImmutableMultimap$Values                              : loaded 2 times (x 124B)
Class org.gradle.internal.operations.MultipleBuildOperationFailures                   : loaded 2 times (x 89B)
Class kotlin.collections.MapsKt                                                       : loaded 2 times (x 69B)
Class org.gradle.util.internal.GUtil                                                  : loaded 2 times (x 69B)
Class org.gradle.tooling.model.internal.ImmutableDomainObjectSet                      : loaded 2 times (x 153B)
Class kotlin.jvm.internal.CollectionToArray                                           : loaded 2 times (x 69B)
Class org.gradle.tooling.internal.adapter.MethodInvoker                               : loaded 2 times (x 68B)
Class org.jetbrains.plugins.gradle.model.AnnotationProcessingModel                    : loaded 2 times (x 68B)
Class com.google.common.math.IntMath                                                  : loaded 2 times (x 69B)
Class org.jetbrains.plugins.gradle.model.ExternalTask                                 : loaded 2 times (x 68B)
Class org.gradle.tooling.model.HierarchicalElement                                    : loaded 2 times (x 68B)
Class com.android.builder.model.v2.ide.BasicArtifact                                  : loaded 2 times (x 68B)
Class com.android.builder.model.v2.ide.Edge                                           : loaded 2 times (x 68B)
Class org.gradle.internal.exceptions.NonGradleCauseExceptionsHolder                   : loaded 2 times (x 68B)
Class com.amazon.ion.system.IonTextWriterBuilder                                      : loaded 2 times (x 95B)
Class org.jetbrains.plugins.gradle.tooling.serialization.ExternalProjectSerializationService$ReadContext: loaded 2 times (x 72B)
Class org.gradle.internal.classloader.ClassLoaderSpec                                 : loaded 2 times (x 69B)
Class com.google.common.io.LineProcessor                                              : loaded 2 times (x 68B)
Class com.android.builder.model.v2.models.ndk.NativeModelBuilderParameter             : loaded 2 times (x 68B)
Class com.android.builder.model.v2.CustomSourceDirectory                              : loaded 2 times (x 68B)
Class com.google.common.collect.FluentIterable$2                                      : loaded 2 times (x 79B)
Class com.google.common.io.CharSink                                                   : loaded 2 times (x 77B)
Class org.objectweb.asm.Frame                                                         : loaded 2 times (x 71B)
Class com.google.common.cache.LocalCache$LocalManualCache                             : loaded 2 times (x 97B)
Class com.google.common.collect.FluentIterable$1                                      : loaded 2 times (x 79B)
Class org.gradle.api.internal.classpath.DefaultModuleRegistry                         : loaded 2 times (x 84B)
Class com.google.common.cache.RemovalListener                                         : loaded 2 times (x 68B)
Class com.google.common.cache.CacheLoader$1                                           : loaded 2 times (x 73B)
Class com.amazon.ion.impl.bin.Block                                                   : loaded 2 times (x 77B)
Class org.jetbrains.plugins.gradle.model.GradleExtension                              : loaded 2 times (x 68B)
Class [Lcom.google.common.collect.MapMakerInternalMap$Strength;                       : loaded 2 times (x 67B)
Class com.amazon.ion.impl.bin.IonManagedBinaryWriter                                  : loaded 2 times (x 164B)
Class org.gradle.tooling.internal.adapter.ProtocolToModelAdapter$AdaptingMethodInvoker: loaded 2 times (x 74B)
Class com.amazon.ion.impl.IonWriterSystem                                             : loaded 2 times (x 169B)
Class org.jetbrains.plugins.gradle.tooling.util.IntObjectMap                          : loaded 2 times (x 71B)
Class org.gradle.tooling.model.idea.IdeaModuleDependency                              : loaded 2 times (x 68B)
Class [Lcom.amazon.ion.impl.bin.IonManagedBinaryWriter$ImportedSymbolResolverMode;    : loaded 2 times (x 67B)
Class com.google.common.util.concurrent.AbstractFuture$TrustedFuture                  : loaded 2 times (x 95B)
Class org.jetbrains.plugins.gradle.tooling.serialization.RepositoriesModelSerializationService$ReadContext: loaded 2 times (x 70B)
Class com.amazon.ion.impl.bin.IonRawBinaryWriter                                      : loaded 2 times (x 167B)
Class com.amazon.ion.impl._Private_IonSystem                                          : loaded 2 times (x 68B)
Class org.gradle.internal.classloader.InstrumentingClassLoader                        : loaded 2 times (x 68B)
Class com.google.common.collect.MapMakerInternalMap$InternalEntry                     : loaded 2 times (x 68B)
Class org.jetbrains.plugins.gradle.model.BuildScriptClasspathModel                    : loaded 2 times (x 68B)
Class org.jetbrains.kotlin.idea.projectModel.KotlinTaskProperties                     : loaded 2 times (x 68B)
Class com.google.common.collect.Maps$ViewCachingAbstractMap                           : loaded 2 times (x 123B)
Class com.amazon.ion.impl._Private_IonBinaryWriterBuilder                             : loaded 2 times (x 107B)
Class com.google.common.collect.Sets                                                  : loaded 2 times (x 69B)
Class com.amazon.ion.SymbolTable                                                      : loaded 2 times (x 68B)
Class kotlin.text.Regex                                                               : loaded 2 times (x 70B)
Class kotlin.io.FilesKt__UtilsKt                                                      : loaded 2 times (x 69B)
Class com.google.common.io.FileWriteMode                                              : loaded 2 times (x 77B)
Class com.amazon.ion.impl.bin.IonRawBinaryWriter$RecyclingStack                       : loaded 2 times (x 70B)
Class com.amazon.ion.impl.bin.Symbols$1                                               : loaded 2 times (x 75B)
Class com.google.common.collect.MapMakerInternalMap                                   : loaded 2 times (x 159B)
Class org.gradle.internal.classpath.ClassPath                                         : loaded 2 times (x 68B)
Class com.amazon.ion.impl.bin.Symbols$3                                               : loaded 2 times (x 105B)
Class com.google.common.cache.CacheLoader$SupplierToCacheLoader                       : loaded 2 times (x 73B)
Class com.google.common.collect.ImmutableMapKeySet                                    : loaded 2 times (x 148B)
Class com.google.common.base.MoreObjects                                              : loaded 2 times (x 69B)
Class com.google.common.collect.SortedMapDifference                                   : loaded 2 times (x 68B)
Class com.android.ide.common.repository.GradleVersion$VersionSegment                  : loaded 2 times (x 73B)
Class org.jetbrains.plugins.gradle.model.ExternalFilter                               : loaded 2 times (x 68B)
Class kotlin.collections.ArraysUtilJVM                                                : loaded 2 times (x 69B)
Class org.objectweb.asm.SymbolTable                                                   : loaded 2 times (x 70B)
Class com.amazon.ion.impl.bin.BlockAllocatorProvider                                  : loaded 2 times (x 70B)
Class org.gradle.tooling.internal.adapter.ProtocolToModelAdapter$ViewGraphDetails$1   : loaded 2 times (x 75B)
Class [Lorg.objectweb.asm.AnnotationVisitor;                                          : loaded 2 times (x 67B)
Class com.google.common.cache.CacheStats                                              : loaded 2 times (x 69B)
Class org.objectweb.asm.Attribute                                                     : loaded 2 times (x 75B)
Class com.amazon.ion.IonDatagram                                                      : loaded 2 times (x 68B)
Class kotlin.coroutines.jvm.internal.BaseContinuationImpl                             : loaded 2 times (x 85B)
Class org.gradle.internal.classloader.VisitableURLClassLoader                         : loaded 2 times (x 115B)
Class com.google.common.cache.LocalCache$LocalLoadingCache                            : loaded 2 times (x 132B)
Class [Lcom.amazon.ion.impl.bin.IonManagedBinaryWriter$UserState;                     : loaded 2 times (x 67B)
Class com.google.common.base.Supplier                                                 : loaded 2 times (x 68B)
Class org.jetbrains.plugins.gradle.tooling.serialization.BuildScriptClasspathModelSerializationService: loaded 2 times (x 75B)
Class kotlin.io.FilesKt__FileTreeWalkKt                                               : loaded 2 times (x 69B)
Class com.google.common.collect.ImmutableMultimap$Keys                                : loaded 2 times (x 164B)
Class kotlin.coroutines.jvm.internal.SuspendFunction                                  : loaded 2 times (x 68B)
Class com.google.common.util.concurrent.AbstractFuture$AtomicHelper                   : loaded 2 times (x 76B)
Class com.google.common.collect.ImmutableRangeSet$AsSet                               : loaded 2 times (x 233B)
Class org.gradle.util.internal.DefaultGradleVersion                                   : loaded 2 times (x 82B)
Class com.google.common.hash.PrimitiveSink                                            : loaded 2 times (x 68B)
Class org.jetbrains.plugins.gradle.model.GradleProperty                               : loaded 2 times (x 68B)
Class com.amazon.ion.IonStruct                                                        : loaded 2 times (x 68B)
Class com.amazon.ion.impl.lite.IonLobLite                                             : loaded 2 times (x 155B)
Class org.gradle.api.internal.ClassPathRegistry                                       : loaded 2 times (x 68B)
Class com.google.common.cache.LocalCache$EntryFactory                                 : loaded 2 times (x 81B)
Class com.google.common.util.concurrent.UncheckedExecutionException                   : loaded 2 times (x 80B)
Class kotlin.collections.CollectionsKt__IterablesKt                                   : loaded 2 times (x 69B)
Class org.gradle.internal.classloader.VisitableURLClassLoader$InstrumentingVisitableURLClassLoader: loaded 2 times (x 121B)
Class kotlin.coroutines.jvm.internal.DebugProbesKt                                    : loaded 2 times (x 69B)
Class org.gradle.internal.classloader.ClassLoaderHierarchy                            : loaded 2 times (x 68B)
Class org.jetbrains.plugins.gradle.tooling.serialization.BuildScriptClasspathModelSerializationService$WriteContext: loaded 2 times (x 70B)
Class com.android.builder.model.v2.ide.AndroidGradlePluginProjectFlags                : loaded 2 times (x 68B)
Class kotlin.sequences.SequencesKt___SequencesJvmKt                                   : loaded 2 times (x 69B)
Class kotlin.collections.MapsKt__MapsKt                                               : loaded 2 times (x 69B)
Class com.amazon.ion.UnexpectedEofException                                           : loaded 2 times (x 82B)
Class kotlin.collections.ArraysKt                                                     : loaded 2 times (x 69B)
Class org.gradle.internal.exceptions.MultiCauseException                              : loaded 2 times (x 68B)
Class com.amazon.ion.impl.lite.IonSexpLite                                            : loaded 2 times (x 457B)
Class com.amazon.ion.impl.bin.IonManagedBinaryWriter$UserState$1                      : loaded 2 times (x 83B)
Class [Lcom.amazon.ion.impl.bin.IonRawBinaryWriter$ContainerType;                     : loaded 2 times (x 67B)
Class com.amazon.ion.impl.bin.IonManagedBinaryWriter$UserState$2                      : loaded 2 times (x 83B)
Class [Lcom.amazon.ion.impl.bin.IonRawBinaryWriter$StreamCloseMode;                   : loaded 2 times (x 67B)
Class com.android.builder.model.v2.models.VariantDependenciesAdjacencyList            : loaded 2 times (x 68B)
Class com.amazon.ion.impl.bin.IonManagedBinaryWriter$UserState$3                      : loaded 2 times (x 83B)
Class com.amazon.ion.impl.bin.IonManagedBinaryWriter$UserState$4                      : loaded 2 times (x 83B)
Class com.amazon.ion.IonTimestamp                                                     : loaded 2 times (x 68B)
Class kotlin.text.CharsKt__CharKt                                                     : loaded 2 times (x 69B)
Class com.google.common.collect.Lists$ReverseList                                     : loaded 2 times (x 160B)
Class com.google.common.io.Closer$Suppressor                                          : loaded 2 times (x 68B)
Class com.amazon.ion.impl.bin.IonRawBinaryWriter$PatchList$1                          : loaded 2 times (x 81B)
Class org.jetbrains.kotlin.idea.gradleTooling.model.parcelize.ParcelizeGradleModel    : loaded 2 times (x 68B)
Class kotlin.collections.MapsKt___MapsKt                                              : loaded 2 times (x 69B)
Class com.google.common.collect.AbstractMapBasedMultimap$WrappedList                  : loaded 2 times (x 165B)
Class [Lorg.objectweb.asm.Type;                                                       : loaded 2 times (x 67B)
Class org.gradle.tooling.model.kotlin.dsl.KotlinDslScriptModel                        : loaded 2 times (x 68B)
Class com.google.common.collect.MapMakerInternalMap$WeakValueReference                : loaded 2 times (x 68B)
Class com.google.common.collect.Lists$ReverseList$1                                   : loaded 2 times (x 97B)
Class org.jetbrains.plugins.gradle.model.MavenRepositoryModel                         : loaded 2 times (x 68B)
Class kotlin.sequences.TransformingSequence$iterator$1                                : loaded 2 times (x 77B)
Class com.amazon.ion.impl._Private_Utils                                              : loaded 2 times (x 69B)
Class com.google.common.cache.Weigher                                                 : loaded 2 times (x 68B)
Class com.amazon.ion.impl._Private_IonTextWriterBuilder                               : loaded 2 times (x 99B)
Class com.google.common.collect.MapMakerInternalMap$StrongValueEntry                  : loaded 2 times (x 68B)
Class com.google.common.io.ByteSource                                                 : loaded 2 times (x 82B)
Class com.android.builder.model.v2.AndroidModel                                       : loaded 2 times (x 68B)
Class org.jetbrains.plugins.gradle.tooling.serialization.ToolingStreamApiUtils        : loaded 2 times (x 69B)
Class org.gradle.internal.InternalTransformer                                         : loaded 2 times (x 68B)
Class com.android.builder.model.v2.ide.LintOptions                                    : loaded 2 times (x 68B)
Class org.jetbrains.kotlin.idea.gradleTooling.model.noarg.NoArgModel                  : loaded 2 times (x 68B)
Class org.jetbrains.kotlin.idea.gradleTooling.KotlinGradleModel                       : loaded 2 times (x 68B)
Class kotlin.sequences.Sequence                                                       : loaded 2 times (x 68B)
Class org.gradle.tooling.internal.gradle.DefaultBuildIdentifier                       : loaded 2 times (x 77B)
Class org.gradle.internal.service.ServiceLocator                                      : loaded 2 times (x 68B)
Class Settings_gradle$1                                                               : loaded 2 times (x 72B)
Class org.jetbrains.plugins.gradle.model.ExternalDependency                           : loaded 2 times (x 68B)
Class com.amazon.ion.impl.bin.IonManagedBinaryWriter$ImportedSymbolResolverMode$1$1$1 : loaded 2 times (x 74B)
Class com.google.common.collect.ImmutableRangeSet$1                                   : loaded 2 times (x 169B)
Class com.google.common.util.concurrent.SettableFuture                                : loaded 2 times (x 95B)
Class org.gradle.internal.impldep.gnu.trove.TObjectHashingStrategy                    : loaded 2 times (x 68B)
Class org.gradle.tooling.internal.adapter.ProtocolToModelAdapter$MethodInvocationCache: loaded 2 times (x 71B)
Class com.amazon.ion.IonString                                                        : loaded 2 times (x 68B)
Class [Lcom.android.builder.model.v2.ide.CodeShrinker;                                : loaded 2 times (x 67B)
Class com.google.common.io.Files$2                                                    : loaded 2 times (x 74B)
Class com.amazon.ion.IonLoader                                                        : loaded 2 times (x 68B)
Class com.android.builder.model.v2.models.Versions$Companion                          : loaded 2 times (x 69B)
Class org.objectweb.asm.ModuleVisitor                                                 : loaded 2 times (x 79B)
Class com.amazon.ion.IonBinaryWriter                                                  : loaded 2 times (x 68B)
Class kotlin.sequences.SequencesKt___SequencesKt$flatMap$2                            : loaded 2 times (x 123B)
Class org.jetbrains.kotlin.idea.gradleTooling.model.allopen.AllOpenModel              : loaded 2 times (x 68B)
Class com.google.common.io.ByteStreams                                                : loaded 2 times (x 69B)
Class kotlin.coroutines.jvm.internal.CoroutineStackFrame                              : loaded 2 times (x 68B)
Class org.jetbrains.plugins.gradle.model.AnnotationProcessingConfig                   : loaded 2 times (x 68B)
Class org.jetbrains.plugins.gradle.tooling.serialization.ExternalTestsSerializationService: loaded 2 times (x 75B)
Class kotlin.internal.ProgressionUtilKt                                               : loaded 2 times (x 69B)
Class com.amazon.ion.impl.lite.IonIntLite                                             : loaded 2 times (x 154B)
Class kotlin.reflect.KFunction                                                        : loaded 2 times (x 68B)
Class com.android.builder.model.v2.dsl.BuildType                                      : loaded 2 times (x 68B)
Class org.jetbrains.plugins.gradle.tooling.serialization.ProjectDependenciesSerializationService$WriteContext: loaded 2 times (x 70B)
Class com.google.common.collect.MapMaker                                              : loaded 2 times (x 70B)
Class com.google.common.io.Closer$SuppressingSuppressor                               : loaded 2 times (x 73B)
Class kotlin.jvm.KotlinReflectionNotSupportedError                                    : loaded 2 times (x 80B)
Class kotlin.io.TerminateException                                                    : loaded 2 times (x 80B)
Class org.gradle.tooling.internal.adapter.WeakIdentityHashMap                         : loaded 2 times (x 74B)
Class com.google.common.collect.ImmutableMultiset                                     : loaded 2 times (x 161B)
Class kotlin.collections.ArraysKt__ArraysJVMKt                                        : loaded 2 times (x 69B)
Class org.gradle.internal.classpath.DefaultClassPath$ImmutableUniqueList              : loaded 2 times (x 159B)
Class com.amazon.ion.IonBool                                                          : loaded 2 times (x 68B)
Class com.amazon.ion.impl.bin.IonRawBinaryWriter$ContainerInfo                        : loaded 2 times (x 74B)
Class org.gradle.internal.time.DefaultTimer                                           : loaded 2 times (x 78B)
Class kotlin.collections.AbstractCollection                                           : loaded 2 times (x 115B)
Class com.google.common.collect.ImmutableMultimap$1                                   : loaded 2 times (x 80B)
Class com.google.common.collect.ImmutableMultimap$2                                   : loaded 2 times (x 79B)
Class com.intellij.util.ThrowableConsumer                                             : loaded 2 times (x 68B)
Class org.gradle.internal.classpath.TransformedClassPath                              : loaded 2 times (x 94B)
Class com.google.common.collect.MapDifference                                         : loaded 2 times (x 68B)
Class org.jetbrains.plugins.gradle.tooling.serialization.ExternalProjectSerializationService$WriteContext: loaded 2 times (x 72B)
Class com.amazon.ion.impl.bin.IonManagedBinaryWriter$ImportDescriptor                 : loaded 2 times (x 74B)
Class com.amazon.ion.system.IonBinaryWriterBuilder                                    : loaded 2 times (x 95B)
Class org.jetbrains.kotlin.tooling.core.HasExtras                                     : loaded 2 times (x 68B)
Class com.google.common.collect.Sets$1                                                : loaded 2 times (x 137B)
Class com.google.common.collect.Sets$2                                                : loaded 2 times (x 137B)
Class com.google.common.util.concurrent.AbstractFuture$Trusted                        : loaded 2 times (x 68B)
Class org.gradle.tooling.internal.adapter.ProtocolToModelAdapter$InvocationHandlerImpl: loaded 2 times (x 75B)
Class com.google.common.collect.Sets$3                                                : loaded 2 times (x 137B)
Class com.google.common.graph.SuccessorsFunction                                      : loaded 2 times (x 68B)
Class com.google.common.collect.Sets$4                                                : loaded 2 times (x 137B)
Class org.jetbrains.plugins.gradle.tooling.serialization.AnnotationProcessingModelSerializationService$WriteContext: loaded 2 times (x 70B)
Class kotlin.text.MatcherMatchResult$groups$1                                         : loaded 2 times (x 149B)
Class Settings_gradle                                                                 : loaded 2 times (x 126B)
Class kotlin.text.StringsKt___StringsKt                                               : loaded 2 times (x 69B)
Class org.jetbrains.plugins.gradle.tooling.serialization.internal.IdeaProjectSerializationService$ReadContext: loaded 2 times (x 70B)
Class org.gradle.tooling.model.idea.IdeaLanguageLevel                                 : loaded 2 times (x 68B)
Class kotlin.collections.ArraysKt___ArraysKt$asSequence$$inlined$Sequence$1           : loaded 2 times (x 73B)
Class kotlin.coroutines.intrinsics.CoroutineSingletons                                : loaded 2 times (x 77B)
Class kotlin.Pair                                                                     : loaded 2 times (x 70B)
Class com.google.common.io.ByteSink                                                   : loaded 2 times (x 74B)
Class com.android.utils.StringHelper                                                  : loaded 2 times (x 69B)
Class com.google.common.collect.AbstractMapBasedMultimap$WrappedCollection$WrappedIterator: loaded 2 times (x 82B)
Class com.android.builder.model.v2.ide.BasicVariant                                   : loaded 2 times (x 68B)
Class org.objectweb.asm.MethodWriter                                                  : loaded 2 times (x 104B)
Class com.android.builder.model.v2.ide.SourceSetContainer                             : loaded 2 times (x 68B)
Class com.amazon.ion.impl._Private_Utils$1                                            : loaded 2 times (x 87B)
Class kotlin.collections.AbstractList$Companion                                       : loaded 2 times (x 69B)
Class kotlin.coroutines.intrinsics.IntrinsicsKt                                       : loaded 2 times (x 69B)
Class org.gradle.tooling.internal.adapter.ProtocolToModelAdapter$ViewDecoration       : loaded 2 times (x 68B)
Class kotlin.collections.AbstractList                                                 : loaded 2 times (x 157B)
Class kotlin.sequences.SequencesKt___SequencesKt$sortedWith$1                         : loaded 2 times (x 73B)
Class com.google.common.util.concurrent.ExecutionError                                : loaded 2 times (x 80B)
Class kotlin.collections.AbstractIterator                                             : loaded 2 times (x 81B)
Class com.google.common.io.ByteSink$AsCharSink                                        : loaded 2 times (x 78B)
Class com.google.common.base.Equivalence$Identity                                     : loaded 2 times (x 80B)
Class [Lcom.google.common.collect.MapMakerInternalMap$Segment;                        : loaded 2 times (x 67B)
Class org.gradle.util.GradleVersion                                                   : loaded 2 times (x 81B)
Class kotlin.ranges.IntRange                                                          : loaded 2 times (x 91B)
Class kotlin.collections.SetsKt__SetsKt                                               : loaded 2 times (x 69B)
Class com.google.common.collect.AbstractIterator$1                                    : loaded 2 times (x 69B)
Class com.amazon.ion.ValueFactory                                                     : loaded 2 times (x 68B)
Class com.android.ide.gradle.model.AdditionalClassifierArtifactsModelParameter        : loaded 2 times (x 68B)
Class com.google.common.cache.LocalCache                                              : loaded 2 times (x 185B)
Class com.google.common.collect.ImmutableRangeSet$Builder                             : loaded 2 times (x 75B)
Class kotlin.ranges.IntRange$Companion                                                : loaded 2 times (x 69B)
Class com.amazon.ion.util._Private_FastAppendable                                     : loaded 2 times (x 68B)
Class com.google.common.util.concurrent.AbstractFuture$UnsafeAtomicHelper$1           : loaded 2 times (x 74B)
Class org.gradle.internal.impldep.gnu.trove.TObjectCanonicalHashingStrategy           : loaded 2 times (x 78B)
Class org.gradle.internal.installation.GradleInstallation                             : loaded 2 times (x 73B)
Class org.jetbrains.plugins.gradle.tooling.util.IntObjectMap$ObjectFactory            : loaded 2 times (x 68B)
Class [Lcom.android.builder.model.v2.ide.LibraryType;                                 : loaded 2 times (x 67B)
Class com.google.common.collect.Multiset                                              : loaded 2 times (x 68B)
Class org.jetbrains.plugins.gradle.ExternalDependencyId                               : loaded 2 times (x 68B)
Class org.gradle.internal.impldep.gnu.trove.TObjectHash                               : loaded 2 times (x 92B)
Class com.amazon.ion.impl.lite.IonDecimalLite                                         : loaded 2 times (x 156B)
Class org.jetbrains.plugins.gradle.tooling.util.IntObjectMap$1                        : loaded 2 times (x 75B)
Class [Lcom.amazon.ion.impl.bin.AbstractIonWriter$WriteValueOptimization;             : loaded 2 times (x 67B)
Class com.amazon.ion.Decimal                                                          : loaded 2 times (x 131B)
Class com.amazon.ion.impl.lite.IonTimestampLite                                       : loaded 2 times (x 163B)
Class kotlin.comparisons.ComparisonsKt__ComparisonsKt                                 : loaded 2 times (x 69B)
Class kotlin.collections.EmptyMap                                                     : loaded 2 times (x 107B)
Class org.gradle.tooling.internal.adapter.ProtocolToModelAdapter$ViewGraphDetails     : loaded 2 times (x 70B)
Class org.objectweb.asm.MethodVisitor                                                 : loaded 2 times (x 103B)
Class com.amazon.ion.IonWriter                                                        : loaded 2 times (x 68B)
Class com.google.common.collect.AbstractMapBasedMultimap$KeySet$1                     : loaded 2 times (x 80B)
Class com.amazon.ion.system.IonSystemBuilder                                          : loaded 2 times (x 73B)
Class com.google.common.collect.AbstractMapBasedMultimap                              : loaded 2 times (x 137B)
Class org.gradle.internal.impldep.gnu.trove.Equality                                  : loaded 2 times (x 68B)
Class kotlin.text.RegexKt                                                             : loaded 2 times (x 69B)
Class com.amazon.ion.IonType                                                          : loaded 2 times (x 77B)


---------------  S Y S T E M  ---------------

OS:
 Windows 11 , 64 bit Build 26100 (10.0.26100.8328)
OS uptime: 0 days 5:26 hours
Hyper-V role detected

CPU: total 16 (initial active 16) (8 cores per cpu, 2 threads per core) family 6 model 154 stepping 3 microcode 0x423, cx8, cmov, fxsr, ht, mmx, 3dnowpref, sse, sse2, sse3, ssse3, sse4.1, sse4.2, popcnt, lzcnt, tsc, tscinvbit, avx, avx2, aes, erms, clmul, bmi1, bmi2, adx, sha, fma, vzeroupper, clflush, clflushopt, clwb, hv
Processor Information for processor 0
  Max Mhz: 3100, Current Mhz: 3100, Mhz Limit: 3100
Processor Information for processor 1
  Max Mhz: 3100, Current Mhz: 1500, Mhz Limit: 3100
Processor Information for processor 2
  Max Mhz: 3100, Current Mhz: 3100, Mhz Limit: 3100
Processor Information for processor 3
  Max Mhz: 3100, Current Mhz: 3100, Mhz Limit: 3100
Processor Information for processor 4
  Max Mhz: 3100, Current Mhz: 1500, Mhz Limit: 3100
Processor Information for processor 5
  Max Mhz: 3100, Current Mhz: 3100, Mhz Limit: 3100
Processor Information for processor 6
  Max Mhz: 3100, Current Mhz: 3100, Mhz Limit: 3100
Processor Information for processor 7
  Max Mhz: 3100, Current Mhz: 1500, Mhz Limit: 3100
Processor Information for processor 8
  Max Mhz: 3100, Current Mhz: 1488, Mhz Limit: 2232
Processor Information for processor 9
  Max Mhz: 3100, Current Mhz: 1488, Mhz Limit: 2232
Processor Information for processor 10
  Max Mhz: 3100, Current Mhz: 2232, Mhz Limit: 2232
Processor Information for processor 11
  Max Mhz: 3100, Current Mhz: 1488, Mhz Limit: 2232
Processor Information for processor 12
  Max Mhz: 3100, Current Mhz: 2232, Mhz Limit: 2232
Processor Information for processor 13
  Max Mhz: 3100, Current Mhz: 2232, Mhz Limit: 2232
Processor Information for processor 14
  Max Mhz: 3100, Current Mhz: 1488, Mhz Limit: 2232
Processor Information for processor 15
  Max Mhz: 3100, Current Mhz: 1488, Mhz Limit: 2232

Memory: 4k page, system-wide physical 7896M (168M free)
TotalPageFile size 24280M (AvailPageFile size 21M)
current process WorkingSet (physical memory assigned to process): 490M, peak: 584M
current process commit charge ("private bytes"): 881M, peak: 881M

vm_info: OpenJDK 64-Bit Server VM (17.0.9+0--11185874) for windows-amd64 JRE (17.0.9+0--11185874), built on Dec  6 2023 18:57:44 by "androidbuild" with MS VC++ 16.10 / 16.11 (VS2019)

END.
