#
# There is insufficient memory for the Java Runtime Environment to continue.
# Native memory allocation (malloc) failed to allocate 1066256 bytes for Chunk::new
# Possible reasons:
#   The system is out of physical RAM or swap space
#   The process is running with CompressedOops enabled, and the Java Heap may be blocking the growth of the native heap
# Possible solutions:
#   Reduce memory load on the system
#   Increase physical memory or swap space
#   Check if swap backing store is full
#   Decrease Java heap size (-Xmx/-Xms)
#   Decrease number of Java threads
#   Decrease Java thread stack sizes (-Xss)
#   Set larger code cache with -XX:ReservedCodeCacheSize=
#   JVM is running with Unscaled Compressed Oops mode in which the Java heap is
#     placed in the first 4GB address space. The Java Heap base address is the
#     maximum limit for the native heap growth. Please use -XX:HeapBaseMinAddress
#     to set the Java Heap base and to place the Java Heap above 4GB virtual address.
# This output file may be truncated or incomplete.
#
#  Out of Memory Error (arena.cpp:191), pid=6356, tid=12556
#
# JRE version: OpenJDK Runtime Environment (17.0.9) (build 17.0.9+0--11185874)
# Java VM: OpenJDK 64-Bit Server VM (17.0.9+0--11185874, mixed mode, tiered, compressed oops, compressed class ptrs, g1 gc, windows-amd64)
# No core dump will be written. Minidumps are not enabled by default on client versions of Windows
#

---------------  S U M M A R Y ------------

Command Line: --add-opens=java.base/java.lang=ALL-UNNAMED --add-opens=java.base/java.lang.invoke=ALL-UNNAMED --add-opens=java.base/java.util=ALL-UNNAMED --add-opens=java.prefs/java.util.prefs=ALL-UNNAMED --add-exports=jdk.compiler/com.sun.tools.javac.api=ALL-UNNAMED --add-exports=jdk.compiler/com.sun.tools.javac.util=ALL-UNNAMED --add-opens=java.base/java.util=ALL-UNNAMED --add-opens=java.prefs/java.util.prefs=ALL-UNNAMED --add-opens=java.base/java.nio.charset=ALL-UNNAMED --add-opens=java.base/java.net=ALL-UNNAMED --add-opens=java.base/java.util.concurrent.atomic=ALL-UNNAMED --add-opens=java.xml/javax.xml.namespace=ALL-UNNAMED -XX:MaxMetaspaceSize=384m -XX:+HeapDumpOnOutOfMemoryError -Xms256m -Xmx512m -Dfile.encoding=windows-1252 -Duser.country=PH -Duser.language=en -Duser.variant -javaagent:C:\Users\Nicoj\.gradle\wrapper\dists\gradle-8.12-bin\cetblhg4pflnnks72fxwobvgv\gradle-8.12\lib\agents\gradle-instrumentation-agent-8.12.jar org.gradle.launcher.daemon.bootstrap.GradleDaemon 8.12

Host: 12th Gen Intel(R) Core(TM) i5-12500H, 16 cores, 7G,  Windows 11 , 64 bit Build 26100 (10.0.26100.8328)
Time: Tue May  5 23:44:24 2026 Malay Peninsula Standard Time elapsed time: 691.318308 seconds (0d 0h 11m 31s)

---------------  T H R E A D  ---------------

Current thread (0x0000022fef099010):  JavaThread "C2 CompilerThread0" daemon [_thread_in_native, id=12556, stack(0x000000779d500000,0x000000779d600000)]


Current CompileTask:
C2: 691318 35202       4       org.gradle.internal.instantiation.generator.AbstractClassGenerator::inspectType (560 bytes)

Stack: [0x000000779d500000,0x000000779d600000]
Native frames: (J=compiled Java code, j=interpreted, Vv=VM code, C=native code)
V  [jvm.dll+0x6886e9]
V  [jvm.dll+0x841e4a]
V  [jvm.dll+0x843a8e]
V  [jvm.dll+0x8440f3]
V  [jvm.dll+0x24c14f]
V  [jvm.dll+0xac44c]
V  [jvm.dll+0xaca9c]
V  [jvm.dll+0x2b376f]
V  [jvm.dll+0x590767]
V  [jvm.dll+0x226762]
V  [jvm.dll+0x21f95e]
V  [jvm.dll+0x21d0c1]
V  [jvm.dll+0x1a674d]
V  [jvm.dll+0x22d088]
V  [jvm.dll+0x22b1c0]
V  [jvm.dll+0x7f62f7]
V  [jvm.dll+0x7f06aa]
V  [jvm.dll+0x687565]
C  [ucrtbase.dll+0x37b0]
C  [KERNEL32.DLL+0x2e957]
C  [ntdll.dll+0x427c]


---------------  P R O C E S S  ---------------

Threads class SMR info:
_java_thread_list=0x0000022ff4561d60, length=248, elements={
0x0000022fd3d80950, 0x0000022fef04d020, 0x0000022fef04e460, 0x0000022fef03a3e0,
0x0000022fef093010, 0x0000022fef096460, 0x0000022fef0978a0, 0x0000022fef099010,
0x0000022fef09aa60, 0x0000022fef0d3830, 0x0000022fef1a2e60, 0x0000022fef2ec930,
0x0000022ff0f98470, 0x0000022ff14b72f0, 0x0000022fef675970, 0x0000022ff1687080,
0x0000022ff1687fb0, 0x0000022ff16884c0, 0x0000022ff1687590, 0x0000022fef4a89e0,
0x0000022fef4a84d0, 0x0000022ff0397250, 0x0000022ff5edcd00, 0x0000022ff50d2b50,
0x0000022ff50d3570, 0x0000022ff50d2130, 0x0000022ff50d02d0, 0x0000022ff5af9990,
0x0000022ff5afa8c0, 0x0000022ff5af8f70, 0x0000022ff5fc83d0, 0x0000022ff5fc7ec0,
0x0000022ff5fc88e0, 0x0000022ff5fca230, 0x0000022ff5fc8df0, 0x0000022ff5fc6f90,
0x0000022ff5fc74a0, 0x0000022ff5fc79b0, 0x0000022ff5fc9300, 0x0000022ff5fc9810,
0x0000022ff550a840, 0x0000022ff550b770, 0x0000022ff550bc80, 0x0000022ff2283470,
0x0000022ff2c63af0, 0x0000022ff0265960, 0x0000022ff02f1db0, 0x0000022ff5bfae10,
0x0000022fef1092d0, 0x0000022fef106540, 0x0000022fef109cf0, 0x0000022ff02630e0,
0x0000022ff02635f0, 0x0000022ff0264520, 0x0000022ff0264a30, 0x0000022ff0263b00,
0x0000022ff0265450, 0x0000022ff0264010, 0x0000022ff02621b0, 0x0000022ff02626c0,
0x0000022ffef19310, 0x0000022ffef174b0, 0x0000022ffef18e00, 0x0000022fef1097e0,
0x0000022fef107470, 0x0000022fef107e90, 0x0000022fef106a50, 0x0000022fef106f60,
0x0000022fef107980, 0x0000022fef1083a0, 0x0000022fef108dc0, 0x0000022fef1088b0,
0x0000022ffb0e0ea0, 0x0000022ffb0e0480, 0x0000022fef52ca00, 0x0000022ff5bfbd40,
0x0000022ff5bf8fb0, 0x0000022ff5bfb830, 0x0000022ff5bfc250, 0x0000022ff5bf94c0,
0x0000022ff5bfb320, 0x0000022ff5bf9ee0, 0x0000022ff5bfc760, 0x0000022ff5bf99d0,
0x0000022ff5bfa3f0, 0x0000022ff5bfa900, 0x0000022ff02f1390, 0x0000022ff02f3c10,
0x0000022ff02f0e80, 0x0000022ffef1a750, 0x0000022ffef19820, 0x0000022ffef19d30,
0x0000022ffef1a240, 0x0000022ffef17ed0, 0x0000022ffef183e0, 0x0000022ff02f22c0,
0x0000022ff3d458c0, 0x0000022ff3d45dd0, 0x0000022ff3d462e0, 0x0000022fef5a5700,
0x0000022fef529250, 0x0000022fef52a690, 0x0000022fef52bfe0, 0x0000022fef52aba0,
0x0000022fef529c70, 0x0000022fef529760, 0x0000022fef52b0b0, 0x0000022fef52b5c0,
0x0000022fef52bad0, 0x0000022f8503c1b0, 0x0000022fef5a6b40, 0x0000022ff61957c0,
0x0000022ffb0e18c0, 0x0000022ffb0e1dd0, 0x0000022ffb0e22e0, 0x0000022ffb0e27f0,
0x0000022f8503c6c0, 0x0000022f8503a350, 0x0000022f8503cbd0, 0x0000022f8503d0e0,
0x0000022f85039930, 0x0000022f85039e40, 0x0000022f8503a860, 0x0000022f8503bca0,
0x0000022f8503ad70, 0x0000022f8503b280, 0x0000022f8503b790, 0x0000022ffbf60060,
0x0000022ffbf5d2d0, 0x0000022ffbf5d7e0, 0x0000022ffbf5c8b0, 0x0000022ffbf5f130,
0x0000022ffbf5cdc0, 0x0000022ffbf5dcf0, 0x0000022ffbf5e200, 0x0000022ffbf5fb50,
0x0000022ffbf5f640, 0x0000022ffbf5e710, 0x0000022ffbf5ec20, 0x0000022ffc7839f0,
0x0000022ffc783f00, 0x0000022ffef16fa0, 0x0000022ffef179c0, 0x0000022ffef188f0,
0x0000022ffc26e100, 0x0000022ffc26eb20, 0x0000022ffc26b370, 0x0000022ffc26b880,
0x0000022ffc26bd90, 0x0000022ffc26c2a0, 0x0000022ffc26d1d0, 0x0000022ffc26ccc0,
0x0000022ffc26dbf0, 0x0000022fef5a42c0, 0x0000022fef5a47d0, 0x0000022fef5a5c10,
0x0000022fef5a7a70, 0x0000022ff6195cd0, 0x0000022ff61966f0, 0x0000022ff6194da0,
0x0000022ff61961e0, 0x0000022ff3ee8980, 0x0000022ff3ee7a50, 0x0000022ff3ee9dc0,
0x0000022ff3ee7f60, 0x0000022ff3eea7e0, 0x0000022ff3ee98b0, 0x0000022ffb0e13b0,
0x0000022ffb0e2d00, 0x0000022ffb0e3210, 0x0000022ffb0e3720, 0x0000022ffb0dff70,
0x0000022ff2282f60, 0x0000022ff3ee8470, 0x0000022ff3ee93a0, 0x0000022ff3ee8e90,
0x0000022ff3eea2d0, 0x0000022ff3ee7030, 0x0000022ff3ee7540, 0x0000022ffc1b5af0,
0x0000022fef5a6120, 0x0000022ffb0e0990, 0x0000022ff2199ee0, 0x0000022ff219a3f0,
0x0000022fef5a4ce0, 0x0000022fef5a7050, 0x0000022fef5a6630, 0x0000022fef5a7560,
0x0000022ff21999d0, 0x0000022ff02f27d0, 0x0000022ff02f31f0, 0x0000022ff02f3700,
0x0000022ff02f2ce0, 0x0000022fef5a51f0, 0x0000022ff4020060, 0x0000022ff4023810,
0x0000022ff40214a0, 0x0000022ff40219b0, 0x0000022ff4020570, 0x0000022ff4020a80,
0x0000022ffc674ba0, 0x0000022ffc674690, 0x0000022ffc672320, 0x0000022ffc672830,
0x0000022ffc673c70, 0x0000022ffc6750b0, 0x0000022ffc671900, 0x0000022ffc782fd0,
0x0000022ffc7834e0, 0x0000022ffc784410, 0x0000022ffc7820a0, 0x0000022ff40228e0,
0x0000022ff4020f90, 0x0000022ffc673250, 0x0000022ffc672d40, 0x0000022ff40223d0,
0x0000022ff2283980, 0x0000022ff22848b0, 0x0000022ff4021ec0, 0x0000022ff4022df0,
0x0000022ffc781b90, 0x0000022ffc784920, 0x0000022ffc784e30, 0x0000022ff219a900,
0x0000022ff219ae10, 0x0000022ff219b320, 0x0000022ff4092ea0, 0x0000022ff4095210,
0x0000022ff40933b0, 0x0000022ffc673760, 0x0000022ffc671e10, 0x0000022ffc785340,
0x0000022ffc782ac0, 0x0000022ff2284dc0, 0x0000022ff2283e90, 0x0000022ff22852d0,
0x0000022ff22857e0, 0x0000022ff2282030, 0x0000022ff2282a50, 0x0000022ffd1bdf90,
0x0000022ffc26e610, 0x0000022ffb45a230, 0x0000022ffb45cab0, 0x0000022ff40938c0,
0x0000022ff4095720, 0x0000022ff4095c30, 0x0000022ffd1c4a00, 0x0000022fef2a5d70
}

Java Threads: ( => current thread )
  0x0000022fd3d80950 JavaThread "main" [_thread_blocked, id=28820, stack(0x000000779c800000,0x000000779c900000)]
  0x0000022fef04d020 JavaThread "Reference Handler" daemon [_thread_blocked, id=21532, stack(0x000000779cf00000,0x000000779d000000)]
  0x0000022fef04e460 JavaThread "Finalizer" daemon [_thread_blocked, id=13516, stack(0x000000779d000000,0x000000779d100000)]
  0x0000022fef03a3e0 JavaThread "Signal Dispatcher" daemon [_thread_blocked, id=13860, stack(0x000000779d100000,0x000000779d200000)]
  0x0000022fef093010 JavaThread "Attach Listener" daemon [_thread_blocked, id=31020, stack(0x000000779d200000,0x000000779d300000)]
  0x0000022fef096460 JavaThread "Service Thread" daemon [_thread_blocked, id=32068, stack(0x000000779d300000,0x000000779d400000)]
  0x0000022fef0978a0 JavaThread "Monitor Deflation Thread" daemon [_thread_blocked, id=1548, stack(0x000000779d400000,0x000000779d500000)]
=>0x0000022fef099010 JavaThread "C2 CompilerThread0" daemon [_thread_in_native, id=12556, stack(0x000000779d500000,0x000000779d600000)]
  0x0000022fef09aa60 JavaThread "C1 CompilerThread0" daemon [_thread_blocked, id=33164, stack(0x000000779d600000,0x000000779d700000)]
  0x0000022fef0d3830 JavaThread "Sweeper thread" daemon [_thread_blocked, id=35312, stack(0x000000779d700000,0x000000779d800000)]
  0x0000022fef1a2e60 JavaThread "Common-Cleaner" daemon [_thread_blocked, id=35392, stack(0x000000779d800000,0x000000779d900000)]
  0x0000022fef2ec930 JavaThread "Notification Thread" daemon [_thread_blocked, id=25836, stack(0x000000779da00000,0x000000779db00000)]
  0x0000022ff0f98470 JavaThread "Daemon health stats" [_thread_blocked, id=1668, stack(0x000000779e400000,0x000000779e500000)]
  0x0000022ff14b72f0 JavaThread "Incoming local TCP Connector on port 56428" [_thread_in_native, id=20684, stack(0x000000779dc00000,0x000000779dd00000)]
  0x0000022fef675970 JavaThread "Daemon periodic checks" [_thread_blocked, id=31224, stack(0x000000779e500000,0x000000779e600000)]
  0x0000022ff1687080 JavaThread "Cache worker for journal cache (C:\Users\Nicoj\.gradle\caches\journal-1)" [_thread_blocked, id=30332, stack(0x000000779f700000,0x000000779f800000)]
  0x0000022ff1687fb0 JavaThread "File lock request listener" [_thread_in_native, id=33876, stack(0x000000779f800000,0x000000779f900000)]
  0x0000022ff16884c0 JavaThread "Cache worker for file hash cache (C:\Users\Nicoj\.gradle\caches\8.12\fileHashes)" [_thread_blocked, id=10612, stack(0x000000779e200000,0x000000779e300000)]
  0x0000022ff1687590 JavaThread "File watcher server" daemon [_thread_in_native, id=20796, stack(0x000000779f900000,0x000000779fa00000)]
  0x0000022fef4a89e0 JavaThread "File watcher consumer" daemon [_thread_blocked, id=15224, stack(0x000000779fa00000,0x000000779fb00000)]
  0x0000022fef4a84d0 JavaThread "Cache worker for file content cache (C:\Users\Nicoj\.gradle\caches\8.12\fileContent)" [_thread_blocked, id=4128, stack(0x000000779fd00000,0x000000779fe00000)]
  0x0000022ff0397250 JavaThread "Memory manager" [_thread_blocked, id=33336, stack(0x00000077a2e00000,0x00000077a2f00000)]
  0x0000022ff5edcd00 JavaThread "pool-3-thread-1" [_thread_blocked, id=37788, stack(0x00000077a3200000,0x00000077a3300000)]
  0x0000022ff50d2b50 JavaThread "RMI Scheduler(0)" daemon [_thread_blocked, id=4976, stack(0x000000779c600000,0x000000779c700000)]
  0x0000022ff50d3570 JavaThread "RMI GC Daemon" daemon [_thread_blocked, id=1476, stack(0x00000077ad200000,0x00000077ad300000)]
  0x0000022ff50d2130 JavaThread "RMI TCP Accept-0" daemon [_thread_in_native, id=20712, stack(0x00000077ad300000,0x00000077ad400000)]
  0x0000022ff50d02d0 JavaThread "RMI Reaper" [_thread_blocked, id=32252, stack(0x00000077ad400000,0x00000077ad500000)]
  0x0000022ff5af9990 JavaThread "jar transforms" [_thread_blocked, id=23944, stack(0x000000779eb00000,0x000000779ec00000)]
  0x0000022ff5afa8c0 JavaThread "jar transforms Thread 2" [_thread_blocked, id=29960, stack(0x000000779ec00000,0x000000779ed00000)]
  0x0000022ff5af8f70 JavaThread "jar transforms Thread 3" [_thread_blocked, id=31656, stack(0x000000779ed00000,0x000000779ee00000)]
  0x0000022ff5fc83d0 JavaThread "jar transforms Thread 4" [_thread_blocked, id=19468, stack(0x000000779fb00000,0x000000779fc00000)]
  0x0000022ff5fc7ec0 JavaThread "jar transforms Thread 5" [_thread_blocked, id=8980, stack(0x000000779fc00000,0x000000779fd00000)]
  0x0000022ff5fc88e0 JavaThread "jar transforms Thread 6" [_thread_blocked, id=10220, stack(0x000000779fe00000,0x000000779ff00000)]
  0x0000022ff5fca230 JavaThread "jar transforms Thread 7" [_thread_blocked, id=36488, stack(0x000000779ff00000,0x00000077a0000000)]
  0x0000022ff5fc8df0 JavaThread "jar transforms Thread 8" [_thread_blocked, id=36856, stack(0x00000077a0000000,0x00000077a0100000)]
  0x0000022ff5fc6f90 JavaThread "jar transforms Thread 9" [_thread_blocked, id=30228, stack(0x00000077a0100000,0x00000077a0200000)]
  0x0000022ff5fc74a0 JavaThread "jar transforms Thread 10" [_thread_blocked, id=30616, stack(0x00000077a0200000,0x00000077a0300000)]
  0x0000022ff5fc79b0 JavaThread "jar transforms Thread 11" [_thread_blocked, id=31104, stack(0x00000077a0300000,0x00000077a0400000)]
  0x0000022ff5fc9300 JavaThread "jar transforms Thread 12" [_thread_blocked, id=21524, stack(0x00000077a0400000,0x00000077a0500000)]
  0x0000022ff5fc9810 JavaThread "jar transforms Thread 13" [_thread_blocked, id=23868, stack(0x00000077a0500000,0x00000077a0600000)]
  0x0000022ff550a840 JavaThread "jar transforms Thread 14" [_thread_blocked, id=23884, stack(0x00000077a0600000,0x00000077a0700000)]
  0x0000022ff550b770 JavaThread "jar transforms Thread 15" [_thread_blocked, id=13984, stack(0x00000077a0700000,0x00000077a0800000)]
  0x0000022ff550bc80 JavaThread "jar transforms Thread 16" [_thread_blocked, id=15296, stack(0x00000077a0800000,0x00000077a0900000)]
  0x0000022ff2283470 JavaThread "pool-7-thread-1" [_thread_blocked, id=29708, stack(0x00000077a4600000,0x00000077a4700000)]
  0x0000022ff2c63af0 JavaThread "Daemon Thread 3" [_thread_blocked, id=17896, stack(0x000000779c500000,0x000000779c600000)]
  0x0000022ff0265960 JavaThread "Daemon worker Thread 3" [_thread_blocked, id=2128, stack(0x000000779e700000,0x000000779e800000)]
  0x0000022ff02f1db0 JavaThread "pool-10-thread-1" [_thread_blocked, id=5300, stack(0x00000077a3a00000,0x00000077a3b00000)]
  0x0000022ff5bfae10 JavaThread "included builds" [_thread_blocked, id=34912, stack(0x00000077a3b00000,0x00000077a3c00000)]
  0x0000022fef1092d0 JavaThread "VFS cleanup Thread 3" [_thread_blocked, id=37228, stack(0x000000779e800000,0x000000779e900000)]
  0x0000022fef106540 JavaThread "Handler for socket connection from /127.0.0.1:56428 to /127.0.0.1:64509" [_thread_in_native, id=17676, stack(0x000000779c700000,0x000000779c800000)]
  0x0000022fef109cf0 JavaThread "Cancel handler" [_thread_blocked, id=19676, stack(0x000000779d900000,0x000000779da00000)]
  0x0000022ff02630e0 JavaThread "Asynchronous log dispatcher for DefaultDaemonConnection: socket connection from /127.0.0.1:56428 to /127.0.0.1:64509" [_thread_blocked, id=21444, stack(0x000000779e300000,0x000000779e400000)]
  0x0000022ff02635f0 JavaThread "Stdin handler" [_thread_blocked, id=35992, stack(0x000000779e600000,0x000000779e700000)]
  0x0000022ff0264520 JavaThread "Daemon client event forwarder" [_thread_blocked, id=30304, stack(0x000000779e900000,0x000000779ea00000)]
  0x0000022ff0264a30 JavaThread "Cache worker for file hash cache (C:\Users\Nicoj\OneDrive\Desktop\IT342-Colo-BookBud\mobile\BookBud\.gradle\8.12\fileHashes)" [_thread_blocked, id=17232, stack(0x000000779ea00000,0x000000779eb00000)]
  0x0000022ff0263b00 JavaThread "Cache worker for Build Output Cleanup Cache (C:\Users\Nicoj\OneDrive\Desktop\IT342-Colo-BookBud\mobile\BookBud\.gradle\buildOutputCleanup)" [_thread_blocked, id=1404, stack(0x00000077a0900000,0x00000077a0a00000)]
  0x0000022ff0265450 JavaThread "Cache worker for checksums cache (C:\Users\Nicoj\OneDrive\Desktop\IT342-Colo-BookBud\mobile\BookBud\.gradle\8.12\checksums)" [_thread_blocked, id=27956, stack(0x00000077a0a00000,0x00000077a0b00000)]
  0x0000022ff0264010 JavaThread "Cache worker for cache directory md-rule (C:\Users\Nicoj\.gradle\caches\8.12\md-rule)" [_thread_blocked, id=16544, stack(0x00000077a0b00000,0x00000077a0c00000)]
  0x0000022ff02621b0 JavaThread "Cache worker for cache directory md-supplier (C:\Users\Nicoj\.gradle\caches\8.12\md-supplier)" [_thread_blocked, id=33156, stack(0x00000077a0c00000,0x00000077a0d00000)]
  0x0000022ff02626c0 JavaThread "Unconstrained build operations" [_thread_blocked, id=30456, stack(0x00000077a0d00000,0x00000077a0e00000)]
  0x0000022ffef19310 JavaThread "Unconstrained build operations Thread 2" [_thread_blocked, id=11100, stack(0x00000077a0e00000,0x00000077a0f00000)]
  0x0000022ffef174b0 JavaThread "Unconstrained build operations Thread 3" [_thread_blocked, id=35096, stack(0x00000077a0f00000,0x00000077a1000000)]
  0x0000022ffef18e00 JavaThread "Unconstrained build operations Thread 4" [_thread_blocked, id=19300, stack(0x00000077a1000000,0x00000077a1100000)]
  0x0000022fef1097e0 JavaThread "Unconstrained build operations Thread 5" [_thread_blocked, id=36596, stack(0x00000077a1100000,0x00000077a1200000)]
  0x0000022fef107470 JavaThread "Unconstrained build operations Thread 6" [_thread_blocked, id=32696, stack(0x00000077a1200000,0x00000077a1300000)]
  0x0000022fef107e90 JavaThread "Unconstrained build operations Thread 7" [_thread_blocked, id=16796, stack(0x00000077a1300000,0x00000077a1400000)]
  0x0000022fef106a50 JavaThread "Unconstrained build operations Thread 8" [_thread_blocked, id=2680, stack(0x00000077a1400000,0x00000077a1500000)]
  0x0000022fef106f60 JavaThread "Unconstrained build operations Thread 9" [_thread_blocked, id=10520, stack(0x00000077a1500000,0x00000077a1600000)]
  0x0000022fef107980 JavaThread "Unconstrained build operations Thread 10" [_thread_blocked, id=16104, stack(0x00000077a1600000,0x00000077a1700000)]
  0x0000022fef1083a0 JavaThread "Unconstrained build operations Thread 11" [_thread_blocked, id=35260, stack(0x00000077a1700000,0x00000077a1800000)]
  0x0000022fef108dc0 JavaThread "Unconstrained build operations Thread 12" [_thread_blocked, id=25096, stack(0x00000077a1800000,0x00000077a1900000)]
  0x0000022fef1088b0 JavaThread "Unconstrained build operations Thread 13" [_thread_blocked, id=31260, stack(0x00000077a1900000,0x00000077a1a00000)]
  0x0000022ffb0e0ea0 JavaThread "Unconstrained build operations Thread 14" [_thread_blocked, id=25496, stack(0x00000077a1a00000,0x00000077a1b00000)]
  0x0000022ffb0e0480 JavaThread "Unconstrained build operations Thread 15" [_thread_blocked, id=28376, stack(0x00000077a1b00000,0x00000077a1c00000)]
  0x0000022fef52ca00 JavaThread "Unconstrained build operations Thread 16" [_thread_blocked, id=15476, stack(0x00000077a1c00000,0x00000077a1d00000)]
  0x0000022ff5bfbd40 JavaThread "Unconstrained build operations Thread 17" [_thread_blocked, id=37096, stack(0x00000077a1d00000,0x00000077a1e00000)]
  0x0000022ff5bf8fb0 JavaThread "Unconstrained build operations Thread 18" [_thread_blocked, id=35968, stack(0x00000077a1e00000,0x00000077a1f00000)]
  0x0000022ff5bfb830 JavaThread "Unconstrained build operations Thread 19" [_thread_blocked, id=33312, stack(0x00000077a1f00000,0x00000077a2000000)]
  0x0000022ff5bfc250 JavaThread "Unconstrained build operations Thread 20" [_thread_blocked, id=2628, stack(0x00000077a2000000,0x00000077a2100000)]
  0x0000022ff5bf94c0 JavaThread "Unconstrained build operations Thread 21" [_thread_blocked, id=22292, stack(0x00000077a2100000,0x00000077a2200000)]
  0x0000022ff5bfb320 JavaThread "Unconstrained build operations Thread 22" [_thread_blocked, id=27844, stack(0x00000077a2200000,0x00000077a2300000)]
  0x0000022ff5bf9ee0 JavaThread "Unconstrained build operations Thread 23" [_thread_blocked, id=33408, stack(0x00000077a2300000,0x00000077a2400000)]
  0x0000022ff5bfc760 JavaThread "Unconstrained build operations Thread 24" [_thread_blocked, id=9112, stack(0x00000077a2400000,0x00000077a2500000)]
  0x0000022ff5bf99d0 JavaThread "Unconstrained build operations Thread 25" [_thread_blocked, id=8884, stack(0x00000077a2500000,0x00000077a2600000)]
  0x0000022ff5bfa3f0 JavaThread "Unconstrained build operations Thread 26" [_thread_blocked, id=17876, stack(0x00000077a2600000,0x00000077a2700000)]
  0x0000022ff5bfa900 JavaThread "Unconstrained build operations Thread 27" [_thread_blocked, id=34140, stack(0x00000077a2700000,0x00000077a2800000)]
  0x0000022ff02f1390 JavaThread "Unconstrained build operations Thread 28" [_thread_blocked, id=4072, stack(0x00000077a2800000,0x00000077a2900000)]
  0x0000022ff02f3c10 JavaThread "Unconstrained build operations Thread 29" [_thread_blocked, id=16604, stack(0x00000077a2900000,0x00000077a2a00000)]
  0x0000022ff02f0e80 JavaThread "Unconstrained build operations Thread 30" [_thread_blocked, id=36316, stack(0x00000077a2a00000,0x00000077a2b00000)]
  0x0000022ffef1a750 JavaThread "build event listener" [_thread_blocked, id=32324, stack(0x00000077a2b00000,0x00000077a2c00000)]
  0x0000022ffef19820 JavaThread "build event listener" [_thread_blocked, id=3532, stack(0x00000077a2c00000,0x00000077a2d00000)]
  0x0000022ffef19d30 JavaThread "Problems report writer" [_thread_blocked, id=20948, stack(0x00000077a2d00000,0x00000077a2e00000)]
  0x0000022ffef1a240 JavaThread "pool-13-thread-1" [_thread_blocked, id=31420, stack(0x00000077a3100000,0x00000077a3200000)]
  0x0000022ffef17ed0 JavaThread "build event listener" [_thread_blocked, id=37828, stack(0x00000077a3300000,0x00000077a3400000)]
  0x0000022ffef183e0 JavaThread "included builds" [_thread_blocked, id=31716, stack(0x00000077a3400000,0x00000077a3500000)]
  0x0000022ff02f22c0 JavaThread "Execution worker" [_thread_blocked, id=35732, stack(0x00000077a3500000,0x00000077a3600000)]
  0x0000022ff3d458c0 JavaThread "Execution worker Thread 2" [_thread_in_native, id=1748, stack(0x00000077a3600000,0x00000077a3700000)]
  0x0000022ff3d45dd0 JavaThread "Execution worker Thread 3" [_thread_blocked, id=27628, stack(0x00000077a3700000,0x00000077a3800000)]
  0x0000022ff3d462e0 JavaThread "Execution worker Thread 4" [_thread_blocked, id=32432, stack(0x00000077a3800000,0x00000077a3900000)]
  0x0000022fef5a5700 JavaThread "Execution worker Thread 5" [_thread_blocked, id=28264, stack(0x00000077a3900000,0x00000077a3a00000)]
  0x0000022fef529250 JavaThread "Execution worker Thread 6" [_thread_blocked, id=28232, stack(0x00000077a3c00000,0x00000077a3d00000)]
  0x0000022fef52a690 JavaThread "Execution worker Thread 7" [_thread_blocked, id=28492, stack(0x00000077a3d00000,0x00000077a3e00000)]
  0x0000022fef52bfe0 JavaThread "Execution worker Thread 8" [_thread_blocked, id=31068, stack(0x00000077a3e00000,0x00000077a3f00000)]
  0x0000022fef52aba0 JavaThread "Execution worker Thread 9" [_thread_blocked, id=30424, stack(0x00000077a3f00000,0x00000077a4000000)]
  0x0000022fef529c70 JavaThread "Execution worker Thread 10" [_thread_blocked, id=2788, stack(0x00000077a4000000,0x00000077a4100000)]
  0x0000022fef529760 JavaThread "Execution worker Thread 11" [_thread_blocked, id=25868, stack(0x00000077a4100000,0x00000077a4200000)]
  0x0000022fef52b0b0 JavaThread "Execution worker Thread 12" [_thread_blocked, id=32224, stack(0x00000077a4200000,0x00000077a4300000)]
  0x0000022fef52b5c0 JavaThread "Execution worker Thread 13" [_thread_blocked, id=15520, stack(0x00000077a4300000,0x00000077a4400000)]
  0x0000022fef52bad0 JavaThread "Execution worker Thread 14" [_thread_blocked, id=33980, stack(0x00000077a4400000,0x00000077a4500000)]
  0x0000022f8503c1b0 JavaThread "Execution worker Thread 15" [_thread_blocked, id=32776, stack(0x00000077a4500000,0x00000077a4600000)]
  0x0000022fef5a6b40 JavaThread "Cache worker for execution history cache (C:\Users\Nicoj\OneDrive\Desktop\IT342-Colo-BookBud\mobile\BookBud\.gradle\8.12\executionHistory)" [_thread_blocked, id=29648, stack(0x00000077a4700000,0x00000077a4800000)]
  0x0000022ff61957c0 JavaThread "Unconstrained build operations Thread 31" [_thread_blocked, id=27096, stack(0x00000077a4800000,0x00000077a4900000)]
  0x0000022ffb0e18c0 JavaThread "Unconstrained build operations Thread 32" [_thread_blocked, id=9788, stack(0x00000077a4900000,0x00000077a4a00000)]
  0x0000022ffb0e1dd0 JavaThread "Unconstrained build operations Thread 33" [_thread_blocked, id=32492, stack(0x00000077a4a00000,0x00000077a4b00000)]
  0x0000022ffb0e22e0 JavaThread "Unconstrained build operations Thread 34" [_thread_blocked, id=34112, stack(0x00000077a4b00000,0x00000077a4c00000)]
  0x0000022ffb0e27f0 JavaThread "Unconstrained build operations Thread 35" [_thread_blocked, id=29936, stack(0x00000077a4c00000,0x00000077a4d00000)]
  0x0000022f8503c6c0 JavaThread "Unconstrained build operations Thread 36" [_thread_blocked, id=29332, stack(0x00000077a4d00000,0x00000077a4e00000)]
  0x0000022f8503a350 JavaThread "Unconstrained build operations Thread 37" [_thread_blocked, id=20196, stack(0x00000077a4e00000,0x00000077a4f00000)]
  0x0000022f8503cbd0 JavaThread "Unconstrained build operations Thread 38" [_thread_blocked, id=13864, stack(0x00000077a4f00000,0x00000077a5000000)]
  0x0000022f8503d0e0 JavaThread "Unconstrained build operations Thread 39" [_thread_blocked, id=22000, stack(0x00000077a5000000,0x00000077a5100000)]
  0x0000022f85039930 JavaThread "Unconstrained build operations Thread 40" [_thread_blocked, id=28468, stack(0x00000077a5100000,0x00000077a5200000)]
  0x0000022f85039e40 JavaThread "Unconstrained build operations Thread 41" [_thread_blocked, id=20316, stack(0x00000077a5200000,0x00000077a5300000)]
  0x0000022f8503a860 JavaThread "Unconstrained build operations Thread 42" [_thread_blocked, id=3560, stack(0x00000077a5300000,0x00000077a5400000)]
  0x0000022f8503bca0 JavaThread "Unconstrained build operations Thread 43" [_thread_blocked, id=6152, stack(0x00000077a5800000,0x00000077a5900000)]
  0x0000022f8503ad70 JavaThread "Unconstrained build operations Thread 44" [_thread_blocked, id=19812, stack(0x00000077a5900000,0x00000077a5a00000)]
  0x0000022f8503b280 JavaThread "Unconstrained build operations Thread 45" [_thread_blocked, id=32748, stack(0x00000077a5a00000,0x00000077a5b00000)]
  0x0000022f8503b790 JavaThread "Unconstrained build operations Thread 46" [_thread_blocked, id=34252, stack(0x00000077a5b00000,0x00000077a5c00000)]
  0x0000022ffbf60060 JavaThread "Unconstrained build operations Thread 47" [_thread_blocked, id=36208, stack(0x00000077a5c00000,0x00000077a5d00000)]
  0x0000022ffbf5d2d0 JavaThread "Unconstrained build operations Thread 48" [_thread_blocked, id=33308, stack(0x00000077a5d00000,0x00000077a5e00000)]
  0x0000022ffbf5d7e0 JavaThread "Unconstrained build operations Thread 49" [_thread_blocked, id=29712, stack(0x00000077a5e00000,0x00000077a5f00000)]
  0x0000022ffbf5c8b0 JavaThread "Unconstrained build operations Thread 50" [_thread_blocked, id=19572, stack(0x00000077a5f00000,0x00000077a6000000)]
  0x0000022ffbf5f130 JavaThread "Unconstrained build operations Thread 51" [_thread_blocked, id=29784, stack(0x00000077a6000000,0x00000077a6100000)]
  0x0000022ffbf5cdc0 JavaThread "Unconstrained build operations Thread 52" [_thread_blocked, id=2520, stack(0x00000077a6100000,0x00000077a6200000)]
  0x0000022ffbf5dcf0 JavaThread "Unconstrained build operations Thread 53" [_thread_blocked, id=24852, stack(0x00000077a6200000,0x00000077a6300000)]
  0x0000022ffbf5e200 JavaThread "Unconstrained build operations Thread 54" [_thread_blocked, id=35908, stack(0x00000077a6300000,0x00000077a6400000)]
  0x0000022ffbf5fb50 JavaThread "Unconstrained build operations Thread 55" [_thread_blocked, id=30072, stack(0x00000077a6400000,0x00000077a6500000)]
  0x0000022ffbf5f640 JavaThread "Unconstrained build operations Thread 56" [_thread_blocked, id=26376, stack(0x00000077a6500000,0x00000077a6600000)]
  0x0000022ffbf5e710 JavaThread "Unconstrained build operations Thread 57" [_thread_blocked, id=20212, stack(0x00000077a6600000,0x00000077a6700000)]
  0x0000022ffbf5ec20 JavaThread "Unconstrained build operations Thread 58" [_thread_blocked, id=33776, stack(0x00000077a6700000,0x00000077a6800000)]
  0x0000022ffc7839f0 JavaThread "Unconstrained build operations Thread 59" [_thread_blocked, id=25168, stack(0x00000077a6800000,0x00000077a6900000)]
  0x0000022ffc783f00 JavaThread "Unconstrained build operations Thread 60" [_thread_blocked, id=5264, stack(0x00000077a6900000,0x00000077a6a00000)]
  0x0000022ffef16fa0 JavaThread "Unconstrained build operations Thread 61" [_thread_blocked, id=29444, stack(0x00000077a6a00000,0x00000077a6b00000)]
  0x0000022ffef179c0 JavaThread "Unconstrained build operations Thread 62" [_thread_blocked, id=36584, stack(0x00000077a6b00000,0x00000077a6c00000)]
  0x0000022ffef188f0 JavaThread "Unconstrained build operations Thread 63" [_thread_blocked, id=25676, stack(0x00000077a6c00000,0x00000077a6d00000)]
  0x0000022ffc26e100 JavaThread "Unconstrained build operations Thread 64" [_thread_blocked, id=29816, stack(0x00000077a6d00000,0x00000077a6e00000)]
  0x0000022ffc26eb20 JavaThread "Unconstrained build operations Thread 65" [_thread_blocked, id=36820, stack(0x00000077a6e00000,0x00000077a6f00000)]
  0x0000022ffc26b370 JavaThread "Unconstrained build operations Thread 66" [_thread_blocked, id=31604, stack(0x00000077a6f00000,0x00000077a7000000)]
  0x0000022ffc26b880 JavaThread "Unconstrained build operations Thread 67" [_thread_blocked, id=37352, stack(0x00000077a7000000,0x00000077a7100000)]
  0x0000022ffc26bd90 JavaThread "Unconstrained build operations Thread 68" [_thread_blocked, id=30192, stack(0x00000077a7100000,0x00000077a7200000)]
  0x0000022ffc26c2a0 JavaThread "Unconstrained build operations Thread 69" [_thread_blocked, id=18672, stack(0x00000077a7200000,0x00000077a7300000)]
  0x0000022ffc26d1d0 JavaThread "Unconstrained build operations Thread 70" [_thread_blocked, id=29912, stack(0x00000077a7300000,0x00000077a7400000)]
  0x0000022ffc26ccc0 JavaThread "Unconstrained build operations Thread 71" [_thread_blocked, id=31360, stack(0x00000077a7400000,0x00000077a7500000)]
  0x0000022ffc26dbf0 JavaThread "Unconstrained build operations Thread 72" [_thread_blocked, id=35492, stack(0x00000077a7500000,0x00000077a7600000)]
  0x0000022fef5a42c0 JavaThread "Unconstrained build operations Thread 73" [_thread_blocked, id=32172, stack(0x00000077a7600000,0x00000077a7700000)]
  0x0000022fef5a47d0 JavaThread "Unconstrained build operations Thread 74" [_thread_blocked, id=31272, stack(0x00000077a7700000,0x00000077a7800000)]
  0x0000022fef5a5c10 JavaThread "Unconstrained build operations Thread 75" [_thread_blocked, id=27960, stack(0x00000077a7800000,0x00000077a7900000)]
  0x0000022fef5a7a70 JavaThread "Unconstrained build operations Thread 76" [_thread_blocked, id=30600, stack(0x00000077a7900000,0x00000077a7a00000)]
  0x0000022ff6195cd0 JavaThread "Unconstrained build operations Thread 77" [_thread_blocked, id=28044, stack(0x00000077a7a00000,0x00000077a7b00000)]
  0x0000022ff61966f0 JavaThread "Unconstrained build operations Thread 78" [_thread_blocked, id=32280, stack(0x00000077a7b00000,0x00000077a7c00000)]
  0x0000022ff6194da0 JavaThread "Unconstrained build operations Thread 79" [_thread_blocked, id=36444, stack(0x00000077a7c00000,0x00000077a7d00000)]
  0x0000022ff61961e0 JavaThread "Unconstrained build operations Thread 80" [_thread_blocked, id=36812, stack(0x00000077a7d00000,0x00000077a7e00000)]
  0x0000022ff3ee8980 JavaThread "Unconstrained build operations Thread 81" [_thread_blocked, id=36608, stack(0x00000077a7e00000,0x00000077a7f00000)]
  0x0000022ff3ee7a50 JavaThread "Unconstrained build operations Thread 82" [_thread_blocked, id=22048, stack(0x00000077a7f00000,0x00000077a8000000)]
  0x0000022ff3ee9dc0 JavaThread "Unconstrained build operations Thread 83" [_thread_blocked, id=3896, stack(0x00000077a8000000,0x00000077a8100000)]
  0x0000022ff3ee7f60 JavaThread "Unconstrained build operations Thread 84" [_thread_blocked, id=36460, stack(0x00000077a8100000,0x00000077a8200000)]
  0x0000022ff3eea7e0 JavaThread "Unconstrained build operations Thread 85" [_thread_blocked, id=28992, stack(0x00000077a8200000,0x00000077a8300000)]
  0x0000022ff3ee98b0 JavaThread "Unconstrained build operations Thread 86" [_thread_blocked, id=27748, stack(0x00000077a8300000,0x00000077a8400000)]
  0x0000022ffb0e13b0 JavaThread "Unconstrained build operations Thread 87" [_thread_blocked, id=34068, stack(0x00000077a8400000,0x00000077a8500000)]
  0x0000022ffb0e2d00 JavaThread "Unconstrained build operations Thread 88" [_thread_blocked, id=6644, stack(0x00000077a8500000,0x00000077a8600000)]
  0x0000022ffb0e3210 JavaThread "Unconstrained build operations Thread 89" [_thread_blocked, id=29436, stack(0x00000077a8600000,0x00000077a8700000)]
  0x0000022ffb0e3720 JavaThread "Unconstrained build operations Thread 90" [_thread_blocked, id=6932, stack(0x00000077a8700000,0x00000077a8800000)]
  0x0000022ffb0dff70 JavaThread "Unconstrained build operations Thread 91" [_thread_blocked, id=29148, stack(0x00000077a8800000,0x00000077a8900000)]
  0x0000022ff2282f60 JavaThread "WorkerExecutor Queue" [_thread_blocked, id=37124, stack(0x00000077a8900000,0x00000077a8a00000)]
  0x0000022ff3ee8470 JavaThread "Unconstrained build operations Thread 92" [_thread_blocked, id=20304, stack(0x00000077a8a00000,0x00000077a8b00000)]
  0x0000022ff3ee93a0 JavaThread "Unconstrained build operations Thread 93" [_thread_blocked, id=7364, stack(0x00000077a8b00000,0x00000077a8c00000)]
  0x0000022ff3ee8e90 JavaThread "Unconstrained build operations Thread 94" [_thread_blocked, id=17108, stack(0x00000077a8c00000,0x00000077a8d00000)]
  0x0000022ff3eea2d0 JavaThread "Unconstrained build operations Thread 95" [_thread_blocked, id=35292, stack(0x00000077a8d00000,0x00000077a8e00000)]
  0x0000022ff3ee7030 JavaThread "Unconstrained build operations Thread 96" [_thread_blocked, id=27116, stack(0x00000077a8e00000,0x00000077a8f00000)]
  0x0000022ff3ee7540 JavaThread "Unconstrained build operations Thread 97" [_thread_blocked, id=33316, stack(0x00000077a8f00000,0x00000077a9000000)]
  0x0000022ffc1b5af0 JavaThread "Unconstrained build operations Thread 98" [_thread_blocked, id=35308, stack(0x00000077a9000000,0x00000077a9100000)]
  0x0000022fef5a6120 JavaThread "Unconstrained build operations Thread 99" [_thread_blocked, id=33540, stack(0x00000077a9100000,0x00000077a9200000)]
  0x0000022ffb0e0990 JavaThread "Unconstrained build operations Thread 100" [_thread_blocked, id=7600, stack(0x00000077a9200000,0x00000077a9300000)]
  0x0000022ff2199ee0 JavaThread "Unconstrained build operations Thread 101" [_thread_blocked, id=36924, stack(0x00000077a9300000,0x00000077a9400000)]
  0x0000022ff219a3f0 JavaThread "Unconstrained build operations Thread 102" [_thread_blocked, id=33616, stack(0x00000077a9400000,0x00000077a9500000)]
  0x0000022fef5a4ce0 JavaThread "Unconstrained build operations Thread 103" [_thread_blocked, id=9132, stack(0x00000077a9500000,0x00000077a9600000)]
  0x0000022fef5a7050 JavaThread "Unconstrained build operations Thread 104" [_thread_blocked, id=4888, stack(0x00000077a9600000,0x00000077a9700000)]
  0x0000022fef5a6630 JavaThread "Unconstrained build operations Thread 105" [_thread_blocked, id=11684, stack(0x00000077a9700000,0x00000077a9800000)]
  0x0000022fef5a7560 JavaThread "Unconstrained build operations Thread 106" [_thread_blocked, id=35240, stack(0x00000077a9800000,0x00000077a9900000)]
  0x0000022ff21999d0 JavaThread "Unconstrained build operations Thread 107" [_thread_blocked, id=32096, stack(0x00000077a9900000,0x00000077a9a00000)]
  0x0000022ff02f27d0 JavaThread "Unconstrained build operations Thread 108" [_thread_blocked, id=27728, stack(0x00000077a9a00000,0x00000077a9b00000)]
  0x0000022ff02f31f0 JavaThread "Unconstrained build operations Thread 109" [_thread_blocked, id=11492, stack(0x00000077a9b00000,0x00000077a9c00000)]
  0x0000022ff02f3700 JavaThread "Unconstrained build operations Thread 110" [_thread_blocked, id=3364, stack(0x00000077a9c00000,0x00000077a9d00000)]
  0x0000022ff02f2ce0 JavaThread "Unconstrained build operations Thread 111" [_thread_blocked, id=30188, stack(0x00000077a9d00000,0x00000077a9e00000)]
  0x0000022fef5a51f0 JavaThread "Unconstrained build operations Thread 112" [_thread_blocked, id=32060, stack(0x00000077a9e00000,0x00000077a9f00000)]
  0x0000022ff4020060 JavaThread "Unconstrained build operations Thread 113" [_thread_blocked, id=36816, stack(0x00000077a9f00000,0x00000077aa000000)]
  0x0000022ff4023810 JavaThread "Unconstrained build operations Thread 114" [_thread_blocked, id=32588, stack(0x00000077aa000000,0x00000077aa100000)]
  0x0000022ff40214a0 JavaThread "Unconstrained build operations Thread 115" [_thread_blocked, id=24112, stack(0x00000077aa100000,0x00000077aa200000)]
  0x0000022ff40219b0 JavaThread "Unconstrained build operations Thread 116" [_thread_blocked, id=3284, stack(0x00000077aa200000,0x00000077aa300000)]
  0x0000022ff4020570 JavaThread "Unconstrained build operations Thread 117" [_thread_blocked, id=29468, stack(0x00000077aa300000,0x00000077aa400000)]
  0x0000022ff4020a80 JavaThread "Unconstrained build operations Thread 118" [_thread_blocked, id=37388, stack(0x00000077aa400000,0x00000077aa500000)]
  0x0000022ffc674ba0 JavaThread "Unconstrained build operations Thread 119" [_thread_blocked, id=22344, stack(0x00000077aa500000,0x00000077aa600000)]
  0x0000022ffc674690 JavaThread "Unconstrained build operations Thread 120" [_thread_blocked, id=26136, stack(0x00000077aa600000,0x00000077aa700000)]
  0x0000022ffc672320 JavaThread "Unconstrained build operations Thread 121" [_thread_blocked, id=15428, stack(0x00000077aa700000,0x00000077aa800000)]
  0x0000022ffc672830 JavaThread "Unconstrained build operations Thread 122" [_thread_blocked, id=21300, stack(0x00000077aa800000,0x00000077aa900000)]
  0x0000022ffc673c70 JavaThread "Unconstrained build operations Thread 123" [_thread_blocked, id=3084, stack(0x00000077aa900000,0x00000077aaa00000)]
  0x0000022ffc6750b0 JavaThread "Unconstrained build operations Thread 124" [_thread_blocked, id=35836, stack(0x00000077aaa00000,0x00000077aab00000)]
  0x0000022ffc671900 JavaThread "Unconstrained build operations Thread 125" [_thread_blocked, id=17956, stack(0x00000077aab00000,0x00000077aac00000)]
  0x0000022ffc782fd0 JavaThread "Unconstrained build operations Thread 126" [_thread_blocked, id=30680, stack(0x00000077aac00000,0x00000077aad00000)]
  0x0000022ffc7834e0 JavaThread "Unconstrained build operations Thread 127" [_thread_blocked, id=22204, stack(0x00000077aad00000,0x00000077aae00000)]
  0x0000022ffc784410 JavaThread "Unconstrained build operations Thread 128" [_thread_blocked, id=6936, stack(0x00000077aae00000,0x00000077aaf00000)]
  0x0000022ffc7820a0 JavaThread "Unconstrained build operations Thread 129" [_thread_blocked, id=16960, stack(0x00000077aaf00000,0x00000077ab000000)]
  0x0000022ff40228e0 JavaThread "Unconstrained build operations Thread 130" [_thread_blocked, id=21416, stack(0x00000077ab000000,0x00000077ab100000)]
  0x0000022ff4020f90 JavaThread "Unconstrained build operations Thread 131" [_thread_blocked, id=34616, stack(0x00000077ab100000,0x00000077ab200000)]
  0x0000022ffc673250 JavaThread "Unconstrained build operations Thread 132" [_thread_blocked, id=30632, stack(0x00000077ab200000,0x00000077ab300000)]
  0x0000022ffc672d40 JavaThread "Unconstrained build operations Thread 133" [_thread_blocked, id=13884, stack(0x00000077ab300000,0x00000077ab400000)]
  0x0000022ff40223d0 JavaThread "Unconstrained build operations Thread 134" [_thread_blocked, id=29040, stack(0x00000077ab400000,0x00000077ab500000)]
  0x0000022ff2283980 JavaThread "Unconstrained build operations Thread 135" [_thread_blocked, id=31196, stack(0x00000077ab500000,0x00000077ab600000)]
  0x0000022ff22848b0 JavaThread "Unconstrained build operations Thread 136" [_thread_blocked, id=3944, stack(0x00000077ab600000,0x00000077ab700000)]
  0x0000022ff4021ec0 JavaThread "Unconstrained build operations Thread 137" [_thread_blocked, id=34864, stack(0x00000077ab700000,0x00000077ab800000)]
  0x0000022ff4022df0 JavaThread "Unconstrained build operations Thread 138" [_thread_blocked, id=33396, stack(0x00000077ab800000,0x00000077ab900000)]
  0x0000022ffc781b90 JavaThread "Unconstrained build operations Thread 139" [_thread_blocked, id=21772, stack(0x00000077ab900000,0x00000077aba00000)]
  0x0000022ffc784920 JavaThread "Unconstrained build operations Thread 140" [_thread_blocked, id=6600, stack(0x00000077aba00000,0x00000077abb00000)]
  0x0000022ffc784e30 JavaThread "Unconstrained build operations Thread 141" [_thread_blocked, id=35076, stack(0x00000077abb00000,0x00000077abc00000)]
  0x0000022ff219a900 JavaThread "Unconstrained build operations Thread 142" [_thread_blocked, id=22232, stack(0x00000077abc00000,0x00000077abd00000)]
  0x0000022ff219ae10 JavaThread "Unconstrained build operations Thread 143" [_thread_blocked, id=33684, stack(0x00000077abd00000,0x00000077abe00000)]
  0x0000022ff219b320 JavaThread "Unconstrained build operations Thread 144" [_thread_blocked, id=30316, stack(0x00000077abe00000,0x00000077abf00000)]
  0x0000022ff4092ea0 JavaThread "Unconstrained build operations Thread 145" [_thread_blocked, id=13612, stack(0x00000077abf00000,0x00000077ac000000)]
  0x0000022ff4095210 JavaThread "Unconstrained build operations Thread 146" [_thread_blocked, id=34080, stack(0x00000077ac200000,0x00000077ac300000)]
  0x0000022ff40933b0 JavaThread "Unconstrained build operations Thread 147" [_thread_blocked, id=30532, stack(0x00000077ac300000,0x00000077ac400000)]
  0x0000022ffc673760 JavaThread "Unconstrained build operations Thread 148" [_thread_blocked, id=11008, stack(0x00000077ac600000,0x00000077ac700000)]
  0x0000022ffc671e10 JavaThread "Unconstrained build operations Thread 149" [_thread_blocked, id=13172, stack(0x00000077ac700000,0x00000077ac800000)]
  0x0000022ffc785340 JavaThread "Unconstrained build operations Thread 150" [_thread_blocked, id=15420, stack(0x00000077ac800000,0x00000077ac900000)]
  0x0000022ffc782ac0 JavaThread "Unconstrained build operations Thread 151" [_thread_blocked, id=2932, stack(0x00000077ac900000,0x00000077aca00000)]
  0x0000022ff2284dc0 JavaThread "Unconstrained build operations Thread 152" [_thread_blocked, id=34664, stack(0x00000077acb00000,0x00000077acc00000)]
  0x0000022ff2283e90 JavaThread "Unconstrained build operations Thread 153" [_thread_blocked, id=29516, stack(0x00000077acc00000,0x00000077acd00000)]
  0x0000022ff22852d0 JavaThread "Unconstrained build operations Thread 154" [_thread_blocked, id=10136, stack(0x00000077acd00000,0x00000077ace00000)]
  0x0000022ff22857e0 JavaThread "Unconstrained build operations Thread 155" [_thread_blocked, id=34728, stack(0x00000077ace00000,0x00000077acf00000)]
  0x0000022ff2282030 JavaThread "Unconstrained build operations Thread 156" [_thread_blocked, id=34880, stack(0x00000077acf00000,0x00000077ad000000)]
  0x0000022ff2282a50 JavaThread "Unconstrained build operations Thread 157" [_thread_blocked, id=26536, stack(0x00000077ad000000,0x00000077ad100000)]
  0x0000022ffd1bdf90 JavaThread "Unconstrained build operations Thread 158" [_thread_blocked, id=37112, stack(0x00000077ad100000,0x00000077ad200000)]
  0x0000022ffc26e610 JavaThread "WorkerExecutor Queue Thread 2" [_thread_in_native, id=22256, stack(0x00000077ad500000,0x00000077ad600000)]
  0x0000022ffb45a230 JavaThread "Unconstrained build operations Thread 159" [_thread_blocked, id=36312, stack(0x00000077ad600000,0x00000077ad700000)]
  0x0000022ffb45cab0 JavaThread "Unconstrained build operations Thread 160" [_thread_blocked, id=22288, stack(0x00000077ad700000,0x00000077ad800000)]
  0x0000022ff40938c0 JavaThread "WorkerExecutor Queue Thread 3" [_thread_blocked, id=4312, stack(0x00000077a2f00000,0x00000077a3000000)]
  0x0000022ff4095720 JavaThread "WorkerExecutor Queue Thread 4" [_thread_blocked, id=14348, stack(0x00000077ad800000,0x00000077ad900000)]
  0x0000022ff4095c30 JavaThread "WorkerExecutor Queue Thread 5" [_thread_blocked, id=6192, stack(0x00000077ad900000,0x00000077ada00000)]
  0x0000022ffd1c4a00 JavaThread "WorkerExecutor Queue Thread 6" [_thread_blocked, id=36256, stack(0x00000077ada00000,0x00000077adb00000)]
  0x0000022fef2a5d70 JavaThread "C2 CompilerThread1" daemon [_thread_in_native, id=23516, stack(0x00000077a3000000,0x00000077a3100000)]

Other Threads:
  0x0000022fead6dd50 VMThread "VM Thread" [stack: 0x000000779ce00000,0x000000779cf00000] [id=2160]
  0x0000022fd3d816e0 WatcherThread [stack: 0x000000779db00000,0x000000779dc00000] [id=17124]
  0x0000022fd3db0bf0 GCTaskThread "GC Thread#0" [stack: 0x000000779c900000,0x000000779ca00000] [id=34388]
  0x0000022fefbbd3a0 GCTaskThread "GC Thread#1" [stack: 0x000000779dd00000,0x000000779de00000] [id=33796]
  0x0000022fefbbd660 GCTaskThread "GC Thread#2" [stack: 0x000000779de00000,0x000000779df00000] [id=36240]
  0x0000022fefb22f30 GCTaskThread "GC Thread#3" [stack: 0x000000779df00000,0x000000779e000000] [id=35656]
  0x0000022fefb231f0 GCTaskThread "GC Thread#4" [stack: 0x000000779e000000,0x000000779e100000] [id=33456]
  0x0000022fef729a10 GCTaskThread "GC Thread#5" [stack: 0x000000779e100000,0x000000779e200000] [id=17172]
  0x0000022ff17bf210 GCTaskThread "GC Thread#6" [stack: 0x000000779ee00000,0x000000779ef00000] [id=13356]
  0x0000022ff1598bd0 GCTaskThread "GC Thread#7" [stack: 0x000000779ef00000,0x000000779f000000] [id=31108]
  0x0000022fefbcd480 GCTaskThread "GC Thread#8" [stack: 0x000000779f000000,0x000000779f100000] [id=3416]
  0x0000022ff16bb8a0 GCTaskThread "GC Thread#9" [stack: 0x000000779f100000,0x000000779f200000] [id=32416]
  0x0000022ff1716390 GCTaskThread "GC Thread#10" [stack: 0x000000779f200000,0x000000779f300000] [id=32380]
  0x0000022ff1715b50 GCTaskThread "GC Thread#11" [stack: 0x000000779f300000,0x000000779f400000] [id=16872]
  0x0000022ff1716650 GCTaskThread "GC Thread#12" [stack: 0x000000779f400000,0x000000779f500000] [id=6748]
  0x0000022fd3db5a50 ConcurrentGCThread "G1 Main Marker" [stack: 0x000000779ca00000,0x000000779cb00000] [id=14800]
  0x0000022fd3db8060 ConcurrentGCThread "G1 Conc#0" [stack: 0x000000779cb00000,0x000000779cc00000] [id=36404]
  0x0000022ff1715e10 ConcurrentGCThread "G1 Conc#1" [stack: 0x000000779f500000,0x000000779f600000] [id=36748]
  0x0000022ff1716910 ConcurrentGCThread "G1 Conc#2" [stack: 0x000000779f600000,0x000000779f700000] [id=11396]
  0x0000022fd3e2e4c0 ConcurrentGCThread "G1 Refine#0" [stack: 0x000000779cc00000,0x000000779cd00000] [id=34980]
  0x0000022ff0d51720 ConcurrentGCThread "G1 Refine#1" [stack: 0x00000077a5400000,0x00000077a5500000] [id=32288]
  0x0000022ff0d51a10 ConcurrentGCThread "G1 Refine#2" [stack: 0x00000077a5500000,0x00000077a5600000] [id=2928]
  0x0000022ff0d51ff0 ConcurrentGCThread "G1 Refine#3" [stack: 0x00000077a5600000,0x00000077a5700000] [id=33152]
  0x0000022ff0d50290 ConcurrentGCThread "G1 Refine#4" [stack: 0x00000077a5700000,0x00000077a5800000] [id=37316]
  0x0000022ff0ed6e40 ConcurrentGCThread "G1 Refine#5" [stack: 0x00000077ac000000,0x00000077ac100000] [id=996]
  0x0000022fef3d77c0 ConcurrentGCThread "G1 Refine#6" [stack: 0x00000077ac100000,0x00000077ac200000] [id=32388]
  0x0000022feac22560 ConcurrentGCThread "G1 Service" [stack: 0x000000779cd00000,0x000000779ce00000] [id=4716]

Threads with active compile tasks:
C2 CompilerThread0   691400 35202       4       org.gradle.internal.instantiation.generator.AbstractClassGenerator::inspectType (560 bytes)
C2 CompilerThread1   691400 35205       4       java.lang.Class::annotationData (44 bytes)

VM state: not at safepoint (normal execution)

VM Mutex/Monitor currently owned by a thread: None

Heap address: 0x00000000e0000000, size: 512 MB, Compressed Oops mode: 32-bit

CDS archive(s) not mapped
Compressed class space mapped at: 0x0000000100000000-0x0000000114000000, reserved size: 335544320
Narrow klass base: 0x0000000000000000, Narrow klass shift: 3, Narrow klass range: 0x114000000

GC Precious Log:
 CPUs: 16 total, 16 available
 Memory: 7896M
 Large Page Support: Disabled
 NUMA Support: Disabled
 Compressed Oops: Enabled (32-bit)
 Heap Region Size: 1M
 Heap Min Capacity: 256M
 Heap Initial Capacity: 256M
 Heap Max Capacity: 512M
 Pre-touch: Disabled
 Parallel Workers: 13
 Concurrent Workers: 3
 Concurrent Refinement Workers: 13
 Periodic GC: Disabled

Heap:
 garbage-first heap   total 524288K, used 391998K [0x00000000e0000000, 0x0000000100000000)
  region size 1024K, 149 young (152576K), 8 survivors (8192K)
 Metaspace       used 173727K, committed 174912K, reserved 524288K
  class space    used 23861K, committed 24448K, reserved 327680K

Heap Regions: E=young(eden), S=young(survivor), O=old, HS=humongous(starts), HC=humongous(continues), CS=collection set, F=free, OA=open archive, CA=closed archive, TAMS=top-at-mark-start (previous, next)
|   0|0x00000000e0000000, 0x00000000e0100000, 0x00000000e0100000|100%| O|  |TAMS 0x00000000e0100000, 0x00000000e0000000| Untracked 
|   1|0x00000000e0100000, 0x00000000e0200000, 0x00000000e0200000|100%| O|  |TAMS 0x00000000e0200000, 0x00000000e0100000| Untracked 
|   2|0x00000000e0200000, 0x00000000e0300000, 0x00000000e0300000|100%|HS|  |TAMS 0x00000000e0300000, 0x00000000e0200000| Complete 
|   3|0x00000000e0300000, 0x00000000e0400000, 0x00000000e0400000|100%|HC|  |TAMS 0x00000000e0400000, 0x00000000e0300000| Complete 
|   4|0x00000000e0400000, 0x00000000e0500000, 0x00000000e0500000|100%|HC|  |TAMS 0x00000000e0500000, 0x00000000e0400000| Complete 
|   5|0x00000000e0500000, 0x00000000e0600000, 0x00000000e0600000|100%| O|  |TAMS 0x00000000e0600000, 0x00000000e0500000| Untracked 
|   6|0x00000000e0600000, 0x00000000e0700000, 0x00000000e0700000|100%| O|  |TAMS 0x00000000e0700000, 0x00000000e0600000| Untracked 
|   7|0x00000000e0700000, 0x00000000e0800000, 0x00000000e0800000|100%|HS|  |TAMS 0x00000000e0800000, 0x00000000e0700000| Complete 
|   8|0x00000000e0800000, 0x00000000e0900000, 0x00000000e0900000|100%| O|  |TAMS 0x00000000e0900000, 0x00000000e0800000| Untracked 
|   9|0x00000000e0900000, 0x00000000e0a00000, 0x00000000e0a00000|100%| O|  |TAMS 0x00000000e0a00000, 0x00000000e0900000| Untracked 
|  10|0x00000000e0a00000, 0x00000000e0b00000, 0x00000000e0b00000|100%| O|  |TAMS 0x00000000e0b00000, 0x00000000e0a00000| Untracked 
|  11|0x00000000e0b00000, 0x00000000e0c00000, 0x00000000e0c00000|100%| O|  |TAMS 0x00000000e0c00000, 0x00000000e0b00000| Untracked 
|  12|0x00000000e0c00000, 0x00000000e0d00000, 0x00000000e0d00000|100%| O|  |TAMS 0x00000000e0d00000, 0x00000000e0c00000| Untracked 
|  13|0x00000000e0d00000, 0x00000000e0e00000, 0x00000000e0e00000|100%| O|  |TAMS 0x00000000e0e00000, 0x00000000e0d00000| Untracked 
|  14|0x00000000e0e00000, 0x00000000e0f00000, 0x00000000e0f00000|100%| O|  |TAMS 0x00000000e0f00000, 0x00000000e0e00000| Untracked 
|  15|0x00000000e0f00000, 0x00000000e1000000, 0x00000000e1000000|100%| O|  |TAMS 0x00000000e1000000, 0x00000000e0f00000| Untracked 
|  16|0x00000000e1000000, 0x00000000e1100000, 0x00000000e1100000|100%| O|  |TAMS 0x00000000e1100000, 0x00000000e1000000| Untracked 
|  17|0x00000000e1100000, 0x00000000e1200000, 0x00000000e1200000|100%| O|  |TAMS 0x00000000e1200000, 0x00000000e1100000| Untracked 
|  18|0x00000000e1200000, 0x00000000e1300000, 0x00000000e1300000|100%| O|  |TAMS 0x00000000e1300000, 0x00000000e1200000| Untracked 
|  19|0x00000000e1300000, 0x00000000e1400000, 0x00000000e1400000|100%| O|  |TAMS 0x00000000e1400000, 0x00000000e1300000| Untracked 
|  20|0x00000000e1400000, 0x00000000e1500000, 0x00000000e1500000|100%| O|  |TAMS 0x00000000e1500000, 0x00000000e1400000| Untracked 
|  21|0x00000000e1500000, 0x00000000e1600000, 0x00000000e1600000|100%| O|  |TAMS 0x00000000e1600000, 0x00000000e1500000| Untracked 
|  22|0x00000000e1600000, 0x00000000e1700000, 0x00000000e1700000|100%| O|  |TAMS 0x00000000e1700000, 0x00000000e1600000| Untracked 
|  23|0x00000000e1700000, 0x00000000e1800000, 0x00000000e1800000|100%| O|  |TAMS 0x00000000e1800000, 0x00000000e1700000| Untracked 
|  24|0x00000000e1800000, 0x00000000e1900000, 0x00000000e1900000|100%| O|  |TAMS 0x00000000e1900000, 0x00000000e1800000| Untracked 
|  25|0x00000000e1900000, 0x00000000e1a00000, 0x00000000e1a00000|100%| O|  |TAMS 0x00000000e1a00000, 0x00000000e1900000| Untracked 
|  26|0x00000000e1a00000, 0x00000000e1b00000, 0x00000000e1b00000|100%| O|  |TAMS 0x00000000e1b00000, 0x00000000e1a00000| Untracked 
|  27|0x00000000e1b00000, 0x00000000e1c00000, 0x00000000e1c00000|100%| O|  |TAMS 0x00000000e1c00000, 0x00000000e1b00000| Untracked 
|  28|0x00000000e1c00000, 0x00000000e1d00000, 0x00000000e1d00000|100%| O|  |TAMS 0x00000000e1d00000, 0x00000000e1c00000| Untracked 
|  29|0x00000000e1d00000, 0x00000000e1e00000, 0x00000000e1e00000|100%| O|  |TAMS 0x00000000e1e00000, 0x00000000e1d00000| Untracked 
|  30|0x00000000e1e00000, 0x00000000e1f00000, 0x00000000e1f00000|100%| O|  |TAMS 0x00000000e1f00000, 0x00000000e1e00000| Untracked 
|  31|0x00000000e1f00000, 0x00000000e2000000, 0x00000000e2000000|100%| O|  |TAMS 0x00000000e2000000, 0x00000000e1f00000| Untracked 
|  32|0x00000000e2000000, 0x00000000e2100000, 0x00000000e2100000|100%|HS|  |TAMS 0x00000000e2100000, 0x00000000e2000000| Complete 
|  33|0x00000000e2100000, 0x00000000e2200000, 0x00000000e2200000|100%|HS|  |TAMS 0x00000000e2200000, 0x00000000e2100000| Complete 
|  34|0x00000000e2200000, 0x00000000e2300000, 0x00000000e2300000|100%|HS|  |TAMS 0x00000000e2300000, 0x00000000e2200000| Complete 
|  35|0x00000000e2300000, 0x00000000e2400000, 0x00000000e2400000|100%|HC|  |TAMS 0x00000000e2400000, 0x00000000e2300000| Complete 
|  36|0x00000000e2400000, 0x00000000e2500000, 0x00000000e2500000|100%|HS|  |TAMS 0x00000000e2500000, 0x00000000e2400000| Complete 
|  37|0x00000000e2500000, 0x00000000e2600000, 0x00000000e2600000|100%|HC|  |TAMS 0x00000000e2600000, 0x00000000e2500000| Complete 
|  38|0x00000000e2600000, 0x00000000e2700000, 0x00000000e2700000|100%|HS|  |TAMS 0x00000000e2700000, 0x00000000e2600000| Complete 
|  39|0x00000000e2700000, 0x00000000e2800000, 0x00000000e2800000|100%|HS|  |TAMS 0x00000000e2800000, 0x00000000e2700000| Complete 
|  40|0x00000000e2800000, 0x00000000e2900000, 0x00000000e2900000|100%|HC|  |TAMS 0x00000000e2900000, 0x00000000e2800000| Complete 
|  41|0x00000000e2900000, 0x00000000e2a00000, 0x00000000e2a00000|100%|HC|  |TAMS 0x00000000e2a00000, 0x00000000e2900000| Complete 
|  42|0x00000000e2a00000, 0x00000000e2b00000, 0x00000000e2b00000|100%|HC|  |TAMS 0x00000000e2b00000, 0x00000000e2a00000| Complete 
|  43|0x00000000e2b00000, 0x00000000e2c00000, 0x00000000e2c00000|100%| O|  |TAMS 0x00000000e2c00000, 0x00000000e2b00000| Untracked 
|  44|0x00000000e2c00000, 0x00000000e2d00000, 0x00000000e2d00000|100%|HS|  |TAMS 0x00000000e2d00000, 0x00000000e2c00000| Complete 
|  45|0x00000000e2d00000, 0x00000000e2e00000, 0x00000000e2e00000|100%|HS|  |TAMS 0x00000000e2e00000, 0x00000000e2d00000| Complete 
|  46|0x00000000e2e00000, 0x00000000e2f00000, 0x00000000e2f00000|100%|HS|  |TAMS 0x00000000e2f00000, 0x00000000e2e00000| Complete 
|  47|0x00000000e2f00000, 0x00000000e3000000, 0x00000000e3000000|100%|HC|  |TAMS 0x00000000e3000000, 0x00000000e2f00000| Complete 
|  48|0x00000000e3000000, 0x00000000e3100000, 0x00000000e3100000|100%|HC|  |TAMS 0x00000000e3100000, 0x00000000e3000000| Complete 
|  49|0x00000000e3100000, 0x00000000e3200000, 0x00000000e3200000|100%|HC|  |TAMS 0x00000000e3200000, 0x00000000e3100000| Complete 
|  50|0x00000000e3200000, 0x00000000e3300000, 0x00000000e3300000|100%| O|  |TAMS 0x00000000e3300000, 0x00000000e3200000| Untracked 
|  51|0x00000000e3300000, 0x00000000e3400000, 0x00000000e3400000|100%| O|  |TAMS 0x00000000e3400000, 0x00000000e3300000| Untracked 
|  52|0x00000000e3400000, 0x00000000e3500000, 0x00000000e3500000|100%| O|  |TAMS 0x00000000e3500000, 0x00000000e3400000| Untracked 
|  53|0x00000000e3500000, 0x00000000e3600000, 0x00000000e3600000|100%| O|  |TAMS 0x00000000e3600000, 0x00000000e3500000| Untracked 
|  54|0x00000000e3600000, 0x00000000e3700000, 0x00000000e3700000|100%| O|  |TAMS 0x00000000e3700000, 0x00000000e3600000| Complete 
|  55|0x00000000e3700000, 0x00000000e3800000, 0x00000000e3800000|100%| O|  |TAMS 0x00000000e375ca00, 0x00000000e3700000| Untracked 
|  56|0x00000000e3800000, 0x00000000e3900000, 0x00000000e3900000|100%| O|  |TAMS 0x00000000e3900000, 0x00000000e3800000| Untracked 
|  57|0x00000000e3900000, 0x00000000e3a00000, 0x00000000e3a00000|100%| O|  |TAMS 0x00000000e3a00000, 0x00000000e3900000| Untracked 
|  58|0x00000000e3a00000, 0x00000000e3b00000, 0x00000000e3b00000|100%| O|  |TAMS 0x00000000e3a00000, 0x00000000e3a00000| Untracked 
|  59|0x00000000e3b00000, 0x00000000e3c00000, 0x00000000e3c00000|100%| O|  |TAMS 0x00000000e3c00000, 0x00000000e3b00000| Untracked 
|  60|0x00000000e3c00000, 0x00000000e3d00000, 0x00000000e3d00000|100%| O|  |TAMS 0x00000000e3d00000, 0x00000000e3c00000| Untracked 
|  61|0x00000000e3d00000, 0x00000000e3e00000, 0x00000000e3e00000|100%| O|  |TAMS 0x00000000e3e00000, 0x00000000e3d00000| Untracked 
|  62|0x00000000e3e00000, 0x00000000e3f00000, 0x00000000e3f00000|100%| O|  |TAMS 0x00000000e3f00000, 0x00000000e3e00000| Untracked 
|  63|0x00000000e3f00000, 0x00000000e4000000, 0x00000000e4000000|100%| O|  |TAMS 0x00000000e4000000, 0x00000000e3f00000| Untracked 
|  64|0x00000000e4000000, 0x00000000e4100000, 0x00000000e4100000|100%| O|  |TAMS 0x00000000e4100000, 0x00000000e4000000| Untracked 
|  65|0x00000000e4100000, 0x00000000e4200000, 0x00000000e4200000|100%| O|  |TAMS 0x00000000e4200000, 0x00000000e4100000| Untracked 
|  66|0x00000000e4200000, 0x00000000e4300000, 0x00000000e4300000|100%| O|  |TAMS 0x00000000e4300000, 0x00000000e4200000| Untracked 
|  67|0x00000000e4300000, 0x00000000e4400000, 0x00000000e4400000|100%| O|  |TAMS 0x00000000e4400000, 0x00000000e4300000| Untracked 
|  68|0x00000000e4400000, 0x00000000e4500000, 0x00000000e4500000|100%| O|  |TAMS 0x00000000e4500000, 0x00000000e4400000| Untracked 
|  69|0x00000000e4500000, 0x00000000e4600000, 0x00000000e4600000|100%| O|  |TAMS 0x00000000e4500000, 0x00000000e4500000| Untracked 
|  70|0x00000000e4600000, 0x00000000e4700000, 0x00000000e4700000|100%| O|  |TAMS 0x00000000e4700000, 0x00000000e4600000| Untracked 
|  71|0x00000000e4700000, 0x00000000e4800000, 0x00000000e4800000|100%| O|  |TAMS 0x00000000e4800000, 0x00000000e4700000| Untracked 
|  72|0x00000000e4800000, 0x00000000e4900000, 0x00000000e4900000|100%| O|  |TAMS 0x00000000e4900000, 0x00000000e4800000| Untracked 
|  73|0x00000000e4900000, 0x00000000e4a00000, 0x00000000e4a00000|100%| O|  |TAMS 0x00000000e4a00000, 0x00000000e4900000| Untracked 
|  74|0x00000000e4a00000, 0x00000000e4b00000, 0x00000000e4b00000|100%| O|  |TAMS 0x00000000e4b00000, 0x00000000e4a00000| Untracked 
|  75|0x00000000e4b00000, 0x00000000e4c00000, 0x00000000e4c00000|100%| O|  |TAMS 0x00000000e4c00000, 0x00000000e4b00000| Untracked 
|  76|0x00000000e4c00000, 0x00000000e4d00000, 0x00000000e4d00000|100%| O|  |TAMS 0x00000000e4c00000, 0x00000000e4c00000| Untracked 
|  77|0x00000000e4d00000, 0x00000000e4e00000, 0x00000000e4e00000|100%| O|  |TAMS 0x00000000e4d00000, 0x00000000e4d00000| Untracked 
|  78|0x00000000e4e00000, 0x00000000e4f00000, 0x00000000e4f00000|100%| O|  |TAMS 0x00000000e4f00000, 0x00000000e4e00000| Untracked 
|  79|0x00000000e4f00000, 0x00000000e5000000, 0x00000000e5000000|100%| O|  |TAMS 0x00000000e4f00000, 0x00000000e4f00000| Untracked 
|  80|0x00000000e5000000, 0x00000000e5100000, 0x00000000e5100000|100%| O|  |TAMS 0x00000000e5100000, 0x00000000e5000000| Complete 
|  81|0x00000000e5100000, 0x00000000e5200000, 0x00000000e5200000|100%| O|  |TAMS 0x00000000e5200000, 0x00000000e5100000| Untracked 
|  82|0x00000000e5200000, 0x00000000e5300000, 0x00000000e5300000|100%| O|  |TAMS 0x00000000e5300000, 0x00000000e5200000| Complete 
|  83|0x00000000e5300000, 0x00000000e5400000, 0x00000000e5400000|100%| O|  |TAMS 0x00000000e5400000, 0x00000000e5300000| Untracked 
|  84|0x00000000e5400000, 0x00000000e5500000, 0x00000000e5500000|100%| O|  |TAMS 0x00000000e5500000, 0x00000000e5400000| Untracked 
|  85|0x00000000e5500000, 0x00000000e5600000, 0x00000000e5600000|100%| O|  |TAMS 0x00000000e5500000, 0x00000000e5500000| Untracked 
|  86|0x00000000e5600000, 0x00000000e5700000, 0x00000000e5700000|100%| O|  |TAMS 0x00000000e5700000, 0x00000000e5600000| Untracked 
|  87|0x00000000e5700000, 0x00000000e5800000, 0x00000000e5800000|100%| O|  |TAMS 0x00000000e5800000, 0x00000000e5700000| Untracked 
|  88|0x00000000e5800000, 0x00000000e5900000, 0x00000000e5900000|100%| O|  |TAMS 0x00000000e5900000, 0x00000000e5800000| Untracked 
|  89|0x00000000e5900000, 0x00000000e5a00000, 0x00000000e5a00000|100%| O|  |TAMS 0x00000000e5a00000, 0x00000000e5900000| Untracked 
|  90|0x00000000e5a00000, 0x00000000e5b00000, 0x00000000e5b00000|100%| O|  |TAMS 0x00000000e5b00000, 0x00000000e5a00000| Untracked 
|  91|0x00000000e5b00000, 0x00000000e5c00000, 0x00000000e5c00000|100%| O|  |TAMS 0x00000000e5c00000, 0x00000000e5b00000| Untracked 
|  92|0x00000000e5c00000, 0x00000000e5d00000, 0x00000000e5d00000|100%| O|  |TAMS 0x00000000e5d00000, 0x00000000e5c00000| Untracked 
|  93|0x00000000e5d00000, 0x00000000e5e00000, 0x00000000e5e00000|100%| O|  |TAMS 0x00000000e5e00000, 0x00000000e5d00000| Complete 
|  94|0x00000000e5e00000, 0x00000000e5f00000, 0x00000000e5f00000|100%| O|  |TAMS 0x00000000e5f00000, 0x00000000e5e00000| Untracked 
|  95|0x00000000e5f00000, 0x00000000e6000000, 0x00000000e6000000|100%| O|  |TAMS 0x00000000e6000000, 0x00000000e5f00000| Complete 
|  96|0x00000000e6000000, 0x00000000e6100000, 0x00000000e6100000|100%| O|  |TAMS 0x00000000e6100000, 0x00000000e6000000| Untracked 
|  97|0x00000000e6100000, 0x00000000e6200000, 0x00000000e6200000|100%| O|  |TAMS 0x00000000e6200000, 0x00000000e6100000| Untracked 
|  98|0x00000000e6200000, 0x00000000e6300000, 0x00000000e6300000|100%| O|  |TAMS 0x00000000e6300000, 0x00000000e6200000| Untracked 
|  99|0x00000000e6300000, 0x00000000e6400000, 0x00000000e6400000|100%| O|  |TAMS 0x00000000e6400000, 0x00000000e6300000| Untracked 
| 100|0x00000000e6400000, 0x00000000e6500000, 0x00000000e6500000|100%| O|  |TAMS 0x00000000e6500000, 0x00000000e6400000| Untracked 
| 101|0x00000000e6500000, 0x00000000e6600000, 0x00000000e6600000|100%| O|  |TAMS 0x00000000e6500000, 0x00000000e6500000| Untracked 
| 102|0x00000000e6600000, 0x00000000e6700000, 0x00000000e6700000|100%| O|  |TAMS 0x00000000e6700000, 0x00000000e6600000| Untracked 
| 103|0x00000000e6700000, 0x00000000e6800000, 0x00000000e6800000|100%| O|  |TAMS 0x00000000e6800000, 0x00000000e6700000| Untracked 
| 104|0x00000000e6800000, 0x00000000e6900000, 0x00000000e6900000|100%| O|  |TAMS 0x00000000e6800000, 0x00000000e6800000| Untracked 
| 105|0x00000000e6900000, 0x00000000e6a00000, 0x00000000e6a00000|100%| O|  |TAMS 0x00000000e6a00000, 0x00000000e6900000| Complete 
| 106|0x00000000e6a00000, 0x00000000e6b00000, 0x00000000e6b00000|100%| O|  |TAMS 0x00000000e6a00000, 0x00000000e6a00000| Untracked 
| 107|0x00000000e6b00000, 0x00000000e6c00000, 0x00000000e6c00000|100%| O|  |TAMS 0x00000000e6c00000, 0x00000000e6b00000| Untracked 
| 108|0x00000000e6c00000, 0x00000000e6d00000, 0x00000000e6d00000|100%| O|  |TAMS 0x00000000e6d00000, 0x00000000e6c00000| Untracked 
| 109|0x00000000e6d00000, 0x00000000e6e00000, 0x00000000e6e00000|100%| O|  |TAMS 0x00000000e6e00000, 0x00000000e6d00000| Untracked 
| 110|0x00000000e6e00000, 0x00000000e6f00000, 0x00000000e6f00000|100%| O|  |TAMS 0x00000000e6e00000, 0x00000000e6e00000| Untracked 
| 111|0x00000000e6f00000, 0x00000000e7000000, 0x00000000e7000000|100%| O|  |TAMS 0x00000000e7000000, 0x00000000e6f00000| Untracked 
| 112|0x00000000e7000000, 0x00000000e7100000, 0x00000000e7100000|100%| O|  |TAMS 0x00000000e7100000, 0x00000000e7000000| Untracked 
| 113|0x00000000e7100000, 0x00000000e7200000, 0x00000000e7200000|100%| O|  |TAMS 0x00000000e7200000, 0x00000000e7100000| Untracked 
| 114|0x00000000e7200000, 0x00000000e7300000, 0x00000000e7300000|100%| O|  |TAMS 0x00000000e7300000, 0x00000000e7200000| Untracked 
| 115|0x00000000e7300000, 0x00000000e7400000, 0x00000000e7400000|100%| O|  |TAMS 0x00000000e7400000, 0x00000000e7300000| Untracked 
| 116|0x00000000e7400000, 0x00000000e7500000, 0x00000000e7500000|100%| O|  |TAMS 0x00000000e7400000, 0x00000000e7400000| Untracked 
| 117|0x00000000e7500000, 0x00000000e7600000, 0x00000000e7600000|100%| O|  |TAMS 0x00000000e7600000, 0x00000000e7500000| Untracked 
| 118|0x00000000e7600000, 0x00000000e7700000, 0x00000000e7700000|100%| O|  |TAMS 0x00000000e7700000, 0x00000000e7600000| Complete 
| 119|0x00000000e7700000, 0x00000000e7800000, 0x00000000e7800000|100%| O|  |TAMS 0x00000000e7800000, 0x00000000e7700000| Untracked 
| 120|0x00000000e7800000, 0x00000000e7900000, 0x00000000e7900000|100%| O|  |TAMS 0x00000000e7900000, 0x00000000e7800000| Complete 
| 121|0x00000000e7900000, 0x00000000e7a00000, 0x00000000e7a00000|100%| O|  |TAMS 0x00000000e7a00000, 0x00000000e7900000| Untracked 
| 122|0x00000000e7a00000, 0x00000000e7b00000, 0x00000000e7b00000|100%| O|  |TAMS 0x00000000e7a00000, 0x00000000e7a00000| Untracked 
| 123|0x00000000e7b00000, 0x00000000e7c00000, 0x00000000e7c00000|100%| O|  |TAMS 0x00000000e7c00000, 0x00000000e7b00000| Complete 
| 124|0x00000000e7c00000, 0x00000000e7d00000, 0x00000000e7d00000|100%| O|  |TAMS 0x00000000e7d00000, 0x00000000e7c00000| Untracked 
| 125|0x00000000e7d00000, 0x00000000e7e00000, 0x00000000e7e00000|100%| O|  |TAMS 0x00000000e7e00000, 0x00000000e7d00000| Complete 
| 126|0x00000000e7e00000, 0x00000000e7f00000, 0x00000000e7f00000|100%| O|  |TAMS 0x00000000e7f00000, 0x00000000e7e00000| Complete 
| 127|0x00000000e7f00000, 0x00000000e8000000, 0x00000000e8000000|100%| O|  |TAMS 0x00000000e8000000, 0x00000000e7f00000| Complete 
| 128|0x00000000e8000000, 0x00000000e8100000, 0x00000000e8100000|100%| O|  |TAMS 0x00000000e8100000, 0x00000000e8000000| Complete 
| 129|0x00000000e8100000, 0x00000000e8200000, 0x00000000e8200000|100%| O|  |TAMS 0x00000000e8200000, 0x00000000e8100000| Complete 
| 130|0x00000000e8200000, 0x00000000e8300000, 0x00000000e8300000|100%|HS|  |TAMS 0x00000000e8300000, 0x00000000e8200000| Complete 
| 131|0x00000000e8300000, 0x00000000e8400000, 0x00000000e8400000|100%|HC|  |TAMS 0x00000000e8400000, 0x00000000e8300000| Complete 
| 132|0x00000000e8400000, 0x00000000e8500000, 0x00000000e8500000|100%| O|  |TAMS 0x00000000e8500000, 0x00000000e8400000| Complete 
| 133|0x00000000e8500000, 0x00000000e8600000, 0x00000000e8600000|100%| O|  |TAMS 0x00000000e8600000, 0x00000000e8500000| Complete 
| 134|0x00000000e8600000, 0x00000000e8700000, 0x00000000e8700000|100%| O|  |TAMS 0x00000000e8700000, 0x00000000e8600000| Complete 
| 135|0x00000000e8700000, 0x00000000e8800000, 0x00000000e8800000|100%| O|  |TAMS 0x00000000e8800000, 0x00000000e8700000| Complete 
| 136|0x00000000e8800000, 0x00000000e8900000, 0x00000000e8900000|100%| O|  |TAMS 0x00000000e8900000, 0x00000000e8800000| Untracked 
| 137|0x00000000e8900000, 0x00000000e8a00000, 0x00000000e8a00000|100%| O|  |TAMS 0x00000000e8a00000, 0x00000000e8900000| Complete 
| 138|0x00000000e8a00000, 0x00000000e8b00000, 0x00000000e8b00000|100%| O|  |TAMS 0x00000000e8b00000, 0x00000000e8a00000| Complete 
| 139|0x00000000e8b00000, 0x00000000e8c00000, 0x00000000e8c00000|100%| O|  |TAMS 0x00000000e8c00000, 0x00000000e8b00000| Complete 
| 140|0x00000000e8c00000, 0x00000000e8d00000, 0x00000000e8d00000|100%| O|  |TAMS 0x00000000e8d00000, 0x00000000e8c00000| Complete 
| 141|0x00000000e8d00000, 0x00000000e8e00000, 0x00000000e8e00000|100%| O|  |TAMS 0x00000000e8e00000, 0x00000000e8d00000| Complete 
| 142|0x00000000e8e00000, 0x00000000e8f00000, 0x00000000e8f00000|100%| O|  |TAMS 0x00000000e8f00000, 0x00000000e8e00000| Untracked 
| 143|0x00000000e8f00000, 0x00000000e9000000, 0x00000000e9000000|100%| O|  |TAMS 0x00000000e9000000, 0x00000000e8f00000| Complete 
| 144|0x00000000e9000000, 0x00000000e9100000, 0x00000000e9100000|100%| O|  |TAMS 0x00000000e9000000, 0x00000000e9000000| Untracked 
| 145|0x00000000e9100000, 0x00000000e9200000, 0x00000000e9200000|100%| O|  |TAMS 0x00000000e9200000, 0x00000000e9100000| Complete 
| 146|0x00000000e9200000, 0x00000000e9300000, 0x00000000e9300000|100%| O|  |TAMS 0x00000000e9300000, 0x00000000e9200000| Complete 
| 147|0x00000000e9300000, 0x00000000e9400000, 0x00000000e9400000|100%| O|  |TAMS 0x00000000e9400000, 0x00000000e9300000| Untracked 
| 148|0x00000000e9400000, 0x00000000e9500000, 0x00000000e9500000|100%| O|  |TAMS 0x00000000e9500000, 0x00000000e9400000| Complete 
| 149|0x00000000e9500000, 0x00000000e9600000, 0x00000000e9600000|100%| O|  |TAMS 0x00000000e9500000, 0x00000000e9500000| Untracked 
| 150|0x00000000e9600000, 0x00000000e9700000, 0x00000000e9700000|100%| O|  |TAMS 0x00000000e9700000, 0x00000000e9600000| Complete 
| 151|0x00000000e9700000, 0x00000000e9800000, 0x00000000e9800000|100%| O|  |TAMS 0x00000000e9700000, 0x00000000e9700000| Untracked 
| 152|0x00000000e9800000, 0x00000000e9900000, 0x00000000e9900000|100%| O|  |TAMS 0x00000000e9900000, 0x00000000e9800000| Complete 
| 153|0x00000000e9900000, 0x00000000e9a00000, 0x00000000e9a00000|100%| O|  |TAMS 0x00000000e9a00000, 0x00000000e9900000| Complete 
| 154|0x00000000e9a00000, 0x00000000e9b00000, 0x00000000e9b00000|100%| O|  |TAMS 0x00000000e9b00000, 0x00000000e9a00000| Complete 
| 155|0x00000000e9b00000, 0x00000000e9c00000, 0x00000000e9c00000|100%| O|  |TAMS 0x00000000e9b00000, 0x00000000e9b00000| Untracked 
| 156|0x00000000e9c00000, 0x00000000e9d00000, 0x00000000e9d00000|100%| O|  |TAMS 0x00000000e9d00000, 0x00000000e9c00000| Complete 
| 157|0x00000000e9d00000, 0x00000000e9e00000, 0x00000000e9e00000|100%| O|  |TAMS 0x00000000e9d00000, 0x00000000e9d00000| Untracked 
| 158|0x00000000e9e00000, 0x00000000e9f00000, 0x00000000e9f00000|100%| O|  |TAMS 0x00000000e9f00000, 0x00000000e9e00000| Untracked 
| 159|0x00000000e9f00000, 0x00000000ea000000, 0x00000000ea000000|100%| O|  |TAMS 0x00000000ea000000, 0x00000000e9f00000| Untracked 
| 160|0x00000000ea000000, 0x00000000ea100000, 0x00000000ea100000|100%| O|  |TAMS 0x00000000ea000000, 0x00000000ea000000| Untracked 
| 161|0x00000000ea100000, 0x00000000ea200000, 0x00000000ea200000|100%| O|  |TAMS 0x00000000ea100000, 0x00000000ea100000| Untracked 
| 162|0x00000000ea200000, 0x00000000ea300000, 0x00000000ea300000|100%| O|  |TAMS 0x00000000ea200000, 0x00000000ea200000| Untracked 
| 163|0x00000000ea300000, 0x00000000ea3dee00, 0x00000000ea400000| 87%| O|  |TAMS 0x00000000ea300000, 0x00000000ea300000| Untracked 
| 164|0x00000000ea400000, 0x00000000ea500000, 0x00000000ea500000|100%| O|  |TAMS 0x00000000ea500000, 0x00000000ea400000| Complete 
| 165|0x00000000ea500000, 0x00000000ea600000, 0x00000000ea600000|100%|HS|  |TAMS 0x00000000ea600000, 0x00000000ea500000| Complete 
| 166|0x00000000ea600000, 0x00000000ea700000, 0x00000000ea700000|100%|HC|  |TAMS 0x00000000ea700000, 0x00000000ea600000| Complete 
| 167|0x00000000ea700000, 0x00000000ea800000, 0x00000000ea800000|100%|HC|  |TAMS 0x00000000ea800000, 0x00000000ea700000| Complete 
| 168|0x00000000ea800000, 0x00000000ea800000, 0x00000000ea900000|  0%| F|  |TAMS 0x00000000ea800000, 0x00000000ea800000| Untracked 
| 169|0x00000000ea900000, 0x00000000eaa00000, 0x00000000eaa00000|100%| O|  |TAMS 0x00000000eaa00000, 0x00000000ea900000| Untracked 
| 170|0x00000000eaa00000, 0x00000000eaa00000, 0x00000000eab00000|  0%| F|  |TAMS 0x00000000eaa00000, 0x00000000eaa00000| Untracked 
| 171|0x00000000eab00000, 0x00000000eac00000, 0x00000000eac00000|100%| O|  |TAMS 0x00000000eac00000, 0x00000000eab00000| Untracked 
| 172|0x00000000eac00000, 0x00000000ead00000, 0x00000000ead00000|100%| O|  |TAMS 0x00000000ead00000, 0x00000000eac00000| Untracked 
| 173|0x00000000ead00000, 0x00000000eae00000, 0x00000000eae00000|100%| O|  |TAMS 0x00000000eae00000, 0x00000000ead00000| Complete 
| 174|0x00000000eae00000, 0x00000000eaf00000, 0x00000000eaf00000|100%| O|  |TAMS 0x00000000eaf00000, 0x00000000eae00000| Complete 
| 175|0x00000000eaf00000, 0x00000000eaf00000, 0x00000000eb000000|  0%| F|  |TAMS 0x00000000eaf00000, 0x00000000eaf00000| Untracked 
| 176|0x00000000eb000000, 0x00000000eb000000, 0x00000000eb100000|  0%| F|  |TAMS 0x00000000eb000000, 0x00000000eb000000| Untracked 
| 177|0x00000000eb100000, 0x00000000eb200000, 0x00000000eb200000|100%| O|  |TAMS 0x00000000eb200000, 0x00000000eb100000| Untracked 
| 178|0x00000000eb200000, 0x00000000eb200000, 0x00000000eb300000|  0%| F|  |TAMS 0x00000000eb200000, 0x00000000eb200000| Untracked 
| 179|0x00000000eb300000, 0x00000000eb300000, 0x00000000eb400000|  0%| F|  |TAMS 0x00000000eb300000, 0x00000000eb300000| Untracked 
| 180|0x00000000eb400000, 0x00000000eb500000, 0x00000000eb500000|100%|HS|  |TAMS 0x00000000eb500000, 0x00000000eb400000| Complete 
| 181|0x00000000eb500000, 0x00000000eb600000, 0x00000000eb600000|100%|HC|  |TAMS 0x00000000eb600000, 0x00000000eb500000| Complete 
| 182|0x00000000eb600000, 0x00000000eb600000, 0x00000000eb700000|  0%| F|  |TAMS 0x00000000eb600000, 0x00000000eb600000| Untracked 
| 183|0x00000000eb700000, 0x00000000eb800000, 0x00000000eb800000|100%| O|  |TAMS 0x00000000eb800000, 0x00000000eb700000| Untracked 
| 184|0x00000000eb800000, 0x00000000eb800000, 0x00000000eb900000|  0%| F|  |TAMS 0x00000000eb800000, 0x00000000eb800000| Untracked 
| 185|0x00000000eb900000, 0x00000000eb900000, 0x00000000eba00000|  0%| F|  |TAMS 0x00000000eb900000, 0x00000000eb900000| Untracked 
| 186|0x00000000eba00000, 0x00000000eba00000, 0x00000000ebb00000|  0%| F|  |TAMS 0x00000000eba00000, 0x00000000eba00000| Untracked 
| 187|0x00000000ebb00000, 0x00000000ebb00000, 0x00000000ebc00000|  0%| F|  |TAMS 0x00000000ebb00000, 0x00000000ebb00000| Untracked 
| 188|0x00000000ebc00000, 0x00000000ebc00000, 0x00000000ebd00000|  0%| F|  |TAMS 0x00000000ebc00000, 0x00000000ebc00000| Untracked 
| 189|0x00000000ebd00000, 0x00000000ebd00000, 0x00000000ebe00000|  0%| F|  |TAMS 0x00000000ebd00000, 0x00000000ebd00000| Untracked 
| 190|0x00000000ebe00000, 0x00000000ebf00000, 0x00000000ebf00000|100%| O|  |TAMS 0x00000000ebf00000, 0x00000000ebe00000| Complete 
| 191|0x00000000ebf00000, 0x00000000ec000000, 0x00000000ec000000|100%| O|  |TAMS 0x00000000ec000000, 0x00000000ebf00000| Complete 
| 192|0x00000000ec000000, 0x00000000ec100000, 0x00000000ec100000|100%| O|  |TAMS 0x00000000ec100000, 0x00000000ec000000| Untracked 
| 193|0x00000000ec100000, 0x00000000ec200000, 0x00000000ec200000|100%| O|  |TAMS 0x00000000ec200000, 0x00000000ec100000| Complete 
| 194|0x00000000ec200000, 0x00000000ec300000, 0x00000000ec300000|100%| O|  |TAMS 0x00000000ec300000, 0x00000000ec200000| Complete 
| 195|0x00000000ec300000, 0x00000000ec400000, 0x00000000ec400000|100%| O|  |TAMS 0x00000000ec400000, 0x00000000ec300000| Complete 
| 196|0x00000000ec400000, 0x00000000ec4ffff8, 0x00000000ec500000| 99%| O|  |TAMS 0x00000000ec4ffff8, 0x00000000ec400000| Complete 
| 197|0x00000000ec500000, 0x00000000ec600000, 0x00000000ec600000|100%| O|  |TAMS 0x00000000ec600000, 0x00000000ec500000| Complete 
| 198|0x00000000ec600000, 0x00000000ec700000, 0x00000000ec700000|100%| O|  |TAMS 0x00000000ec700000, 0x00000000ec600000| Complete 
| 199|0x00000000ec700000, 0x00000000ec800000, 0x00000000ec800000|100%| O|  |TAMS 0x00000000ec800000, 0x00000000ec700000| Complete 
| 200|0x00000000ec800000, 0x00000000ec900000, 0x00000000ec900000|100%|HS|  |TAMS 0x00000000ec900000, 0x00000000ec800000| Complete 
| 201|0x00000000ec900000, 0x00000000eca00000, 0x00000000eca00000|100%|HC|  |TAMS 0x00000000eca00000, 0x00000000ec900000| Complete 
| 202|0x00000000eca00000, 0x00000000ecb00000, 0x00000000ecb00000|100%|HC|  |TAMS 0x00000000ecb00000, 0x00000000eca00000| Complete 
| 203|0x00000000ecb00000, 0x00000000ecc00000, 0x00000000ecc00000|100%| O|  |TAMS 0x00000000ecc00000, 0x00000000ecb00000| Untracked 
| 204|0x00000000ecc00000, 0x00000000ecc00000, 0x00000000ecd00000|  0%| F|  |TAMS 0x00000000ecc00000, 0x00000000ecc00000| Untracked 
| 205|0x00000000ecd00000, 0x00000000ece00000, 0x00000000ece00000|100%| O|  |TAMS 0x00000000ece00000, 0x00000000ecd00000| Untracked 
| 206|0x00000000ece00000, 0x00000000ece00000, 0x00000000ecf00000|  0%| F|  |TAMS 0x00000000ece00000, 0x00000000ece00000| Untracked 
| 207|0x00000000ecf00000, 0x00000000ecf00000, 0x00000000ed000000|  0%| F|  |TAMS 0x00000000ecf00000, 0x00000000ecf00000| Untracked 
| 208|0x00000000ed000000, 0x00000000ed100000, 0x00000000ed100000|100%| O|  |TAMS 0x00000000ed100000, 0x00000000ed000000| Complete 
| 209|0x00000000ed100000, 0x00000000ed200000, 0x00000000ed200000|100%| O|  |TAMS 0x00000000ed200000, 0x00000000ed100000| Untracked 
| 210|0x00000000ed200000, 0x00000000ed200000, 0x00000000ed300000|  0%| F|  |TAMS 0x00000000ed200000, 0x00000000ed200000| Untracked 
| 211|0x00000000ed300000, 0x00000000ed400000, 0x00000000ed400000|100%|HS|  |TAMS 0x00000000ed400000, 0x00000000ed300000| Complete 
| 212|0x00000000ed400000, 0x00000000ed500000, 0x00000000ed500000|100%|HC|  |TAMS 0x00000000ed500000, 0x00000000ed400000| Complete 
| 213|0x00000000ed500000, 0x00000000ed600000, 0x00000000ed600000|100%|HC|  |TAMS 0x00000000ed600000, 0x00000000ed500000| Complete 
| 214|0x00000000ed600000, 0x00000000ed600000, 0x00000000ed700000|  0%| F|  |TAMS 0x00000000ed600000, 0x00000000ed600000| Untracked 
| 215|0x00000000ed700000, 0x00000000ed700000, 0x00000000ed800000|  0%| F|  |TAMS 0x00000000ed700000, 0x00000000ed700000| Untracked 
| 216|0x00000000ed800000, 0x00000000ed800000, 0x00000000ed900000|  0%| F|  |TAMS 0x00000000ed800000, 0x00000000ed800000| Untracked 
| 217|0x00000000ed900000, 0x00000000ed900000, 0x00000000eda00000|  0%| F|  |TAMS 0x00000000ed900000, 0x00000000ed900000| Untracked 
| 218|0x00000000eda00000, 0x00000000eda00000, 0x00000000edb00000|  0%| F|  |TAMS 0x00000000eda00000, 0x00000000eda00000| Untracked 
| 219|0x00000000edb00000, 0x00000000edb00000, 0x00000000edc00000|  0%| F|  |TAMS 0x00000000edb00000, 0x00000000edb00000| Untracked 
| 220|0x00000000edc00000, 0x00000000edc00000, 0x00000000edd00000|  0%| F|  |TAMS 0x00000000edc00000, 0x00000000edc00000| Untracked 
| 221|0x00000000edd00000, 0x00000000edd00000, 0x00000000ede00000|  0%| F|  |TAMS 0x00000000edd00000, 0x00000000edd00000| Untracked 
| 222|0x00000000ede00000, 0x00000000ede00000, 0x00000000edf00000|  0%| F|  |TAMS 0x00000000ede00000, 0x00000000ede00000| Untracked 
| 223|0x00000000edf00000, 0x00000000edf00000, 0x00000000ee000000|  0%| F|  |TAMS 0x00000000edf00000, 0x00000000edf00000| Untracked 
| 224|0x00000000ee000000, 0x00000000ee000000, 0x00000000ee100000|  0%| F|  |TAMS 0x00000000ee000000, 0x00000000ee000000| Untracked 
| 225|0x00000000ee100000, 0x00000000ee100000, 0x00000000ee200000|  0%| F|  |TAMS 0x00000000ee100000, 0x00000000ee100000| Untracked 
| 226|0x00000000ee200000, 0x00000000ee200000, 0x00000000ee300000|  0%| F|  |TAMS 0x00000000ee200000, 0x00000000ee200000| Untracked 
| 227|0x00000000ee300000, 0x00000000ee300000, 0x00000000ee400000|  0%| F|  |TAMS 0x00000000ee300000, 0x00000000ee300000| Untracked 
| 228|0x00000000ee400000, 0x00000000ee400000, 0x00000000ee500000|  0%| F|  |TAMS 0x00000000ee400000, 0x00000000ee400000| Untracked 
| 229|0x00000000ee500000, 0x00000000ee500000, 0x00000000ee600000|  0%| F|  |TAMS 0x00000000ee500000, 0x00000000ee500000| Untracked 
| 230|0x00000000ee600000, 0x00000000ee600000, 0x00000000ee700000|  0%| F|  |TAMS 0x00000000ee600000, 0x00000000ee600000| Untracked 
| 231|0x00000000ee700000, 0x00000000ee700000, 0x00000000ee800000|  0%| F|  |TAMS 0x00000000ee700000, 0x00000000ee700000| Untracked 
| 232|0x00000000ee800000, 0x00000000ee800000, 0x00000000ee900000|  0%| F|  |TAMS 0x00000000ee800000, 0x00000000ee800000| Untracked 
| 233|0x00000000ee900000, 0x00000000ee900000, 0x00000000eea00000|  0%| F|  |TAMS 0x00000000ee900000, 0x00000000ee900000| Untracked 
| 234|0x00000000eea00000, 0x00000000eea00000, 0x00000000eeb00000|  0%| F|  |TAMS 0x00000000eea00000, 0x00000000eea00000| Untracked 
| 235|0x00000000eeb00000, 0x00000000eeb00000, 0x00000000eec00000|  0%| F|  |TAMS 0x00000000eeb00000, 0x00000000eeb00000| Untracked 
| 236|0x00000000eec00000, 0x00000000eec00000, 0x00000000eed00000|  0%| F|  |TAMS 0x00000000eec00000, 0x00000000eec00000| Untracked 
| 237|0x00000000eed00000, 0x00000000eed00000, 0x00000000eee00000|  0%| F|  |TAMS 0x00000000eed00000, 0x00000000eed00000| Untracked 
| 238|0x00000000eee00000, 0x00000000eee00000, 0x00000000eef00000|  0%| F|  |TAMS 0x00000000eee00000, 0x00000000eee00000| Untracked 
| 239|0x00000000eef00000, 0x00000000ef000000, 0x00000000ef000000|100%| O|  |TAMS 0x00000000ef000000, 0x00000000eef00000| Untracked 
| 240|0x00000000ef000000, 0x00000000ef000000, 0x00000000ef100000|  0%| F|  |TAMS 0x00000000ef000000, 0x00000000ef000000| Untracked 
| 241|0x00000000ef100000, 0x00000000ef100000, 0x00000000ef200000|  0%| F|  |TAMS 0x00000000ef100000, 0x00000000ef100000| Untracked 
| 242|0x00000000ef200000, 0x00000000ef200000, 0x00000000ef300000|  0%| F|  |TAMS 0x00000000ef200000, 0x00000000ef200000| Untracked 
| 243|0x00000000ef300000, 0x00000000ef300000, 0x00000000ef400000|  0%| F|  |TAMS 0x00000000ef300000, 0x00000000ef300000| Untracked 
| 244|0x00000000ef400000, 0x00000000ef400000, 0x00000000ef500000|  0%| F|  |TAMS 0x00000000ef400000, 0x00000000ef400000| Untracked 
| 245|0x00000000ef500000, 0x00000000ef500000, 0x00000000ef600000|  0%| F|  |TAMS 0x00000000ef500000, 0x00000000ef500000| Untracked 
| 246|0x00000000ef600000, 0x00000000ef700000, 0x00000000ef700000|100%| O|  |TAMS 0x00000000ef700000, 0x00000000ef600000| Untracked 
| 247|0x00000000ef700000, 0x00000000ef800000, 0x00000000ef800000|100%| O|  |TAMS 0x00000000ef800000, 0x00000000ef700000| Untracked 
| 248|0x00000000ef800000, 0x00000000ef800000, 0x00000000ef900000|  0%| F|  |TAMS 0x00000000ef800000, 0x00000000ef800000| Untracked 
| 249|0x00000000ef900000, 0x00000000ef900000, 0x00000000efa00000|  0%| F|  |TAMS 0x00000000ef900000, 0x00000000ef900000| Untracked 
| 250|0x00000000efa00000, 0x00000000efa00000, 0x00000000efb00000|  0%| F|  |TAMS 0x00000000efa00000, 0x00000000efa00000| Untracked 
| 251|0x00000000efb00000, 0x00000000efc00000, 0x00000000efc00000|100%| O|  |TAMS 0x00000000efc00000, 0x00000000efb00000| Untracked 
| 252|0x00000000efc00000, 0x00000000efc00000, 0x00000000efd00000|  0%| F|  |TAMS 0x00000000efc00000, 0x00000000efc00000| Untracked 
| 253|0x00000000efd00000, 0x00000000efe00000, 0x00000000efe00000|100%| O|  |TAMS 0x00000000efe00000, 0x00000000efd00000| Complete 
| 254|0x00000000efe00000, 0x00000000efe00000, 0x00000000eff00000|  0%| F|  |TAMS 0x00000000efe00000, 0x00000000efe00000| Untracked 
| 255|0x00000000eff00000, 0x00000000eff00000, 0x00000000f0000000|  0%| F|  |TAMS 0x00000000eff00000, 0x00000000eff00000| Untracked 
| 256|0x00000000f0000000, 0x00000000f0000000, 0x00000000f0100000|  0%| F|  |TAMS 0x00000000f0000000, 0x00000000f0000000| Untracked 
| 257|0x00000000f0100000, 0x00000000f0100000, 0x00000000f0200000|  0%| F|  |TAMS 0x00000000f0100000, 0x00000000f0100000| Untracked 
| 258|0x00000000f0200000, 0x00000000f0300000, 0x00000000f0300000|100%| O|  |TAMS 0x00000000f0300000, 0x00000000f0200000| Complete 
| 259|0x00000000f0300000, 0x00000000f0400000, 0x00000000f0400000|100%| O|  |TAMS 0x00000000f0400000, 0x00000000f0300000| Complete 
| 260|0x00000000f0400000, 0x00000000f0400000, 0x00000000f0500000|  0%| F|  |TAMS 0x00000000f0400000, 0x00000000f0400000| Untracked 
| 261|0x00000000f0500000, 0x00000000f0600000, 0x00000000f0600000|100%| O|  |TAMS 0x00000000f0600000, 0x00000000f0500000| Complete 
| 262|0x00000000f0600000, 0x00000000f0700000, 0x00000000f0700000|100%| O|  |TAMS 0x00000000f0700000, 0x00000000f0600000| Untracked 
| 263|0x00000000f0700000, 0x00000000f0700000, 0x00000000f0800000|  0%| F|  |TAMS 0x00000000f0700000, 0x00000000f0700000| Untracked 
| 264|0x00000000f0800000, 0x00000000f0800000, 0x00000000f0900000|  0%| F|  |TAMS 0x00000000f0800000, 0x00000000f0800000| Untracked 
| 265|0x00000000f0900000, 0x00000000f0a00000, 0x00000000f0a00000|100%|HS|  |TAMS 0x00000000f0a00000, 0x00000000f0900000| Complete 
| 266|0x00000000f0a00000, 0x00000000f0b00000, 0x00000000f0b00000|100%|HC|  |TAMS 0x00000000f0b00000, 0x00000000f0a00000| Complete 
| 267|0x00000000f0b00000, 0x00000000f0c00000, 0x00000000f0c00000|100%|HC|  |TAMS 0x00000000f0c00000, 0x00000000f0b00000| Complete 
| 268|0x00000000f0c00000, 0x00000000f0d00000, 0x00000000f0d00000|100%|HS|  |TAMS 0x00000000f0d00000, 0x00000000f0c00000| Complete 
| 269|0x00000000f0d00000, 0x00000000f0e00000, 0x00000000f0e00000|100%|HC|  |TAMS 0x00000000f0e00000, 0x00000000f0d00000| Complete 
| 270|0x00000000f0e00000, 0x00000000f0f00000, 0x00000000f0f00000|100%|HC|  |TAMS 0x00000000f0f00000, 0x00000000f0e00000| Complete 
| 271|0x00000000f0f00000, 0x00000000f1000000, 0x00000000f1000000|100%|HS|  |TAMS 0x00000000f1000000, 0x00000000f0f00000| Complete 
| 272|0x00000000f1000000, 0x00000000f1100000, 0x00000000f1100000|100%|HC|  |TAMS 0x00000000f1100000, 0x00000000f1000000| Complete 
| 273|0x00000000f1100000, 0x00000000f1200000, 0x00000000f1200000|100%|HC|  |TAMS 0x00000000f1200000, 0x00000000f1100000| Complete 
| 274|0x00000000f1200000, 0x00000000f1300000, 0x00000000f1300000|100%|HS|  |TAMS 0x00000000f1300000, 0x00000000f1200000| Complete 
| 275|0x00000000f1300000, 0x00000000f1400000, 0x00000000f1400000|100%|HC|  |TAMS 0x00000000f1400000, 0x00000000f1300000| Complete 
| 276|0x00000000f1400000, 0x00000000f1500000, 0x00000000f1500000|100%|HC|  |TAMS 0x00000000f1500000, 0x00000000f1400000| Complete 
| 277|0x00000000f1500000, 0x00000000f1600000, 0x00000000f1600000|100%|HS|  |TAMS 0x00000000f1600000, 0x00000000f1500000| Complete 
| 278|0x00000000f1600000, 0x00000000f1700000, 0x00000000f1700000|100%|HC|  |TAMS 0x00000000f1700000, 0x00000000f1600000| Complete 
| 279|0x00000000f1700000, 0x00000000f1800000, 0x00000000f1800000|100%|HC|  |TAMS 0x00000000f1800000, 0x00000000f1700000| Complete 
| 280|0x00000000f1800000, 0x00000000f1900000, 0x00000000f1900000|100%|HS|  |TAMS 0x00000000f1900000, 0x00000000f1800000| Complete 
| 281|0x00000000f1900000, 0x00000000f1a00000, 0x00000000f1a00000|100%|HC|  |TAMS 0x00000000f1a00000, 0x00000000f1900000| Complete 
| 282|0x00000000f1a00000, 0x00000000f1b00000, 0x00000000f1b00000|100%|HC|  |TAMS 0x00000000f1b00000, 0x00000000f1a00000| Complete 
| 283|0x00000000f1b00000, 0x00000000f1c00000, 0x00000000f1c00000|100%| O|  |TAMS 0x00000000f1c00000, 0x00000000f1b00000| Untracked 
| 284|0x00000000f1c00000, 0x00000000f1d00000, 0x00000000f1d00000|100%| O|  |TAMS 0x00000000f1d00000, 0x00000000f1c00000| Complete 
| 285|0x00000000f1d00000, 0x00000000f1e00000, 0x00000000f1e00000|100%| O|  |TAMS 0x00000000f1e00000, 0x00000000f1d00000| Complete 
| 286|0x00000000f1e00000, 0x00000000f1f00000, 0x00000000f1f00000|100%| O|  |TAMS 0x00000000f1f00000, 0x00000000f1e00000| Complete 
| 287|0x00000000f1f00000, 0x00000000f2000000, 0x00000000f2000000|100%| O|  |TAMS 0x00000000f2000000, 0x00000000f1f00000| Untracked 
| 288|0x00000000f2000000, 0x00000000f2100000, 0x00000000f2100000|100%| O|  |TAMS 0x00000000f2100000, 0x00000000f2000000| Untracked 
| 289|0x00000000f2100000, 0x00000000f2200000, 0x00000000f2200000|100%| O|  |TAMS 0x00000000f2200000, 0x00000000f2100000| Complete 
| 290|0x00000000f2200000, 0x00000000f2300000, 0x00000000f2300000|100%| O|  |TAMS 0x00000000f2300000, 0x00000000f2200000| Complete 
| 291|0x00000000f2300000, 0x00000000f2400000, 0x00000000f2400000|100%| O|  |TAMS 0x00000000f2400000, 0x00000000f2300000| Complete 
| 292|0x00000000f2400000, 0x00000000f2500000, 0x00000000f2500000|100%| O|  |TAMS 0x00000000f2500000, 0x00000000f2400000| Complete 
| 293|0x00000000f2500000, 0x00000000f2600000, 0x00000000f2600000|100%| O|  |TAMS 0x00000000f2600000, 0x00000000f2500000| Complete 
| 294|0x00000000f2600000, 0x00000000f2700000, 0x00000000f2700000|100%| O|  |TAMS 0x00000000f2700000, 0x00000000f2600000| Untracked 
| 295|0x00000000f2700000, 0x00000000f2700000, 0x00000000f2800000|  0%| F|  |TAMS 0x00000000f2700000, 0x00000000f2700000| Untracked 
| 296|0x00000000f2800000, 0x00000000f2800000, 0x00000000f2900000|  0%| F|  |TAMS 0x00000000f2800000, 0x00000000f2800000| Untracked 
| 297|0x00000000f2900000, 0x00000000f2900000, 0x00000000f2a00000|  0%| F|  |TAMS 0x00000000f2900000, 0x00000000f2900000| Untracked 
| 298|0x00000000f2a00000, 0x00000000f2a00000, 0x00000000f2b00000|  0%| F|  |TAMS 0x00000000f2a00000, 0x00000000f2a00000| Untracked 
| 299|0x00000000f2b00000, 0x00000000f2b00000, 0x00000000f2c00000|  0%| F|  |TAMS 0x00000000f2b00000, 0x00000000f2b00000| Untracked 
| 300|0x00000000f2c00000, 0x00000000f2c00000, 0x00000000f2d00000|  0%| F|  |TAMS 0x00000000f2c00000, 0x00000000f2c00000| Untracked 
| 301|0x00000000f2d00000, 0x00000000f2d00000, 0x00000000f2e00000|  0%| F|  |TAMS 0x00000000f2d00000, 0x00000000f2d00000| Untracked 
| 302|0x00000000f2e00000, 0x00000000f2e00000, 0x00000000f2f00000|  0%| F|  |TAMS 0x00000000f2e00000, 0x00000000f2e00000| Untracked 
| 303|0x00000000f2f00000, 0x00000000f2f00000, 0x00000000f3000000|  0%| F|  |TAMS 0x00000000f2f00000, 0x00000000f2f00000| Untracked 
| 304|0x00000000f3000000, 0x00000000f3000000, 0x00000000f3100000|  0%| F|  |TAMS 0x00000000f3000000, 0x00000000f3000000| Untracked 
| 305|0x00000000f3100000, 0x00000000f3100000, 0x00000000f3200000|  0%| F|  |TAMS 0x00000000f3100000, 0x00000000f3100000| Untracked 
| 306|0x00000000f3200000, 0x00000000f3200000, 0x00000000f3300000|  0%| F|  |TAMS 0x00000000f3200000, 0x00000000f3200000| Untracked 
| 307|0x00000000f3300000, 0x00000000f3300000, 0x00000000f3400000|  0%| F|  |TAMS 0x00000000f3300000, 0x00000000f3300000| Untracked 
| 308|0x00000000f3400000, 0x00000000f3400000, 0x00000000f3500000|  0%| F|  |TAMS 0x00000000f3400000, 0x00000000f3400000| Untracked 
| 309|0x00000000f3500000, 0x00000000f3500000, 0x00000000f3600000|  0%| F|  |TAMS 0x00000000f3500000, 0x00000000f3500000| Untracked 
| 310|0x00000000f3600000, 0x00000000f3600000, 0x00000000f3700000|  0%| F|  |TAMS 0x00000000f3600000, 0x00000000f3600000| Untracked 
| 311|0x00000000f3700000, 0x00000000f3700000, 0x00000000f3800000|  0%| F|  |TAMS 0x00000000f3700000, 0x00000000f3700000| Untracked 
| 312|0x00000000f3800000, 0x00000000f3800000, 0x00000000f3900000|  0%| F|  |TAMS 0x00000000f3800000, 0x00000000f3800000| Untracked 
| 313|0x00000000f3900000, 0x00000000f3900000, 0x00000000f3a00000|  0%| F|  |TAMS 0x00000000f3900000, 0x00000000f3900000| Untracked 
| 314|0x00000000f3a00000, 0x00000000f3a00000, 0x00000000f3b00000|  0%| F|  |TAMS 0x00000000f3a00000, 0x00000000f3a00000| Untracked 
| 315|0x00000000f3b00000, 0x00000000f3b00000, 0x00000000f3c00000|  0%| F|  |TAMS 0x00000000f3b00000, 0x00000000f3b00000| Untracked 
| 316|0x00000000f3c00000, 0x00000000f3c00000, 0x00000000f3d00000|  0%| F|  |TAMS 0x00000000f3c00000, 0x00000000f3c00000| Untracked 
| 317|0x00000000f3d00000, 0x00000000f3d00000, 0x00000000f3e00000|  0%| F|  |TAMS 0x00000000f3d00000, 0x00000000f3d00000| Untracked 
| 318|0x00000000f3e00000, 0x00000000f3e00000, 0x00000000f3f00000|  0%| F|  |TAMS 0x00000000f3e00000, 0x00000000f3e00000| Untracked 
| 319|0x00000000f3f00000, 0x00000000f3f00000, 0x00000000f4000000|  0%| F|  |TAMS 0x00000000f3f00000, 0x00000000f3f00000| Untracked 
| 320|0x00000000f4000000, 0x00000000f4000000, 0x00000000f4100000|  0%| F|  |TAMS 0x00000000f4000000, 0x00000000f4000000| Untracked 
| 321|0x00000000f4100000, 0x00000000f4100000, 0x00000000f4200000|  0%| F|  |TAMS 0x00000000f4100000, 0x00000000f4100000| Untracked 
| 322|0x00000000f4200000, 0x00000000f4200000, 0x00000000f4300000|  0%| F|  |TAMS 0x00000000f4200000, 0x00000000f4200000| Untracked 
| 323|0x00000000f4300000, 0x00000000f4300000, 0x00000000f4400000|  0%| F|  |TAMS 0x00000000f4300000, 0x00000000f4300000| Untracked 
| 324|0x00000000f4400000, 0x00000000f4400000, 0x00000000f4500000|  0%| F|  |TAMS 0x00000000f4400000, 0x00000000f4400000| Untracked 
| 325|0x00000000f4500000, 0x00000000f4500000, 0x00000000f4600000|  0%| F|  |TAMS 0x00000000f4500000, 0x00000000f4500000| Untracked 
| 326|0x00000000f4600000, 0x00000000f4600000, 0x00000000f4700000|  0%| F|  |TAMS 0x00000000f4600000, 0x00000000f4600000| Untracked 
| 327|0x00000000f4700000, 0x00000000f47f0a08, 0x00000000f4800000| 93%| S|CS|TAMS 0x00000000f4700000, 0x00000000f4700000| Complete 
| 328|0x00000000f4800000, 0x00000000f4900000, 0x00000000f4900000|100%| S|CS|TAMS 0x00000000f4800000, 0x00000000f4800000| Complete 
| 329|0x00000000f4900000, 0x00000000f4a00000, 0x00000000f4a00000|100%| S|CS|TAMS 0x00000000f4900000, 0x00000000f4900000| Complete 
| 330|0x00000000f4a00000, 0x00000000f4b00000, 0x00000000f4b00000|100%| S|CS|TAMS 0x00000000f4a00000, 0x00000000f4a00000| Complete 
| 331|0x00000000f4b00000, 0x00000000f4c00000, 0x00000000f4c00000|100%| S|CS|TAMS 0x00000000f4b00000, 0x00000000f4b00000| Complete 
| 332|0x00000000f4c00000, 0x00000000f4d00000, 0x00000000f4d00000|100%| S|CS|TAMS 0x00000000f4c00000, 0x00000000f4c00000| Complete 
| 333|0x00000000f4d00000, 0x00000000f4e00000, 0x00000000f4e00000|100%| S|CS|TAMS 0x00000000f4d00000, 0x00000000f4d00000| Complete 
| 334|0x00000000f4e00000, 0x00000000f4f00000, 0x00000000f4f00000|100%| S|CS|TAMS 0x00000000f4e00000, 0x00000000f4e00000| Complete 
| 335|0x00000000f4f00000, 0x00000000f4f00000, 0x00000000f5000000|  0%| F|  |TAMS 0x00000000f4f00000, 0x00000000f4f00000| Untracked 
| 336|0x00000000f5000000, 0x00000000f5000000, 0x00000000f5100000|  0%| F|  |TAMS 0x00000000f5000000, 0x00000000f5000000| Untracked 
| 337|0x00000000f5100000, 0x00000000f5100000, 0x00000000f5200000|  0%| F|  |TAMS 0x00000000f5100000, 0x00000000f5100000| Untracked 
| 338|0x00000000f5200000, 0x00000000f5200000, 0x00000000f5300000|  0%| F|  |TAMS 0x00000000f5200000, 0x00000000f5200000| Untracked 
| 339|0x00000000f5300000, 0x00000000f5300000, 0x00000000f5400000|  0%| F|  |TAMS 0x00000000f5300000, 0x00000000f5300000| Untracked 
| 340|0x00000000f5400000, 0x00000000f5400000, 0x00000000f5500000|  0%| F|  |TAMS 0x00000000f5400000, 0x00000000f5400000| Untracked 
| 341|0x00000000f5500000, 0x00000000f5500000, 0x00000000f5600000|  0%| F|  |TAMS 0x00000000f5500000, 0x00000000f5500000| Untracked 
| 342|0x00000000f5600000, 0x00000000f5600000, 0x00000000f5700000|  0%| F|  |TAMS 0x00000000f5600000, 0x00000000f5600000| Untracked 
| 343|0x00000000f5700000, 0x00000000f5700000, 0x00000000f5800000|  0%| F|  |TAMS 0x00000000f5700000, 0x00000000f5700000| Untracked 
| 344|0x00000000f5800000, 0x00000000f5800000, 0x00000000f5900000|  0%| F|  |TAMS 0x00000000f5800000, 0x00000000f5800000| Untracked 
| 345|0x00000000f5900000, 0x00000000f5900000, 0x00000000f5a00000|  0%| F|  |TAMS 0x00000000f5900000, 0x00000000f5900000| Untracked 
| 346|0x00000000f5a00000, 0x00000000f5a00000, 0x00000000f5b00000|  0%| F|  |TAMS 0x00000000f5a00000, 0x00000000f5a00000| Untracked 
| 347|0x00000000f5b00000, 0x00000000f5b00000, 0x00000000f5c00000|  0%| F|  |TAMS 0x00000000f5b00000, 0x00000000f5b00000| Untracked 
| 348|0x00000000f5c00000, 0x00000000f5c00000, 0x00000000f5d00000|  0%| F|  |TAMS 0x00000000f5c00000, 0x00000000f5c00000| Untracked 
| 349|0x00000000f5d00000, 0x00000000f5d00000, 0x00000000f5e00000|  0%| F|  |TAMS 0x00000000f5d00000, 0x00000000f5d00000| Untracked 
| 350|0x00000000f5e00000, 0x00000000f5e00000, 0x00000000f5f00000|  0%| F|  |TAMS 0x00000000f5e00000, 0x00000000f5e00000| Untracked 
| 351|0x00000000f5f00000, 0x00000000f5f00000, 0x00000000f6000000|  0%| F|  |TAMS 0x00000000f5f00000, 0x00000000f5f00000| Untracked 
| 352|0x00000000f6000000, 0x00000000f6000000, 0x00000000f6100000|  0%| F|  |TAMS 0x00000000f6000000, 0x00000000f6000000| Untracked 
| 353|0x00000000f6100000, 0x00000000f6100000, 0x00000000f6200000|  0%| F|  |TAMS 0x00000000f6100000, 0x00000000f6100000| Untracked 
| 354|0x00000000f6200000, 0x00000000f6200000, 0x00000000f6300000|  0%| F|  |TAMS 0x00000000f6200000, 0x00000000f6200000| Untracked 
| 355|0x00000000f6300000, 0x00000000f6300000, 0x00000000f6400000|  0%| F|  |TAMS 0x00000000f6300000, 0x00000000f6300000| Untracked 
| 356|0x00000000f6400000, 0x00000000f6400000, 0x00000000f6500000|  0%| F|  |TAMS 0x00000000f6400000, 0x00000000f6400000| Untracked 
| 357|0x00000000f6500000, 0x00000000f6500000, 0x00000000f6600000|  0%| F|  |TAMS 0x00000000f6500000, 0x00000000f6500000| Untracked 
| 358|0x00000000f6600000, 0x00000000f6600000, 0x00000000f6700000|  0%| F|  |TAMS 0x00000000f6600000, 0x00000000f6600000| Untracked 
| 359|0x00000000f6700000, 0x00000000f6700000, 0x00000000f6800000|  0%| F|  |TAMS 0x00000000f6700000, 0x00000000f6700000| Untracked 
| 360|0x00000000f6800000, 0x00000000f6800000, 0x00000000f6900000|  0%| F|  |TAMS 0x00000000f6800000, 0x00000000f6800000| Untracked 
| 361|0x00000000f6900000, 0x00000000f6900000, 0x00000000f6a00000|  0%| F|  |TAMS 0x00000000f6900000, 0x00000000f6900000| Untracked 
| 362|0x00000000f6a00000, 0x00000000f6a00000, 0x00000000f6b00000|  0%| F|  |TAMS 0x00000000f6a00000, 0x00000000f6a00000| Untracked 
| 363|0x00000000f6b00000, 0x00000000f6b00000, 0x00000000f6c00000|  0%| F|  |TAMS 0x00000000f6b00000, 0x00000000f6b00000| Untracked 
| 364|0x00000000f6c00000, 0x00000000f6c00000, 0x00000000f6d00000|  0%| F|  |TAMS 0x00000000f6c00000, 0x00000000f6c00000| Untracked 
| 365|0x00000000f6d00000, 0x00000000f6d00000, 0x00000000f6e00000|  0%| F|  |TAMS 0x00000000f6d00000, 0x00000000f6d00000| Untracked 
| 366|0x00000000f6e00000, 0x00000000f6e00000, 0x00000000f6f00000|  0%| F|  |TAMS 0x00000000f6e00000, 0x00000000f6e00000| Untracked 
| 367|0x00000000f6f00000, 0x00000000f6f00000, 0x00000000f7000000|  0%| F|  |TAMS 0x00000000f6f00000, 0x00000000f6f00000| Untracked 
| 368|0x00000000f7000000, 0x00000000f7000000, 0x00000000f7100000|  0%| F|  |TAMS 0x00000000f7000000, 0x00000000f7000000| Untracked 
| 369|0x00000000f7100000, 0x00000000f7100000, 0x00000000f7200000|  0%| F|  |TAMS 0x00000000f7100000, 0x00000000f7100000| Untracked 
| 370|0x00000000f7200000, 0x00000000f7200000, 0x00000000f7300000|  0%| F|  |TAMS 0x00000000f7200000, 0x00000000f7200000| Untracked 
| 371|0x00000000f7300000, 0x00000000f73a9d80, 0x00000000f7400000| 66%| E|  |TAMS 0x00000000f7300000, 0x00000000f7300000| Complete 
| 372|0x00000000f7400000, 0x00000000f7500000, 0x00000000f7500000|100%| E|  |TAMS 0x00000000f7400000, 0x00000000f7400000| Complete 
| 373|0x00000000f7500000, 0x00000000f7600000, 0x00000000f7600000|100%| E|CS|TAMS 0x00000000f7500000, 0x00000000f7500000| Complete 
| 374|0x00000000f7600000, 0x00000000f7700000, 0x00000000f7700000|100%| E|CS|TAMS 0x00000000f7600000, 0x00000000f7600000| Complete 
| 375|0x00000000f7700000, 0x00000000f7800000, 0x00000000f7800000|100%| E|CS|TAMS 0x00000000f7700000, 0x00000000f7700000| Complete 
| 376|0x00000000f7800000, 0x00000000f7900000, 0x00000000f7900000|100%| E|CS|TAMS 0x00000000f7800000, 0x00000000f7800000| Complete 
| 377|0x00000000f7900000, 0x00000000f7a00000, 0x00000000f7a00000|100%| E|CS|TAMS 0x00000000f7900000, 0x00000000f7900000| Complete 
| 378|0x00000000f7a00000, 0x00000000f7b00000, 0x00000000f7b00000|100%| E|CS|TAMS 0x00000000f7a00000, 0x00000000f7a00000| Complete 
| 379|0x00000000f7b00000, 0x00000000f7c00000, 0x00000000f7c00000|100%| E|CS|TAMS 0x00000000f7b00000, 0x00000000f7b00000| Complete 
| 380|0x00000000f7c00000, 0x00000000f7d00000, 0x00000000f7d00000|100%| E|CS|TAMS 0x00000000f7c00000, 0x00000000f7c00000| Complete 
| 381|0x00000000f7d00000, 0x00000000f7e00000, 0x00000000f7e00000|100%| E|CS|TAMS 0x00000000f7d00000, 0x00000000f7d00000| Complete 
| 382|0x00000000f7e00000, 0x00000000f7f00000, 0x00000000f7f00000|100%| E|CS|TAMS 0x00000000f7e00000, 0x00000000f7e00000| Complete 
| 383|0x00000000f7f00000, 0x00000000f8000000, 0x00000000f8000000|100%| E|CS|TAMS 0x00000000f7f00000, 0x00000000f7f00000| Complete 
| 384|0x00000000f8000000, 0x00000000f8100000, 0x00000000f8100000|100%| E|CS|TAMS 0x00000000f8000000, 0x00000000f8000000| Complete 
| 385|0x00000000f8100000, 0x00000000f8200000, 0x00000000f8200000|100%| E|CS|TAMS 0x00000000f8100000, 0x00000000f8100000| Complete 
| 386|0x00000000f8200000, 0x00000000f8300000, 0x00000000f8300000|100%| E|CS|TAMS 0x00000000f8200000, 0x00000000f8200000| Complete 
| 387|0x00000000f8300000, 0x00000000f8400000, 0x00000000f8400000|100%| E|CS|TAMS 0x00000000f8300000, 0x00000000f8300000| Complete 
| 388|0x00000000f8400000, 0x00000000f8500000, 0x00000000f8500000|100%| E|CS|TAMS 0x00000000f8400000, 0x00000000f8400000| Complete 
| 389|0x00000000f8500000, 0x00000000f8600000, 0x00000000f8600000|100%| E|CS|TAMS 0x00000000f8500000, 0x00000000f8500000| Complete 
| 390|0x00000000f8600000, 0x00000000f8700000, 0x00000000f8700000|100%| E|CS|TAMS 0x00000000f8600000, 0x00000000f8600000| Complete 
| 391|0x00000000f8700000, 0x00000000f8800000, 0x00000000f8800000|100%| E|CS|TAMS 0x00000000f8700000, 0x00000000f8700000| Complete 
| 392|0x00000000f8800000, 0x00000000f8900000, 0x00000000f8900000|100%| E|CS|TAMS 0x00000000f8800000, 0x00000000f8800000| Complete 
| 393|0x00000000f8900000, 0x00000000f8a00000, 0x00000000f8a00000|100%| E|CS|TAMS 0x00000000f8900000, 0x00000000f8900000| Complete 
| 394|0x00000000f8a00000, 0x00000000f8b00000, 0x00000000f8b00000|100%| E|CS|TAMS 0x00000000f8a00000, 0x00000000f8a00000| Complete 
| 395|0x00000000f8b00000, 0x00000000f8c00000, 0x00000000f8c00000|100%| E|CS|TAMS 0x00000000f8b00000, 0x00000000f8b00000| Complete 
| 396|0x00000000f8c00000, 0x00000000f8d00000, 0x00000000f8d00000|100%| E|CS|TAMS 0x00000000f8c00000, 0x00000000f8c00000| Complete 
| 397|0x00000000f8d00000, 0x00000000f8e00000, 0x00000000f8e00000|100%| E|CS|TAMS 0x00000000f8d00000, 0x00000000f8d00000| Complete 
| 398|0x00000000f8e00000, 0x00000000f8f00000, 0x00000000f8f00000|100%| E|CS|TAMS 0x00000000f8e00000, 0x00000000f8e00000| Complete 
| 399|0x00000000f8f00000, 0x00000000f9000000, 0x00000000f9000000|100%| E|CS|TAMS 0x00000000f8f00000, 0x00000000f8f00000| Complete 
| 400|0x00000000f9000000, 0x00000000f9100000, 0x00000000f9100000|100%| E|CS|TAMS 0x00000000f9000000, 0x00000000f9000000| Complete 
| 401|0x00000000f9100000, 0x00000000f9200000, 0x00000000f9200000|100%| E|CS|TAMS 0x00000000f9100000, 0x00000000f9100000| Complete 
| 402|0x00000000f9200000, 0x00000000f9300000, 0x00000000f9300000|100%| E|CS|TAMS 0x00000000f9200000, 0x00000000f9200000| Complete 
| 403|0x00000000f9300000, 0x00000000f9400000, 0x00000000f9400000|100%| E|CS|TAMS 0x00000000f9300000, 0x00000000f9300000| Complete 
| 404|0x00000000f9400000, 0x00000000f9500000, 0x00000000f9500000|100%| E|CS|TAMS 0x00000000f9400000, 0x00000000f9400000| Complete 
| 405|0x00000000f9500000, 0x00000000f9600000, 0x00000000f9600000|100%| E|CS|TAMS 0x00000000f9500000, 0x00000000f9500000| Complete 
| 406|0x00000000f9600000, 0x00000000f9700000, 0x00000000f9700000|100%| E|CS|TAMS 0x00000000f9600000, 0x00000000f9600000| Complete 
| 407|0x00000000f9700000, 0x00000000f9800000, 0x00000000f9800000|100%| E|CS|TAMS 0x00000000f9700000, 0x00000000f9700000| Complete 
| 408|0x00000000f9800000, 0x00000000f9900000, 0x00000000f9900000|100%| E|CS|TAMS 0x00000000f9800000, 0x00000000f9800000| Complete 
| 409|0x00000000f9900000, 0x00000000f9a00000, 0x00000000f9a00000|100%| E|CS|TAMS 0x00000000f9900000, 0x00000000f9900000| Complete 
| 410|0x00000000f9a00000, 0x00000000f9b00000, 0x00000000f9b00000|100%| E|CS|TAMS 0x00000000f9a00000, 0x00000000f9a00000| Complete 
| 411|0x00000000f9b00000, 0x00000000f9c00000, 0x00000000f9c00000|100%| E|CS|TAMS 0x00000000f9b00000, 0x00000000f9b00000| Complete 
| 412|0x00000000f9c00000, 0x00000000f9d00000, 0x00000000f9d00000|100%| E|CS|TAMS 0x00000000f9c00000, 0x00000000f9c00000| Complete 
| 413|0x00000000f9d00000, 0x00000000f9e00000, 0x00000000f9e00000|100%| E|CS|TAMS 0x00000000f9d00000, 0x00000000f9d00000| Complete 
| 414|0x00000000f9e00000, 0x00000000f9f00000, 0x00000000f9f00000|100%| E|CS|TAMS 0x00000000f9e00000, 0x00000000f9e00000| Complete 
| 415|0x00000000f9f00000, 0x00000000fa000000, 0x00000000fa000000|100%| E|CS|TAMS 0x00000000f9f00000, 0x00000000f9f00000| Complete 
| 416|0x00000000fa000000, 0x00000000fa100000, 0x00000000fa100000|100%| E|CS|TAMS 0x00000000fa000000, 0x00000000fa000000| Complete 
| 417|0x00000000fa100000, 0x00000000fa200000, 0x00000000fa200000|100%| E|CS|TAMS 0x00000000fa100000, 0x00000000fa100000| Complete 
| 418|0x00000000fa200000, 0x00000000fa300000, 0x00000000fa300000|100%| E|CS|TAMS 0x00000000fa200000, 0x00000000fa200000| Complete 
| 419|0x00000000fa300000, 0x00000000fa400000, 0x00000000fa400000|100%| E|CS|TAMS 0x00000000fa300000, 0x00000000fa300000| Complete 
| 420|0x00000000fa400000, 0x00000000fa500000, 0x00000000fa500000|100%| E|CS|TAMS 0x00000000fa400000, 0x00000000fa400000| Complete 
| 421|0x00000000fa500000, 0x00000000fa600000, 0x00000000fa600000|100%| E|CS|TAMS 0x00000000fa500000, 0x00000000fa500000| Complete 
| 422|0x00000000fa600000, 0x00000000fa700000, 0x00000000fa700000|100%| E|CS|TAMS 0x00000000fa600000, 0x00000000fa600000| Complete 
| 423|0x00000000fa700000, 0x00000000fa800000, 0x00000000fa800000|100%| E|CS|TAMS 0x00000000fa700000, 0x00000000fa700000| Complete 
| 424|0x00000000fa800000, 0x00000000fa900000, 0x00000000fa900000|100%| E|CS|TAMS 0x00000000fa800000, 0x00000000fa800000| Complete 
| 425|0x00000000fa900000, 0x00000000faa00000, 0x00000000faa00000|100%| E|CS|TAMS 0x00000000fa900000, 0x00000000fa900000| Complete 
| 426|0x00000000faa00000, 0x00000000fab00000, 0x00000000fab00000|100%| E|CS|TAMS 0x00000000faa00000, 0x00000000faa00000| Complete 
| 427|0x00000000fab00000, 0x00000000fac00000, 0x00000000fac00000|100%| E|CS|TAMS 0x00000000fab00000, 0x00000000fab00000| Complete 
| 428|0x00000000fac00000, 0x00000000fad00000, 0x00000000fad00000|100%| E|CS|TAMS 0x00000000fac00000, 0x00000000fac00000| Complete 
| 429|0x00000000fad00000, 0x00000000fae00000, 0x00000000fae00000|100%| E|CS|TAMS 0x00000000fad00000, 0x00000000fad00000| Complete 
| 430|0x00000000fae00000, 0x00000000faf00000, 0x00000000faf00000|100%| E|CS|TAMS 0x00000000fae00000, 0x00000000fae00000| Complete 
| 431|0x00000000faf00000, 0x00000000fb000000, 0x00000000fb000000|100%| E|CS|TAMS 0x00000000faf00000, 0x00000000faf00000| Complete 
| 432|0x00000000fb000000, 0x00000000fb100000, 0x00000000fb100000|100%| E|CS|TAMS 0x00000000fb000000, 0x00000000fb000000| Complete 
| 433|0x00000000fb100000, 0x00000000fb200000, 0x00000000fb200000|100%| E|CS|TAMS 0x00000000fb100000, 0x00000000fb100000| Complete 
| 434|0x00000000fb200000, 0x00000000fb300000, 0x00000000fb300000|100%| E|CS|TAMS 0x00000000fb200000, 0x00000000fb200000| Complete 
| 435|0x00000000fb300000, 0x00000000fb400000, 0x00000000fb400000|100%| E|CS|TAMS 0x00000000fb300000, 0x00000000fb300000| Complete 
| 436|0x00000000fb400000, 0x00000000fb500000, 0x00000000fb500000|100%| E|CS|TAMS 0x00000000fb400000, 0x00000000fb400000| Complete 
| 437|0x00000000fb500000, 0x00000000fb600000, 0x00000000fb600000|100%| E|CS|TAMS 0x00000000fb500000, 0x00000000fb500000| Complete 
| 438|0x00000000fb600000, 0x00000000fb700000, 0x00000000fb700000|100%| E|CS|TAMS 0x00000000fb600000, 0x00000000fb600000| Complete 
| 439|0x00000000fb700000, 0x00000000fb800000, 0x00000000fb800000|100%| E|CS|TAMS 0x00000000fb700000, 0x00000000fb700000| Complete 
| 440|0x00000000fb800000, 0x00000000fb900000, 0x00000000fb900000|100%| E|CS|TAMS 0x00000000fb800000, 0x00000000fb800000| Complete 
| 441|0x00000000fb900000, 0x00000000fba00000, 0x00000000fba00000|100%| E|CS|TAMS 0x00000000fb900000, 0x00000000fb900000| Complete 
| 442|0x00000000fba00000, 0x00000000fbb00000, 0x00000000fbb00000|100%| E|CS|TAMS 0x00000000fba00000, 0x00000000fba00000| Complete 
| 443|0x00000000fbb00000, 0x00000000fbc00000, 0x00000000fbc00000|100%| E|CS|TAMS 0x00000000fbb00000, 0x00000000fbb00000| Complete 
| 444|0x00000000fbc00000, 0x00000000fbd00000, 0x00000000fbd00000|100%| E|CS|TAMS 0x00000000fbc00000, 0x00000000fbc00000| Complete 
| 445|0x00000000fbd00000, 0x00000000fbe00000, 0x00000000fbe00000|100%| E|CS|TAMS 0x00000000fbd00000, 0x00000000fbd00000| Complete 
| 446|0x00000000fbe00000, 0x00000000fbf00000, 0x00000000fbf00000|100%| E|CS|TAMS 0x00000000fbe00000, 0x00000000fbe00000| Complete 
| 447|0x00000000fbf00000, 0x00000000fc000000, 0x00000000fc000000|100%| E|CS|TAMS 0x00000000fbf00000, 0x00000000fbf00000| Complete 
| 448|0x00000000fc000000, 0x00000000fc100000, 0x00000000fc100000|100%| E|CS|TAMS 0x00000000fc000000, 0x00000000fc000000| Complete 
| 449|0x00000000fc100000, 0x00000000fc200000, 0x00000000fc200000|100%| E|CS|TAMS 0x00000000fc100000, 0x00000000fc100000| Complete 
| 450|0x00000000fc200000, 0x00000000fc300000, 0x00000000fc300000|100%| E|CS|TAMS 0x00000000fc200000, 0x00000000fc200000| Complete 
| 451|0x00000000fc300000, 0x00000000fc400000, 0x00000000fc400000|100%| E|CS|TAMS 0x00000000fc300000, 0x00000000fc300000| Complete 
| 452|0x00000000fc400000, 0x00000000fc500000, 0x00000000fc500000|100%| E|CS|TAMS 0x00000000fc400000, 0x00000000fc400000| Complete 
| 453|0x00000000fc500000, 0x00000000fc600000, 0x00000000fc600000|100%| E|CS|TAMS 0x00000000fc500000, 0x00000000fc500000| Complete 
| 454|0x00000000fc600000, 0x00000000fc700000, 0x00000000fc700000|100%| E|CS|TAMS 0x00000000fc600000, 0x00000000fc600000| Complete 
| 455|0x00000000fc700000, 0x00000000fc800000, 0x00000000fc800000|100%| E|CS|TAMS 0x00000000fc700000, 0x00000000fc700000| Complete 
| 456|0x00000000fc800000, 0x00000000fc900000, 0x00000000fc900000|100%| E|CS|TAMS 0x00000000fc800000, 0x00000000fc800000| Complete 
| 457|0x00000000fc900000, 0x00000000fca00000, 0x00000000fca00000|100%| E|CS|TAMS 0x00000000fc900000, 0x00000000fc900000| Complete 
| 458|0x00000000fca00000, 0x00000000fcb00000, 0x00000000fcb00000|100%| E|CS|TAMS 0x00000000fca00000, 0x00000000fca00000| Complete 
| 459|0x00000000fcb00000, 0x00000000fcc00000, 0x00000000fcc00000|100%| E|CS|TAMS 0x00000000fcb00000, 0x00000000fcb00000| Complete 
| 460|0x00000000fcc00000, 0x00000000fcd00000, 0x00000000fcd00000|100%| E|CS|TAMS 0x00000000fcc00000, 0x00000000fcc00000| Complete 
| 461|0x00000000fcd00000, 0x00000000fce00000, 0x00000000fce00000|100%| E|CS|TAMS 0x00000000fcd00000, 0x00000000fcd00000| Complete 
| 462|0x00000000fce00000, 0x00000000fcf00000, 0x00000000fcf00000|100%| E|CS|TAMS 0x00000000fce00000, 0x00000000fce00000| Complete 
| 463|0x00000000fcf00000, 0x00000000fd000000, 0x00000000fd000000|100%| E|CS|TAMS 0x00000000fcf00000, 0x00000000fcf00000| Complete 
| 464|0x00000000fd000000, 0x00000000fd100000, 0x00000000fd100000|100%| E|CS|TAMS 0x00000000fd000000, 0x00000000fd000000| Complete 
| 465|0x00000000fd100000, 0x00000000fd200000, 0x00000000fd200000|100%| E|CS|TAMS 0x00000000fd100000, 0x00000000fd100000| Complete 
| 466|0x00000000fd200000, 0x00000000fd300000, 0x00000000fd300000|100%| E|CS|TAMS 0x00000000fd200000, 0x00000000fd200000| Complete 
| 467|0x00000000fd300000, 0x00000000fd400000, 0x00000000fd400000|100%| E|CS|TAMS 0x00000000fd300000, 0x00000000fd300000| Complete 
| 468|0x00000000fd400000, 0x00000000fd500000, 0x00000000fd500000|100%| E|CS|TAMS 0x00000000fd400000, 0x00000000fd400000| Complete 
| 469|0x00000000fd500000, 0x00000000fd600000, 0x00000000fd600000|100%| E|CS|TAMS 0x00000000fd500000, 0x00000000fd500000| Complete 
| 470|0x00000000fd600000, 0x00000000fd700000, 0x00000000fd700000|100%| E|CS|TAMS 0x00000000fd600000, 0x00000000fd600000| Complete 
| 471|0x00000000fd700000, 0x00000000fd800000, 0x00000000fd800000|100%| E|CS|TAMS 0x00000000fd700000, 0x00000000fd700000| Complete 
| 472|0x00000000fd800000, 0x00000000fd900000, 0x00000000fd900000|100%| E|CS|TAMS 0x00000000fd800000, 0x00000000fd800000| Complete 
| 473|0x00000000fd900000, 0x00000000fda00000, 0x00000000fda00000|100%| E|CS|TAMS 0x00000000fd900000, 0x00000000fd900000| Complete 
| 474|0x00000000fda00000, 0x00000000fdb00000, 0x00000000fdb00000|100%| E|CS|TAMS 0x00000000fda00000, 0x00000000fda00000| Complete 
| 475|0x00000000fdb00000, 0x00000000fdc00000, 0x00000000fdc00000|100%| E|CS|TAMS 0x00000000fdb00000, 0x00000000fdb00000| Complete 
| 476|0x00000000fdc00000, 0x00000000fdd00000, 0x00000000fdd00000|100%| E|CS|TAMS 0x00000000fdc00000, 0x00000000fdc00000| Complete 
| 477|0x00000000fdd00000, 0x00000000fde00000, 0x00000000fde00000|100%| E|CS|TAMS 0x00000000fdd00000, 0x00000000fdd00000| Complete 
| 478|0x00000000fde00000, 0x00000000fdf00000, 0x00000000fdf00000|100%| E|CS|TAMS 0x00000000fde00000, 0x00000000fde00000| Complete 
| 479|0x00000000fdf00000, 0x00000000fe000000, 0x00000000fe000000|100%| E|CS|TAMS 0x00000000fdf00000, 0x00000000fdf00000| Complete 
| 480|0x00000000fe000000, 0x00000000fe100000, 0x00000000fe100000|100%| E|CS|TAMS 0x00000000fe000000, 0x00000000fe000000| Complete 
| 481|0x00000000fe100000, 0x00000000fe200000, 0x00000000fe200000|100%| E|CS|TAMS 0x00000000fe100000, 0x00000000fe100000| Complete 
| 482|0x00000000fe200000, 0x00000000fe300000, 0x00000000fe300000|100%| E|CS|TAMS 0x00000000fe200000, 0x00000000fe200000| Complete 
| 483|0x00000000fe300000, 0x00000000fe400000, 0x00000000fe400000|100%| E|CS|TAMS 0x00000000fe300000, 0x00000000fe300000| Complete 
| 484|0x00000000fe400000, 0x00000000fe500000, 0x00000000fe500000|100%| E|CS|TAMS 0x00000000fe400000, 0x00000000fe400000| Complete 
| 485|0x00000000fe500000, 0x00000000fe600000, 0x00000000fe600000|100%| E|CS|TAMS 0x00000000fe500000, 0x00000000fe500000| Complete 
| 486|0x00000000fe600000, 0x00000000fe700000, 0x00000000fe700000|100%| E|CS|TAMS 0x00000000fe600000, 0x00000000fe600000| Complete 
| 487|0x00000000fe700000, 0x00000000fe800000, 0x00000000fe800000|100%| E|CS|TAMS 0x00000000fe700000, 0x00000000fe700000| Complete 
| 488|0x00000000fe800000, 0x00000000fe900000, 0x00000000fe900000|100%| E|CS|TAMS 0x00000000fe800000, 0x00000000fe800000| Complete 
| 489|0x00000000fe900000, 0x00000000fea00000, 0x00000000fea00000|100%| E|CS|TAMS 0x00000000fe900000, 0x00000000fe900000| Complete 
| 490|0x00000000fea00000, 0x00000000feb00000, 0x00000000feb00000|100%| E|CS|TAMS 0x00000000fea00000, 0x00000000fea00000| Complete 
| 491|0x00000000feb00000, 0x00000000fec00000, 0x00000000fec00000|100%| E|CS|TAMS 0x00000000feb00000, 0x00000000feb00000| Complete 
| 492|0x00000000fec00000, 0x00000000fed00000, 0x00000000fed00000|100%| E|CS|TAMS 0x00000000fec00000, 0x00000000fec00000| Complete 
| 493|0x00000000fed00000, 0x00000000fee00000, 0x00000000fee00000|100%| E|CS|TAMS 0x00000000fed00000, 0x00000000fed00000| Complete 
| 494|0x00000000fee00000, 0x00000000fef00000, 0x00000000fef00000|100%| E|CS|TAMS 0x00000000fee00000, 0x00000000fee00000| Complete 
| 495|0x00000000fef00000, 0x00000000ff000000, 0x00000000ff000000|100%| E|CS|TAMS 0x00000000fef00000, 0x00000000fef00000| Complete 
| 496|0x00000000ff000000, 0x00000000ff100000, 0x00000000ff100000|100%| E|CS|TAMS 0x00000000ff000000, 0x00000000ff000000| Complete 
| 497|0x00000000ff100000, 0x00000000ff200000, 0x00000000ff200000|100%| E|CS|TAMS 0x00000000ff100000, 0x00000000ff100000| Complete 
| 498|0x00000000ff200000, 0x00000000ff300000, 0x00000000ff300000|100%| E|CS|TAMS 0x00000000ff200000, 0x00000000ff200000| Complete 
| 499|0x00000000ff300000, 0x00000000ff400000, 0x00000000ff400000|100%| E|CS|TAMS 0x00000000ff300000, 0x00000000ff300000| Complete 
| 500|0x00000000ff400000, 0x00000000ff500000, 0x00000000ff500000|100%| E|CS|TAMS 0x00000000ff400000, 0x00000000ff400000| Complete 
| 501|0x00000000ff500000, 0x00000000ff600000, 0x00000000ff600000|100%| E|CS|TAMS 0x00000000ff500000, 0x00000000ff500000| Complete 
| 502|0x00000000ff600000, 0x00000000ff700000, 0x00000000ff700000|100%| E|CS|TAMS 0x00000000ff600000, 0x00000000ff600000| Complete 
| 503|0x00000000ff700000, 0x00000000ff800000, 0x00000000ff800000|100%| E|CS|TAMS 0x00000000ff700000, 0x00000000ff700000| Complete 
| 504|0x00000000ff800000, 0x00000000ff900000, 0x00000000ff900000|100%| E|CS|TAMS 0x00000000ff800000, 0x00000000ff800000| Complete 
| 505|0x00000000ff900000, 0x00000000ffa00000, 0x00000000ffa00000|100%| E|CS|TAMS 0x00000000ff900000, 0x00000000ff900000| Complete 
| 506|0x00000000ffa00000, 0x00000000ffb00000, 0x00000000ffb00000|100%| E|CS|TAMS 0x00000000ffa00000, 0x00000000ffa00000| Complete 
| 507|0x00000000ffb00000, 0x00000000ffc00000, 0x00000000ffc00000|100%| E|CS|TAMS 0x00000000ffb00000, 0x00000000ffb00000| Complete 
| 508|0x00000000ffc00000, 0x00000000ffd00000, 0x00000000ffd00000|100%| E|CS|TAMS 0x00000000ffc00000, 0x00000000ffc00000| Complete 
| 509|0x00000000ffd00000, 0x00000000ffe00000, 0x00000000ffe00000|100%| E|CS|TAMS 0x00000000ffd00000, 0x00000000ffd00000| Complete 
| 510|0x00000000ffe00000, 0x00000000fff00000, 0x00000000fff00000|100%| E|CS|TAMS 0x00000000ffe00000, 0x00000000ffe00000| Complete 
| 511|0x00000000fff00000, 0x0000000100000000, 0x0000000100000000|100%| E|CS|TAMS 0x00000000fff00000, 0x00000000fff00000| Complete 

Card table byte_map: [0x0000022fe6bd0000,0x0000022fe6cd0000] _byte_map_base: 0x0000022fe64d0000

Marking Bits (Prev, Next): (CMBitMap*) 0x0000022fd3db1160, (CMBitMap*) 0x0000022fd3db1120
 Prev Bits: [0x0000022fe75d0000, 0x0000022fe7dd0000)
 Next Bits: [0x0000022fe6dd0000, 0x0000022fe75d0000)

Polling page: 0x0000022fd1aa0000

Metaspace:

Usage:
  Non-class:    146.44 MB used.
      Class:     23.31 MB used.
       Both:    169.76 MB used.

Virtual space:
  Non-class space:      192.00 MB reserved,     147.06 MB ( 77%) committed,  3 nodes.
      Class space:      320.00 MB reserved,      23.94 MB (  7%) committed,  1 nodes.
             Both:      512.00 MB reserved,     171.00 MB ( 33%) committed. 

Chunk freelists:
   Non-Class:  12.42 MB
       Class:  8.05 MB
        Both:  20.47 MB

MaxMetaspaceSize: 384.00 MB
CompressedClassSpaceSize: 320.00 MB
Initial GC threshold: 21.00 MB
Current GC threshold: 278.88 MB
CDS: off
MetaspaceReclaimPolicy: balanced
 - commit_granule_bytes: 65536.
 - commit_granule_words: 8192.
 - virtual_space_node_default_size: 8388608.
 - enlarge_chunks_in_place: 1.
 - new_chunks_are_fully_committed: 0.
 - uncommit_free_chunks: 1.
 - use_allocation_guard: 0.
 - handle_deallocations: 1.


Internal statistics:

num_allocs_failed_limit: 12.
num_arena_births: 2924.
num_arena_deaths: 896.
num_vsnodes_births: 4.
num_vsnodes_deaths: 0.
num_space_committed: 2734.
num_space_uncommitted: 0.
num_chunks_returned_to_freelist: 1204.
num_chunks_taken_from_freelist: 10846.
num_chunk_merges: 427.
num_chunk_splits: 6651.
num_chunks_enlarged: 4140.
num_inconsistent_stats: 0.

CodeHeap 'non-profiled nmethods': size=119168Kb used=20218Kb max_used=20850Kb free=98949Kb
 bounds [0x0000022fdedf0000, 0x0000022fe0250000, 0x0000022fe6250000]
CodeHeap 'profiled nmethods': size=119104Kb used=51601Kb max_used=53556Kb free=67503Kb
 bounds [0x0000022fd7250000, 0x0000022fda6a0000, 0x0000022fde6a0000]
CodeHeap 'non-nmethods': size=7488Kb used=2533Kb max_used=4273Kb free=4955Kb
 bounds [0x0000022fde6a0000, 0x0000022fdeb40000, 0x0000022fdedf0000]
 total_blobs=26919 nmethods=25836 adapters=994
 compilation: enabled
              stopped_count=0, restarted_count=0
 full_count=0

Compilation events (20 events):
Event: 690.311 Thread 0x0000022fef2a5d70 35246       3       org.gradle.internal.execution.steps.ValidateStep$$Lambda$1759/0x0000000100e89800::<init> (20 bytes)
Event: 690.311 Thread 0x0000022ffbb94730 nmethod 35244 0x0000022fd7b38390 code [0x0000022fd7b38540, 0x0000022fd7b38768]
Event: 690.311 Thread 0x0000022ffbb94730 35248       3       java.util.HashMap::replaceAll (117 bytes)
Event: 690.311 Thread 0x0000022fef2a5d70 nmethod 35246 0x0000022fd7a03610 code [0x0000022fd7a037c0, 0x0000022fd7a03a38]
Event: 690.311 Thread 0x0000022fef09aa60 nmethod 35242 0x0000022fd79c0f90 code [0x0000022fd79c1280, 0x0000022fd79c22b8]
Event: 690.311 Thread 0x0000022fef2a5d70 35249       3       org.gradle.internal.execution.steps.AbstractResolveCachingStateStep::execute (67 bytes)
Event: 690.311 Thread 0x0000022fef09aa60 35251       3       org.gradle.caching.internal.controller.impl.LifecycleAwareBuildCacheControllerFactory$DelegatingBuildCacheController::isEnabled (10 bytes)
Event: 690.311 Thread 0x0000022ffbb94730 nmethod 35248 0x0000022fd7393690 code [0x0000022fd7393880, 0x0000022fd7393ee8]
Event: 690.311 Thread 0x0000022ffbb94730 35252       3       org.gradle.internal.execution.steps.AbstractResolveCachingStateStep$$Lambda$1788/0x0000000100e964a8::<init> (10 bytes)
Event: 690.311 Thread 0x0000022ffbb94730 nmethod 35252 0x0000022fd7c65890 code [0x0000022fd7c65a20, 0x0000022fd7c65bd8]
Event: 690.311 Thread 0x0000022fef09aa60 nmethod 35251 0x0000022fd7671f90 code [0x0000022fd7672140, 0x0000022fd76724a8]
Event: 690.311 Thread 0x0000022fef09aa60 35253       3       org.gradle.internal.execution.steps.AbstractResolveCachingStateStep$$Lambda$1790/0x0000000100e97048::<init> (20 bytes)
Event: 690.311 Thread 0x0000022ffbb94730 35254       3       org.gradle.internal.execution.steps.legacy.MarkSnapshottingInputsFinishedStep::execute (10 bytes)
Event: 690.311 Thread 0x0000022fef09aa60 nmethod 35253 0x0000022fd7ac0190 code [0x0000022fd7ac0340, 0x0000022fd7ac05b8]
Event: 690.311 Thread 0x0000022fef09aa60 35250       3       org.gradle.internal.execution.steps.AbstractResolveCachingStateStep::execute (10 bytes)
Event: 690.312 Thread 0x0000022fef09aa60 nmethod 35250 0x0000022fd75ee910 code [0x0000022fd75eeac0, 0x0000022fd75eed68]
Event: 690.312 Thread 0x0000022ffbb94730 nmethod 35254 0x0000022fd736f090 code [0x0000022fd736f260, 0x0000022fd736f748]
Event: 690.313 Thread 0x0000022fef09aa60 35255       3       com.sun.org.apache.xerces.internal.impl.XMLStreamReaderImpl::hasNext (25 bytes)
Event: 690.314 Thread 0x0000022fef09aa60 nmethod 35255 0x0000022fd7c74d90 code [0x0000022fd7c74f20, 0x0000022fd7c750f8]
Event: 690.314 Thread 0x0000022fef2a5d70 nmethod 35249 0x0000022fda027290 code [0x0000022fda0277a0, 0x0000022fda02acc8]

GC Heap History (20 events):
Event: 158.523 GC heap before
{Heap before GC invocations=122 (full 0):
 garbage-first heap   total 524288K, used 466670K [0x00000000e0000000, 0x0000000100000000)
  region size 1024K, 170 young (174080K), 2 survivors (2048K)
 Metaspace       used 141078K, committed 141888K, reserved 458752K
  class space    used 20033K, committed 20416K, reserved 327680K
}
Event: 158.536 GC heap after
{Heap after GC invocations=123 (full 0):
 garbage-first heap   total 524288K, used 295816K [0x00000000e0000000, 0x0000000100000000)
  region size 1024K, 4 young (4096K), 4 survivors (4096K)
 Metaspace       used 141078K, committed 141888K, reserved 458752K
  class space    used 20033K, committed 20416K, reserved 327680K
}
Event: 158.638 GC heap before
{Heap before GC invocations=123 (full 0):
 garbage-first heap   total 524288K, used 317320K [0x00000000e0000000, 0x0000000100000000)
  region size 1024K, 25 young (25600K), 4 survivors (4096K)
 Metaspace       used 141078K, committed 141888K, reserved 458752K
  class space    used 20033K, committed 20416K, reserved 327680K
}
Event: 158.653 GC heap after
{Heap after GC invocations=124 (full 0):
 garbage-first heap   total 524288K, used 277133K [0x00000000e0000000, 0x0000000100000000)
  region size 1024K, 2 young (2048K), 2 survivors (2048K)
 Metaspace       used 141078K, committed 141888K, reserved 458752K
  class space    used 20033K, committed 20416K, reserved 327680K
}
Event: 160.594 GC heap before
{Heap before GC invocations=124 (full 0):
 garbage-first heap   total 524288K, used 445069K [0x00000000e0000000, 0x0000000100000000)
  region size 1024K, 167 young (171008K), 2 survivors (2048K)
 Metaspace       used 144045K, committed 144896K, reserved 458752K
  class space    used 20416K, committed 20864K, reserved 327680K
}
Event: 160.614 GC heap after
{Heap after GC invocations=125 (full 0):
 garbage-first heap   total 524288K, used 262233K [0x00000000e0000000, 0x0000000100000000)
  region size 1024K, 7 young (7168K), 7 survivors (7168K)
 Metaspace       used 144045K, committed 144896K, reserved 458752K
  class space    used 20416K, committed 20864K, reserved 327680K
}
Event: 573.457 GC heap before
{Heap before GC invocations=125 (full 0):
 garbage-first heap   total 524288K, used 361561K [0x00000000e0000000, 0x0000000100000000)
  region size 1024K, 106 young (108544K), 7 survivors (7168K)
 Metaspace       used 151455K, committed 152384K, reserved 458752K
  class space    used 21264K, committed 21696K, reserved 327680K
}
Event: 573.575 GC heap after
{Heap after GC invocations=126 (full 0):
 garbage-first heap   total 524288K, used 264498K [0x00000000e0000000, 0x0000000100000000)
  region size 1024K, 9 young (9216K), 9 survivors (9216K)
 Metaspace       used 151455K, committed 152384K, reserved 458752K
  class space    used 21264K, committed 21696K, reserved 327680K
}
Event: 582.921 GC heap before
{Heap before GC invocations=127 (full 0):
 garbage-first heap   total 524288K, used 455986K [0x00000000e0000000, 0x0000000100000000)
  region size 1024K, 189 young (193536K), 9 survivors (9216K)
 Metaspace       used 158009K, committed 158976K, reserved 524288K
  class space    used 22070K, committed 22528K, reserved 327680K
}
Event: 583.025 GC heap after
{Heap after GC invocations=128 (full 0):
 garbage-first heap   total 524288K, used 288741K [0x00000000e0000000, 0x0000000100000000)
  region size 1024K, 24 young (24576K), 24 survivors (24576K)
 Metaspace       used 158009K, committed 158976K, reserved 524288K
  class space    used 22070K, committed 22528K, reserved 327680K
}
Event: 583.044 GC heap before
{Heap before GC invocations=128 (full 0):
 garbage-first heap   total 524288K, used 289765K [0x00000000e0000000, 0x0000000100000000)
  region size 1024K, 25 young (25600K), 24 survivors (24576K)
 Metaspace       used 158012K, committed 158976K, reserved 524288K
  class space    used 22070K, committed 22528K, reserved 327680K
}
Event: 583.140 GC heap after
{Heap after GC invocations=129 (full 0):
 garbage-first heap   total 524288K, used 247049K [0x00000000e0000000, 0x0000000100000000)
  region size 1024K, 3 young (3072K), 3 survivors (3072K)
 Metaspace       used 158012K, committed 158976K, reserved 524288K
  class space    used 22070K, committed 22528K, reserved 327680K
}
Event: 583.840 GC heap before
{Heap before GC invocations=129 (full 0):
 garbage-first heap   total 524288K, used 269577K [0x00000000e0000000, 0x0000000100000000)
  region size 1024K, 25 young (25600K), 3 survivors (3072K)
 Metaspace       used 159036K, committed 160000K, reserved 524288K
  class space    used 22205K, committed 22656K, reserved 327680K
}
Event: 583.891 GC heap after
{Heap after GC invocations=130 (full 0):
 garbage-first heap   total 524288K, used 226569K [0x00000000e0000000, 0x0000000100000000)
  region size 1024K, 3 young (3072K), 3 survivors (3072K)
 Metaspace       used 159036K, committed 160000K, reserved 524288K
  class space    used 22205K, committed 22656K, reserved 327680K
}
Event: 588.511 GC heap before
{Heap before GC invocations=130 (full 0):
 garbage-first heap   total 524288K, used 425225K [0x00000000e0000000, 0x0000000100000000)
  region size 1024K, 196 young (200704K), 3 survivors (3072K)
 Metaspace       used 162777K, committed 163776K, reserved 524288K
  class space    used 22607K, committed 23104K, reserved 327680K
}
Event: 588.525 GC heap after
{Heap after GC invocations=131 (full 0):
 garbage-first heap   total 524288K, used 236543K [0x00000000e0000000, 0x0000000100000000)
  region size 1024K, 12 young (12288K), 12 survivors (12288K)
 Metaspace       used 162777K, committed 163776K, reserved 524288K
  class space    used 22607K, committed 23104K, reserved 327680K
}
Event: 656.836 GC heap before
{Heap before GC invocations=131 (full 0):
 garbage-first heap   total 524288K, used 428031K [0x00000000e0000000, 0x0000000100000000)
  region size 1024K, 200 young (204800K), 12 survivors (12288K)
 Metaspace       used 169380K, committed 170560K, reserved 524288K
  class space    used 23443K, committed 24064K, reserved 327680K
}
Event: 657.023 GC heap after
{Heap after GC invocations=132 (full 0):
 garbage-first heap   total 524288K, used 250226K [0x00000000e0000000, 0x0000000100000000)
  region size 1024K, 25 young (25600K), 25 survivors (25600K)
 Metaspace       used 169380K, committed 170560K, reserved 524288K
  class space    used 23443K, committed 24064K, reserved 327680K
}
Event: 685.499 GC heap before
{Heap before GC invocations=132 (full 0):
 garbage-first heap   total 524288K, used 430450K [0x00000000e0000000, 0x0000000100000000)
  region size 1024K, 202 young (206848K), 25 survivors (25600K)
 Metaspace       used 170054K, committed 171328K, reserved 524288K
  class space    used 23477K, committed 24064K, reserved 327680K
}
Event: 685.672 GC heap after
{Heap after GC invocations=133 (full 0):
 garbage-first heap   total 524288K, used 254782K [0x00000000e0000000, 0x0000000100000000)
  region size 1024K, 8 young (8192K), 8 survivors (8192K)
 Metaspace       used 170054K, committed 171328K, reserved 524288K
  class space    used 23477K, committed 24064K, reserved 327680K
}

Dll operation events (3 events):
Event: 0.017 Loaded shared library C:\Program Files\Android\Android Studio\jbr\bin\java.dll
Event: 0.169 Loaded shared library C:\Program Files\Android\Android Studio\jbr\bin\zip.dll
Event: 0.620 Loaded shared library C:\Program Files\Android\Android Studio\jbr\bin\verify.dll

Deoptimization events (20 events):
Event: 689.876 Thread 0x0000022fef529c70 Uncommon trap: trap_request=0xffffff45 fr.pc=0x0000022fe01a45ac relative=0x000000000000020c
Event: 689.876 Thread 0x0000022fef529c70 Uncommon trap: reason=unstable_if action=reinterpret pc=0x0000022fe01a45ac method=java.lang.String.regionMatches(ILjava/lang/String;II)Z @ 32 c2
Event: 689.876 Thread 0x0000022fef529c70 DEOPT PACKING pc=0x0000022fe01a45ac sp=0x00000077a40fa6f0
Event: 689.876 Thread 0x0000022fef529c70 DEOPT UNPACKING pc=0x0000022fde6f69a3 sp=0x00000077a40fa670 mode 2
Event: 689.913 Thread 0x0000022fef529c70 Uncommon trap: trap_request=0xffffff45 fr.pc=0x0000022fe01f15fc relative=0x000000000000007c
Event: 689.913 Thread 0x0000022fef529c70 Uncommon trap: reason=unstable_if action=reinterpret pc=0x0000022fe01f15fc method=com.sun.org.apache.xerces.internal.impl.XMLEntityScanner.checkBeforeLoad(Lcom/sun/xml/internal/stream/Entity$ScannedEntity;II)I @ 18 c2
Event: 689.913 Thread 0x0000022fef529c70 DEOPT PACKING pc=0x0000022fe01f15fc sp=0x00000077a40f9df0
Event: 689.913 Thread 0x0000022fef529c70 DEOPT UNPACKING pc=0x0000022fde6f69a3 sp=0x00000077a40f9d60 mode 2
Event: 690.070 Thread 0x0000022fef529c70 Uncommon trap: trap_request=0xffffff45 fr.pc=0x0000022fdf9f8a78 relative=0x0000000000000058
Event: 690.070 Thread 0x0000022fef529c70 Uncommon trap: reason=unstable_if action=reinterpret pc=0x0000022fdf9f8a78 method=java.util.Arrays.sort([Ljava/lang/Object;Ljava/util/Comparator;)V @ 1 c2
Event: 690.070 Thread 0x0000022fef529c70 DEOPT PACKING pc=0x0000022fdf9f8a78 sp=0x00000077a40fa790
Event: 690.070 Thread 0x0000022fef529c70 DEOPT UNPACKING pc=0x0000022fde6f69a3 sp=0x00000077a40fa740 mode 2
Event: 690.197 Thread 0x0000022fef529c70 Uncommon trap: trap_request=0xffffff45 fr.pc=0x0000022fdeeeb448 relative=0x00000000000000a8
Event: 690.197 Thread 0x0000022fef529c70 Uncommon trap: reason=unstable_if action=reinterpret pc=0x0000022fdeeeb448 method=java.lang.CharacterDataLatin1.digit(II)I @ 12 c2
Event: 690.197 Thread 0x0000022fef529c70 DEOPT PACKING pc=0x0000022fdeeeb448 sp=0x00000077a40fa720
Event: 690.197 Thread 0x0000022fef529c70 DEOPT UNPACKING pc=0x0000022fde6f69a3 sp=0x00000077a40fa698 mode 2
Event: 690.210 Thread 0x0000022fef529c70 Uncommon trap: trap_request=0xffffffde fr.pc=0x0000022fdfdd3e60 relative=0x0000000000001f20
Event: 690.210 Thread 0x0000022fef529c70 Uncommon trap: reason=class_check action=maybe_recompile pc=0x0000022fdfdd3e60 method=org.gradle.internal.snapshot.impl.AbstractValueProcessor.processValue(Ljava/lang/Object;Lorg/gradle/internal/snapshot/impl/AbstractValueProcessor$ValueVisitor;)Ljava/lan
Event: 690.210 Thread 0x0000022fef529c70 DEOPT PACKING pc=0x0000022fdfdd3e60 sp=0x00000077a40fa4f0
Event: 690.210 Thread 0x0000022fef529c70 DEOPT UNPACKING pc=0x0000022fde6f69a3 sp=0x00000077a40fa4f8 mode 2

Classes unloaded (20 events):
Event: 686.118 Thread 0x0000022fead6dd50 Unloading class 0x00000001013bc000 'jdk/internal/reflect/GeneratedMethodAccessor49'
Event: 686.118 Thread 0x0000022fead6dd50 Unloading class 0x000000010138cc00 'jdk/internal/reflect/GeneratedSerializationConstructorAccessor109'
Event: 686.118 Thread 0x0000022fead6dd50 Unloading class 0x000000010138c000 'jdk/internal/reflect/GeneratedMethodAccessor46'
Event: 686.118 Thread 0x0000022fead6dd50 Unloading class 0x000000010136d800 'jdk/internal/reflect/GeneratedSerializationConstructorAccessor108'
Event: 686.118 Thread 0x0000022fead6dd50 Unloading class 0x000000010136c000 'jdk/internal/reflect/GeneratedSerializationConstructorAccessor105'
Event: 686.119 Thread 0x0000022fead6dd50 Unloading class 0x0000000101364c00 'jdk/internal/reflect/GeneratedSerializationConstructorAccessor104'
Event: 686.119 Thread 0x0000022fead6dd50 Unloading class 0x0000000101364800 'jdk/internal/reflect/GeneratedSerializationConstructorAccessor103'
Event: 686.120 Thread 0x0000022fead6dd50 Unloading class 0x0000000101358800 'jdk/internal/reflect/GeneratedMethodAccessor42'
Event: 686.120 Thread 0x0000022fead6dd50 Unloading class 0x0000000101318800 'jdk/internal/reflect/GeneratedMethodAccessor40'
Event: 686.121 Thread 0x0000022fead6dd50 Unloading class 0x0000000100eec000 'jdk/internal/reflect/GeneratedSerializationConstructorAccessor101'
Event: 686.121 Thread 0x0000022fead6dd50 Unloading class 0x0000000100ec4000 'jdk/internal/reflect/GeneratedSerializationConstructorAccessor100'
Event: 686.121 Thread 0x0000022fead6dd50 Unloading class 0x0000000100eb9400 'jdk/internal/reflect/GeneratedSerializationConstructorAccessor99'
Event: 686.121 Thread 0x0000022fead6dd50 Unloading class 0x0000000100eb9000 'jdk/internal/reflect/GeneratedSerializationConstructorAccessor98'
Event: 686.122 Thread 0x0000022fead6dd50 Unloading class 0x0000000100eb8800 'jdk/internal/reflect/GeneratedSerializationConstructorAccessor97'
Event: 686.122 Thread 0x0000022fead6dd50 Unloading class 0x0000000100eb8400 'jdk/internal/reflect/GeneratedSerializationConstructorAccessor96'
Event: 686.122 Thread 0x0000022fead6dd50 Unloading class 0x0000000100ea9000 'jdk/internal/reflect/GeneratedMethodAccessor36'
Event: 686.122 Thread 0x0000022fead6dd50 Unloading class 0x0000000100ea8800 'jdk/internal/reflect/GeneratedSerializationConstructorAccessor83'
Event: 686.122 Thread 0x0000022fead6dd50 Unloading class 0x0000000100ea8400 'jdk/internal/reflect/GeneratedSerializationConstructorAccessor82'
Event: 686.122 Thread 0x0000022fead6dd50 Unloading class 0x0000000100ea0400 'jdk/internal/reflect/GeneratedMethodAccessor34'
Event: 686.123 Thread 0x0000022fead6dd50 Unloading class 0x0000000100e74800 'jdk/internal/reflect/GeneratedSerializationConstructorAccessor72'

Classes redefined (0 events):
No events

Internal exceptions (20 events):
Event: 689.708 Thread 0x0000022fef529c70 Exception <a 'sun/nio/fs/WindowsException'{0x00000000f8948fd8}> (0x00000000f8948fd8) 
thrown [s\src\hotspot\share\prims\jni.cpp, line 517]
Event: 689.708 Thread 0x0000022fef529c70 Exception <a 'sun/nio/fs/WindowsException'{0x00000000f8949518}> (0x00000000f8949518) 
thrown [s\src\hotspot\share\prims\jni.cpp, line 517]
Event: 689.727 Thread 0x0000022fef529c70 Exception <a 'sun/nio/fs/WindowsException'{0x00000000f89b5d28}> (0x00000000f89b5d28) 
thrown [s\src\hotspot\share\prims\jni.cpp, line 517]
Event: 689.736 Thread 0x0000022fef529c70 Exception <a 'sun/nio/fs/WindowsException'{0x00000000f89e84c0}> (0x00000000f89e84c0) 
thrown [s\src\hotspot\share\prims\jni.cpp, line 517]
Event: 689.736 Thread 0x0000022fef529c70 Exception <a 'sun/nio/fs/WindowsException'{0x00000000f89e9420}> (0x00000000f89e9420) 
thrown [s\src\hotspot\share\prims\jni.cpp, line 517]
Event: 689.737 Thread 0x0000022fef529c70 Exception <a 'sun/nio/fs/WindowsException'{0x00000000f89e94b0}> (0x00000000f89e94b0) 
thrown [s\src\hotspot\share\prims\jni.cpp, line 517]
Event: 689.737 Thread 0x0000022fef529c70 Exception <a 'sun/nio/fs/WindowsException'{0x00000000f89e9ad8}> (0x00000000f89e9ad8) 
thrown [s\src\hotspot\share\prims\jni.cpp, line 517]
Event: 689.737 Thread 0x0000022fef529c70 Exception <a 'sun/nio/fs/WindowsException'{0x00000000f89ec050}> (0x00000000f89ec050) 
thrown [s\src\hotspot\share\prims\jni.cpp, line 517]
Event: 689.738 Thread 0x0000022fef529c70 Exception <a 'sun/nio/fs/WindowsException'{0x00000000f89eda80}> (0x00000000f89eda80) 
thrown [s\src\hotspot\share\prims\jni.cpp, line 517]
Event: 689.755 Thread 0x0000022fef529c70 Exception <a 'sun/nio/fs/WindowsException'{0x00000000f880b150}> (0x00000000f880b150) 
thrown [s\src\hotspot\share\prims\jni.cpp, line 517]
Event: 689.755 Thread 0x0000022fef529c70 Exception <a 'sun/nio/fs/WindowsException'{0x00000000f880d790}> (0x00000000f880d790) 
thrown [s\src\hotspot\share\prims\jni.cpp, line 517]
Event: 689.756 Thread 0x0000022fef529c70 Exception <a 'sun/nio/fs/WindowsException'{0x00000000f880f970}> (0x00000000f880f970) 
thrown [s\src\hotspot\share\prims\jni.cpp, line 517]
Event: 689.756 Thread 0x0000022fef529c70 Exception <a 'sun/nio/fs/WindowsException'{0x00000000f8811b48}> (0x00000000f8811b48) 
thrown [s\src\hotspot\share\prims\jni.cpp, line 517]
Event: 690.212 Thread 0x0000022fef529c70 Exception <a 'java/lang/NoSuchMethodError'{0x00000000f7f566b0}: static Lcom/android/ide/common/resources/CompileResourceRequest;.<clinit>()V> (0x00000000f7f566b0) 
thrown [s\src\hotspot\share\prims\jni.cpp, line 1108]
Event: 690.214 Thread 0x0000022fef529c70 Exception <a 'java/lang/NoSuchMethodError'{0x00000000f7f6d848}: static Ljava/lang/Object;.<clinit>()V> (0x00000000f7f6d848) 
thrown [s\src\hotspot\share\prims\jni.cpp, line 1108]
Event: 690.215 Thread 0x0000022fef529c70 Exception <a 'java/lang/NoSuchMethodError'{0x00000000f7f7f5d0}: static Ljava/lang/Object;.<clinit>()V> (0x00000000f7f7f5d0) 
thrown [s\src\hotspot\share\prims\jni.cpp, line 1108]
Event: 690.216 Thread 0x0000022fef529c70 Exception <a 'java/lang/NoSuchMethodError'{0x00000000f7f91318}: static Ljava/lang/Object;.<clinit>()V> (0x00000000f7f91318) 
thrown [s\src\hotspot\share\prims\jni.cpp, line 1108]
Event: 690.218 Thread 0x0000022fef529c70 Exception <a 'java/lang/NoSuchMethodError'{0x00000000f7faec88}: static Lkotlin/InitializedLazyImpl;.<clinit>()V> (0x00000000f7faec88) 
thrown [s\src\hotspot\share\prims\jni.cpp, line 1108]
Event: 690.230 Thread 0x0000022ff3d458c0 Exception <a 'sun/nio/fs/WindowsException'{0x00000000fb0124c0}> (0x00000000fb0124c0) 
thrown [s\src\hotspot\share\prims\jni.cpp, line 517]
Event: 690.231 Thread 0x0000022ff3d458c0 Exception <a 'sun/nio/fs/WindowsException'{0x00000000fb014700}> (0x00000000fb014700) 
thrown [s\src\hotspot\share\prims\jni.cpp, line 517]

VM Operations (20 events):
Event: 688.692 Executing VM operation: Cleanup done
Event: 688.920 Executing VM operation: HandshakeAllThreads
Event: 688.921 Executing VM operation: HandshakeAllThreads done
Event: 689.308 Executing VM operation: ICBufferFull
Event: 689.309 Executing VM operation: ICBufferFull done
Event: 689.348 Executing VM operation: HandshakeAllThreads
Event: 689.350 Executing VM operation: HandshakeAllThreads done
Event: 689.939 Executing VM operation: HandshakeAllThreads
Event: 689.939 Executing VM operation: HandshakeAllThreads done
Event: 690.033 Executing VM operation: HandshakeAllThreads
Event: 690.034 Executing VM operation: HandshakeAllThreads done
Event: 690.058 Executing VM operation: HandshakeAllThreads
Event: 690.058 Executing VM operation: HandshakeAllThreads done
Event: 690.058 Executing VM operation: HandshakeAllThreads
Event: 690.058 Executing VM operation: HandshakeAllThreads done
Event: 690.129 Executing VM operation: HandshakeAllThreads
Event: 690.129 Executing VM operation: HandshakeAllThreads done
Event: 690.152 Executing VM operation: ICBufferFull
Event: 690.153 Executing VM operation: ICBufferFull done
Event: 691.153 Executing VM operation: Cleanup

Events (20 events):
Event: 690.168 Thread 0x0000022fef0d3830 flushing nmethod 0x0000022fd9fcae90
Event: 690.168 Thread 0x0000022fef0d3830 flushing nmethod 0x0000022fd9fce990
Event: 690.168 Thread 0x0000022fef0d3830 flushing nmethod 0x0000022fd9fd9d90
Event: 690.168 Thread 0x0000022fef0d3830 flushing nmethod 0x0000022fda000b10
Event: 690.168 Thread 0x0000022fef0d3830 flushing nmethod 0x0000022fda01c910
Event: 690.168 Thread 0x0000022fef0d3830 flushing nmethod 0x0000022fda100810
Event: 690.168 Thread 0x0000022fef0d3830 flushing nmethod 0x0000022fda114d10
Event: 690.169 Thread 0x0000022fef0d3830 flushing nmethod 0x0000022fda11e210
Event: 690.169 Thread 0x0000022fef0d3830 flushing nmethod 0x0000022fda13f310
Event: 690.169 Thread 0x0000022fef0d3830 flushing nmethod 0x0000022fda1c3110
Event: 690.169 Thread 0x0000022fef0d3830 flushing nmethod 0x0000022fda249d90
Event: 690.171 Thread 0x0000022fef0d3830 flushing nmethod 0x0000022fda426b90
Event: 690.171 Thread 0x0000022fef0d3830 flushing nmethod 0x0000022fda427310
Event: 690.171 Thread 0x0000022fef0d3830 flushing nmethod 0x0000022fda428710
Event: 690.171 Thread 0x0000022fef0d3830 flushing nmethod 0x0000022fda428d90
Event: 690.171 Thread 0x0000022fef0d3830 flushing nmethod 0x0000022fda56e390
Event: 690.218 Thread 0x0000022ff40938c0 Thread added: 0x0000022ff40938c0
Event: 690.220 Thread 0x0000022ff4095720 Thread added: 0x0000022ff4095720
Event: 690.220 Thread 0x0000022ff4095c30 Thread added: 0x0000022ff4095c30
Event: 690.222 Thread 0x0000022ffd1c4a00 Thread added: 0x0000022ffd1c4a00


Dynamic libraries:
0x00007ff622060000 - 0x00007ff62206a000 	C:\Program Files\Android\Android Studio\jbr\bin\java.exe
0x00007ffc8cf00000 - 0x00007ffc8d167000 	C:\WINDOWS\SYSTEM32\ntdll.dll
0x00007ffc8bbd0000 - 0x00007ffc8bc99000 	C:\WINDOWS\System32\KERNEL32.DLL
0x00007ffc8a3b0000 - 0x00007ffc8a7a7000 	C:\WINDOWS\System32\KERNELBASE.dll
0x00007ffc8a1d0000 - 0x00007ffc8a31b000 	C:\WINDOWS\System32\ucrtbase.dll
0x00007ffc50e90000 - 0x00007ffc50ea7000 	C:\Program Files\Android\Android Studio\jbr\bin\jli.dll
0x00007ffc83910000 - 0x00007ffc8392b000 	C:\Program Files\Android\Android Studio\jbr\bin\VCRUNTIME140.dll
0x00007ffc8ccb0000 - 0x00007ffc8ce76000 	C:\WINDOWS\System32\USER32.dll
0x00007ffc89930000 - 0x00007ffc89957000 	C:\WINDOWS\System32\win32u.dll
0x00007ffc716c0000 - 0x00007ffc71952000 	C:\WINDOWS\WinSxS\amd64_microsoft.windows.common-controls_6595b64144ccf1df_6.0.26100.8328_none_3e08182ce334b678\COMCTL32.dll
0x00007ffc8ad10000 - 0x00007ffc8ad3b000 	C:\WINDOWS\System32\GDI32.dll
0x00007ffc8bb10000 - 0x00007ffc8bbb9000 	C:\WINDOWS\System32\msvcrt.dll
0x00007ffc8a9e0000 - 0x00007ffc8ab0c000 	C:\WINDOWS\System32\gdi32full.dll
0x00007ffc8a7b0000 - 0x00007ffc8a853000 	C:\WINDOWS\System32\msvcp_win.dll
0x00007ffc8ce80000 - 0x00007ffc8ceb2000 	C:\WINDOWS\System32\IMM32.DLL
0x00007ffc838c0000 - 0x00007ffc838cc000 	C:\Program Files\Android\Android Studio\jbr\bin\vcruntime140_1.dll
0x00007ffc56930000 - 0x00007ffc569bd000 	C:\Program Files\Android\Android Studio\jbr\bin\msvcp140.dll
0x00007ffb9cef0000 - 0x00007ffb9db73000 	C:\Program Files\Android\Android Studio\jbr\bin\server\jvm.dll
0x00007ffc8b400000 - 0x00007ffc8b4b6000 	C:\WINDOWS\System32\ADVAPI32.dll
0x00007ffc8c9b0000 - 0x00007ffc8ca57000 	C:\WINDOWS\System32\sechost.dll
0x00007ffc8ca60000 - 0x00007ffc8cb78000 	C:\WINDOWS\System32\RPCRT4.dll
0x00007ffc89190000 - 0x00007ffc891ee000 	C:\WINDOWS\SYSTEM32\POWRPROF.dll
0x00007ffc7d040000 - 0x00007ffc7d076000 	C:\WINDOWS\SYSTEM32\WINMM.dll
0x00007ffc310f0000 - 0x00007ffc310fa000 	C:\WINDOWS\SYSTEM32\WSOCK32.dll
0x00007ffc8ac80000 - 0x00007ffc8ad00000 	C:\WINDOWS\System32\WS2_32.dll
0x00007ffc7ffe0000 - 0x00007ffc7ffeb000 	C:\WINDOWS\SYSTEM32\VERSION.dll
0x00007ffc89170000 - 0x00007ffc89184000 	C:\WINDOWS\SYSTEM32\UMPDC.dll
0x00007ffc886a0000 - 0x00007ffc886bb000 	C:\WINDOWS\SYSTEM32\kernel.appcore.dll
0x00007ffc65f10000 - 0x00007ffc65f1a000 	C:\Program Files\Android\Android Studio\jbr\bin\jimage.dll
0x00007ffc87300000 - 0x00007ffc87542000 	C:\WINDOWS\SYSTEM32\DBGHELP.DLL
0x00007ffc8b070000 - 0x00007ffc8b3f3000 	C:\WINDOWS\System32\combase.dll
0x00007ffc8b4c0000 - 0x00007ffc8b599000 	C:\WINDOWS\System32\OLEAUT32.dll
0x00007ffc6c5b0000 - 0x00007ffc6c5eb000 	C:\WINDOWS\SYSTEM32\dbgcore.DLL
0x00007ffc8ab10000 - 0x00007ffc8abb8000 	C:\WINDOWS\System32\bcryptPrimitives.dll
0x00007ffc50fd0000 - 0x00007ffc50fde000 	C:\Program Files\Android\Android Studio\jbr\bin\instrument.dll
0x00007ffc51000000 - 0x00007ffc51025000 	C:\Program Files\Android\Android Studio\jbr\bin\java.dll
0x00007ffc544d0000 - 0x00007ffc544e8000 	C:\Program Files\Android\Android Studio\jbr\bin\zip.dll
0x00007ffc8c230000 - 0x00007ffc8c99e000 	C:\WINDOWS\System32\SHELL32.dll
0x00007ffc89960000 - 0x00007ffc8a1cc000 	C:\WINDOWS\System32\windows.storage.dll
0x00007ffc8ba10000 - 0x00007ffc8bb06000 	C:\WINDOWS\System32\SHCORE.dll
0x00007ffc8b5a0000 - 0x00007ffc8b606000 	C:\WINDOWS\System32\shlwapi.dll
0x00007ffc89850000 - 0x00007ffc89879000 	C:\WINDOWS\SYSTEM32\profapi.dll
0x00007ffc50c80000 - 0x00007ffc50c99000 	C:\Program Files\Android\Android Studio\jbr\bin\net.dll
0x00007ffc82970000 - 0x00007ffc82a99000 	C:\WINDOWS\SYSTEM32\WINHTTP.dll
0x00007ffc88c30000 - 0x00007ffc88c9c000 	C:\WINDOWS\system32\mswsock.dll
0x00007ffc50c60000 - 0x00007ffc50c76000 	C:\Program Files\Android\Android Studio\jbr\bin\nio.dll
0x00007ffc50fe0000 - 0x00007ffc50ff0000 	C:\Program Files\Android\Android Studio\jbr\bin\verify.dll
0x00007ffc0c850000 - 0x00007ffc0c877000 	C:\Users\Nicoj\.gradle\native\1def1411415f61bf3af743bc5b6707747c0891f09f0c88961ee8f79bc544acac\windows-amd64\native-platform.dll
0x0000000065690000 - 0x0000000065703000 	C:\Users\Nicoj\.gradle\native\0.2.5\x86_64-windows-gnu\gradle-fileevents.dll
0x00007ffc57ca0000 - 0x00007ffc57ca9000 	C:\Program Files\Android\Android Studio\jbr\bin\management.dll
0x00007ffc50ff0000 - 0x00007ffc50ffb000 	C:\Program Files\Android\Android Studio\jbr\bin\management_ext.dll
0x00007ffc8bbc0000 - 0x00007ffc8bbc8000 	C:\WINDOWS\System32\PSAPI.DLL
0x00007ffc88f80000 - 0x00007ffc88f9b000 	C:\WINDOWS\SYSTEM32\CRYPTSP.dll
0x00007ffc88600000 - 0x00007ffc88639000 	C:\WINDOWS\system32\rsaenh.dll
0x00007ffc88ce0000 - 0x00007ffc88d13000 	C:\WINDOWS\SYSTEM32\USERENV.dll
0x00007ffc89820000 - 0x00007ffc8984a000 	C:\WINDOWS\SYSTEM32\bcrypt.dll
0x00007ffc88fa0000 - 0x00007ffc88fac000 	C:\WINDOWS\SYSTEM32\CRYPTBASE.dll
0x00007ffc880d0000 - 0x00007ffc88102000 	C:\WINDOWS\SYSTEM32\IPHLPAPI.DLL
0x00007ffc8aee0000 - 0x00007ffc8aeea000 	C:\WINDOWS\System32\NSI.dll
0x00007ffc82950000 - 0x00007ffc8296d000 	C:\WINDOWS\SYSTEM32\dhcpcsvc6.DLL
0x00007ffc82920000 - 0x00007ffc82945000 	C:\WINDOWS\SYSTEM32\dhcpcsvc.DLL
0x00007ffc88170000 - 0x00007ffc882a2000 	C:\WINDOWS\SYSTEM32\DNSAPI.dll
0x00007ffc3faa0000 - 0x00007ffc3faa8000 	C:\WINDOWS\system32\wshunix.dll
0x0000000065610000 - 0x0000000065683000 	C:\Users\Nicoj\AppData\Local\Temp\native-platform13939763808259582896dir\gradle-fileevents.dll
0x00007ffc5fd20000 - 0x00007ffc5fd38000 	C:\WINDOWS\system32\napinsp.dll
0x00007ffc5e5c0000 - 0x00007ffc5e5d3000 	C:\WINDOWS\System32\winrnr.dll
0x00007ffc5e590000 - 0x00007ffc5e5b2000 	C:\WINDOWS\system32\nlansp_c.dll
0x00007ffc5e550000 - 0x00007ffc5e566000 	C:\WINDOWS\system32\wshbth.dll
0x00007ffc7b7c0000 - 0x00007ffc7b7cb000 	C:\Windows\System32\rasadhlp.dll
0x00007ffc826a0000 - 0x00007ffc82726000 	C:\WINDOWS\System32\fwpuclnt.dll
0x00007ffc838f0000 - 0x00007ffc8390e000 	C:\Users\Nicoj\AppData\Local\Temp\native-platform1389279042822776679dir\native-platform.dll
0x00007ffc838e0000 - 0x00007ffc838e7000 	C:\Program Files\Android\Android Studio\jbr\bin\rmi.dll

dbghelp: loaded successfully - version: 4.0.5 - missing functions: none
symbol engine: initialized successfully - sym options: 0x614 - pdb path: .;C:\Program Files\Android\Android Studio\jbr\bin;C:\WINDOWS\SYSTEM32;C:\WINDOWS\WinSxS\amd64_microsoft.windows.common-controls_6595b64144ccf1df_6.0.26100.8328_none_3e08182ce334b678;C:\Program Files\Android\Android Studio\jbr\bin\server;C:\Users\Nicoj\.gradle\native\1def1411415f61bf3af743bc5b6707747c0891f09f0c88961ee8f79bc544acac\windows-amd64;C:\Users\Nicoj\.gradle\native\0.2.5\x86_64-windows-gnu;C:\Users\Nicoj\AppData\Local\Temp\native-platform13939763808259582896dir;C:\Users\Nicoj\AppData\Local\Temp\native-platform1389279042822776679dir

VM Arguments:
jvm_args: --add-opens=java.base/java.lang=ALL-UNNAMED --add-opens=java.base/java.lang.invoke=ALL-UNNAMED --add-opens=java.base/java.util=ALL-UNNAMED --add-opens=java.prefs/java.util.prefs=ALL-UNNAMED --add-exports=jdk.compiler/com.sun.tools.javac.api=ALL-UNNAMED --add-exports=jdk.compiler/com.sun.tools.javac.util=ALL-UNNAMED --add-opens=java.base/java.util=ALL-UNNAMED --add-opens=java.prefs/java.util.prefs=ALL-UNNAMED --add-opens=java.base/java.nio.charset=ALL-UNNAMED --add-opens=java.base/java.net=ALL-UNNAMED --add-opens=java.base/java.util.concurrent.atomic=ALL-UNNAMED --add-opens=java.xml/javax.xml.namespace=ALL-UNNAMED -XX:MaxMetaspaceSize=384m -XX:+HeapDumpOnOutOfMemoryError -Xms256m -Xmx512m -Dfile.encoding=windows-1252 -Duser.country=PH -Duser.language=en -Duser.variant -javaagent:C:\Users\Nicoj\.gradle\wrapper\dists\gradle-8.12-bin\cetblhg4pflnnks72fxwobvgv\gradle-8.12\lib\agents\gradle-instrumentation-agent-8.12.jar 
java_command: org.gradle.launcher.daemon.bootstrap.GradleDaemon 8.12
java_class_path (initial): C:\Users\Nicoj\.gradle\wrapper\dists\gradle-8.12-bin\cetblhg4pflnnks72fxwobvgv\gradle-8.12\lib\gradle-daemon-main-8.12.jar
Launcher Type: SUN_STANDARD

[Global flags]
     intx CICompilerCount                          = 12                                        {product} {ergonomic}
   size_t CompressedClassSpaceSize                 = 335544320                                 {product} {ergonomic}
     uint ConcGCThreads                            = 3                                         {product} {ergonomic}
     uint G1ConcRefinementThreads                  = 13                                        {product} {ergonomic}
   size_t G1HeapRegionSize                         = 1048576                                   {product} {ergonomic}
    uintx GCDrainStackTargetSize                   = 64                                        {product} {ergonomic}
     bool HeapDumpOnOutOfMemoryError               = true                                   {manageable} {command line}
   size_t InitialHeapSize                          = 268435456                                 {product} {command line}
   size_t MarkStackSize                            = 4194304                                   {product} {ergonomic}
   size_t MaxHeapSize                              = 536870912                                 {product} {command line}
   size_t MaxMetaspaceSize                         = 402653184                                 {product} {command line}
   size_t MaxNewSize                               = 321912832                                 {product} {ergonomic}
   size_t MinHeapDeltaBytes                        = 1048576                                   {product} {ergonomic}
   size_t MinHeapSize                              = 268435456                                 {product} {command line}
    uintx NonNMethodCodeHeapSize                   = 7602480                                {pd product} {ergonomic}
    uintx NonProfiledCodeHeapSize                  = 122027880                              {pd product} {ergonomic}
    uintx ProfiledCodeHeapSize                     = 122027880                              {pd product} {ergonomic}
    uintx ReservedCodeCacheSize                    = 251658240                              {pd product} {ergonomic}
     bool SegmentedCodeCache                       = true                                      {product} {ergonomic}
   size_t SoftMaxHeapSize                          = 536870912                              {manageable} {ergonomic}
     bool UseCompressedClassPointers               = true                           {product lp64_product} {ergonomic}
     bool UseCompressedOops                        = true                           {product lp64_product} {ergonomic}
     bool UseG1GC                                  = true                                      {product} {ergonomic}
     bool UseLargePagesIndividualAllocation        = false                                  {pd product} {ergonomic}

Logging:
Log output configuration:
 #0: stdout all=warning uptime,level,tags
 #1: stderr all=off uptime,level,tags

Environment Variables:
PATH=C:\Python313\Scripts\;C:\Python313\;C:\Program Files\Common Files\Oracle\Java\javapath;C:\Program Files (x86)\Common Files\Oracle\Java\java8path;C:\Program Files (x86)\Common Files\Oracle\Java\javapath;C:\Program Files (x86)\NVIDIA Corporation\PhysX\Common;C:\Program Files\NVIDIA Corporation\NVIDIA NvDLISR;C:\WINDOWS\system32;C:\WINDOWS;C:\WINDOWS\System32\Wbem;C:\WINDOWS\System32\WindowsPowerShell\v1.0\;C:\WINDOWS\System32\OpenSSH\;C:\Program Files\nodejs\;C:\ProgramData\chocolatey\bin;C:\Program Files\Git\cmd;C:\Users\Nicoj\AppData\Local\Microsoft\WindowsApps;C:\Users\Nicoj\AppData\Local\Programs\Microsoft VS Code\bin;C:\Users\Nicoj\AppData\Local\Programs\Windsurf\bin;C:\Users\Nicoj\AppData\Roaming\npm;C:\Users\Nicoj\AppData\Local\GitHubDesktop\bin;C:\flutter\bin;C:\flutter\bin
USERNAME=Nicoj
OS=Windows_NT
PROCESSOR_IDENTIFIER=Intel64 Family 6 Model 154 Stepping 3, GenuineIntel
TMP=C:\Users\Nicoj\AppData\Local\Temp
TEMP=C:\Users\Nicoj\AppData\Local\Temp



Periodic native trim disabled

JNI global refs:
JNI global refs: 41, weak refs: 7

JNI global refs memory usage: 843, weak refs: 841

OOME stack traces (most recent first):
Classloader memory used:
Loader org.gradle.internal.classloader.VisitableURLClassLoader$InstrumentingVisitableURLClassLoader: 9266K
Loader org.gradle.internal.classloader.VisitableURLClassLoader                         : 6002K
Loader bootstrap                                                                       : 3545K
Loader org.gradle.initialization.MixInLegacyTypesClassLoader                           : 1654K
Loader org.gradle.internal.classloader.VisitableURLClassLoader                         : 924K
Loader jdk.internal.reflect.DelegatingClassLoader                                      : 226K
Loader jdk.internal.loader.ClassLoaders$PlatformClassLoader                            : 68764B
Loader jdk.internal.loader.ClassLoaders$AppClassLoader                                 : 28969B
Loader org.gradle.groovy.scripts.internal.DefaultScriptCompilationHandler$ScriptClassLoader: 15428B
Loader org.codehaus.groovy.runtime.callsite.CallSiteClassLoader                        : 10630B
Loader sun.reflect.misc.MethodUtil                                                     : 373B

Classes loaded by more than one classloader:
Class Program                                                                         : loaded 5 times (x 70B)
Class com.google.common.base.CharMatcher$JavaUpperCase                                : loaded 3 times (x 109B)
Class com.google.common.collect.RegularImmutableList                                  : loaded 3 times (x 172B)
Class com.google.common.base.CharMatcher$IsEither                                     : loaded 3 times (x 109B)
Class com.google.common.base.CharMatcher$AnyOf                                        : loaded 3 times (x 110B)
Class com.google.common.collect.Iterators$MergingIterator                             : loaded 3 times (x 79B)
Class com.google.common.collect.ImmutableAsList                                       : loaded 3 times (x 169B)
Class com.google.common.collect.Platform                                              : loaded 3 times (x 69B)
Class com.google.common.base.CharMatcher$JavaLetter                                   : loaded 3 times (x 109B)
Class com.google.common.base.CharMatcher$FastMatcher                                  : loaded 3 times (x 109B)
Class com.google.common.base.Joiner$2                                                 : loaded 3 times (x 77B)
Class com.google.common.base.Joiner$1                                                 : loaded 3 times (x 78B)
Class com.google.common.base.CharMatcher$Invisible                                    : loaded 3 times (x 110B)
Class com.google.common.collect.ImmutableMapEntry                                     : loaded 3 times (x 83B)
Class com.google.common.base.CharMatcher$NamedFastMatcher                             : loaded 3 times (x 110B)
Class com.google.common.base.AbstractIterator$State                                   : loaded 3 times (x 77B)
Class com.google.common.collect.ImmutableSet                                          : loaded 3 times (x 143B)
Class org.gradle.internal.Cast                                                        : loaded 3 times (x 69B)
Class com.google.common.base.Objects                                                  : loaded 3 times (x 69B)
Class com.google.common.collect.ImmutableBiMap                                        : loaded 3 times (x 141B)
Class [Lcom.google.common.collect.AbstractMapEntry;                                   : loaded 3 times (x 67B)
Class com.google.common.collect.SingletonImmutableList                                : loaded 3 times (x 167B)
Class com.google.common.collect.ImmutableMap$MapViewOfValuesAsSingletonSets           : loaded 3 times (x 123B)
Class com.google.common.base.CharMatcher$ForPredicate                                 : loaded 3 times (x 110B)
Class com.google.common.collect.ImmutableSet$Builder                                  : loaded 3 times (x 83B)
Class com.google.common.base.CharMatcher$Negated                                      : loaded 3 times (x 111B)
Class com.google.common.collect.ImmutableList$Builder                                 : loaded 3 times (x 75B)
Class com.google.common.collect.AbstractMapEntry                                      : loaded 3 times (x 79B)
Class com.google.common.base.NullnessCasts                                            : loaded 3 times (x 69B)
Class com.google.common.collect.AbstractIterator                                      : loaded 3 times (x 80B)
Class com.google.common.base.CharMatcher$NegatedFastMatcher                           : loaded 3 times (x 111B)
Class com.google.common.base.CommonPattern                                            : loaded 3 times (x 72B)
Class com.google.common.collect.ImmutableCollection$Builder                           : loaded 3 times (x 74B)
Class com.google.common.base.CharMatcher$JavaLowerCase                                : loaded 3 times (x 109B)
Class com.google.common.collect.Iterables                                             : loaded 3 times (x 69B)
Class com.google.common.base.CharMatcher$Or                                           : loaded 3 times (x 110B)
Class com.google.common.collect.ImmutableMap$1                                        : loaded 3 times (x 79B)
Class com.google.common.base.CharMatcher$JavaIsoControl                               : loaded 3 times (x 110B)
Class com.google.common.collect.ImmutableSet$SetBuilderImpl                           : loaded 3 times (x 74B)
Class com.google.common.base.CharMatcher$JavaDigit                                    : loaded 3 times (x 109B)
Class com.google.common.base.Splitter$1                                               : loaded 3 times (x 75B)
Class com.google.common.base.CharMatcher$Digit                                        : loaded 3 times (x 110B)
Class com.google.common.collect.ImmutableList$SubList                                 : loaded 3 times (x 168B)
Class com.google.common.collect.AbstractMultimap                                      : loaded 3 times (x 121B)
Class com.google.common.base.CharMatcher$RangesMatcher                                : loaded 3 times (x 110B)
Class com.google.common.collect.ImmutableMapEntry$NonTerminalImmutableMapEntry        : loaded 3 times (x 83B)
Class com.google.common.base.CharMatcher$Any                                          : loaded 3 times (x 110B)
Class com.google.common.base.ExtraObjectsMethodsForWeb                                : loaded 3 times (x 69B)
Class org.gradle.api.Action                                                           : loaded 3 times (x 68B)
Class com.google.common.collect.IndexedImmutableSet                                   : loaded 3 times (x 148B)
Class com.google.common.base.CharMatcher$And                                          : loaded 3 times (x 110B)
Class org.gradle.api.UncheckedIOException                                             : loaded 3 times (x 80B)
Class com.google.common.collect.ImmutableList$SerializedForm                          : loaded 3 times (x 71B)
Class com.google.common.base.CharMatcher$Ascii                                        : loaded 3 times (x 110B)
Class com.google.common.base.CharMatcher$1                                            : loaded 3 times (x 111B)
Class com.google.common.collect.ImmutableEntry                                        : loaded 3 times (x 80B)
Class com.google.common.collect.Lists$StringAsImmutableList                           : loaded 3 times (x 167B)
Class com.google.common.collect.Iterators                                             : loaded 3 times (x 69B)
Class com.google.common.base.AbstractIterator$1                                       : loaded 3 times (x 69B)
Class com.google.common.base.AbstractIterator                                         : loaded 3 times (x 78B)
Class com.google.common.collect.ImmutableMap$Builder                                  : loaded 3 times (x 80B)
Class [Lcom.google.common.base.AbstractIterator$State;                                : loaded 3 times (x 67B)
Class com.google.common.collect.SingletonImmutableSet                                 : loaded 3 times (x 144B)
Class com.google.common.collect.ImmutableBiMapFauxverideShim                          : loaded 3 times (x 118B)
Class com.google.common.collect.ImmutableMapEntrySet                                  : loaded 3 times (x 149B)
Class com.google.common.collect.PeekingIterator                                       : loaded 3 times (x 68B)
Class com.google.common.collect.RegularImmutableAsList                                : loaded 3 times (x 176B)
Class com.google.common.base.CharMatcher$Is                                           : loaded 3 times (x 109B)
Class com.google.common.collect.ImmutableSet$CachingAsList                            : loaded 3 times (x 145B)
Class com.google.common.base.Splitter$SplittingIterator                               : loaded 3 times (x 82B)
Class com.google.common.base.CharMatcher                                              : loaded 3 times (x 109B)
Class [Lcom.google.common.collect.ImmutableEntry;                                     : loaded 3 times (x 67B)
Class com.google.common.collect.ImmutableSet$RegularSetBuilderImpl                    : loaded 3 times (x 75B)
Class com.google.common.base.CharMatcher$IsNot                                        : loaded 3 times (x 109B)
Class com.google.common.base.Splitter$1$1                                             : loaded 3 times (x 84B)
Class [Lcom.google.common.collect.ImmutableMapEntry;                                  : loaded 3 times (x 67B)
Class com.google.common.collect.ImmutableMapEntrySet$RegularEntrySet                  : loaded 3 times (x 149B)
Class com.google.common.base.Splitter$Strategy                                        : loaded 3 times (x 68B)
Class com.google.common.collect.ImmutableList$1                                       : loaded 3 times (x 95B)
Class com.google.common.collect.UnmodifiableListIterator                              : loaded 3 times (x 93B)
Class com.google.common.base.CharMatcher$None                                         : loaded 3 times (x 110B)
Class com.google.common.collect.AbstractIndexedListIterator                           : loaded 3 times (x 94B)
Class com.google.common.collect.RegularImmutableMap                                   : loaded 3 times (x 119B)
Class com.google.common.collect.CollectPreconditions                                  : loaded 3 times (x 69B)
Class com.google.common.collect.RegularImmutableMap$KeySet                            : loaded 3 times (x 148B)
Class com.google.common.base.Splitter                                                 : loaded 3 times (x 70B)
Class org.gradle.internal.IoActions                                                   : loaded 3 times (x 69B)
Class com.google.common.collect.Iterators$ArrayItr                                    : loaded 3 times (x 95B)
Class com.google.common.collect.Iterators$9                                           : loaded 3 times (x 79B)
Class com.google.common.base.Function                                                 : loaded 3 times (x 68B)
Class com.google.common.base.Preconditions                                            : loaded 3 times (x 69B)
Class com.google.common.base.Joiner                                                   : loaded 3 times (x 77B)
Class com.google.common.collect.Iterators$5                                           : loaded 3 times (x 80B)
Class com.google.common.collect.RegularImmutableMap$BucketOverflowException           : loaded 3 times (x 80B)
Class com.google.common.collect.Iterators$4                                           : loaded 3 times (x 80B)
Class com.google.common.collect.BaseImmutableMultimap                                 : loaded 3 times (x 121B)
Class com.google.common.collect.Iterators$1                                           : loaded 3 times (x 79B)
Class com.google.common.base.CharMatcher$Whitespace                                   : loaded 3 times (x 110B)
Class com.google.common.base.CharMatcher$BitSetMatcher                                : loaded 3 times (x 110B)
Class com.google.common.collect.ImmutableMap$IteratorBasedImmutableMap                : loaded 3 times (x 123B)
Class com.google.common.collect.ImmutableList                                         : loaded 3 times (x 166B)
Class com.google.common.collect.Iterators$10                                          : loaded 3 times (x 79B)
Class com.google.common.collect.ObjectArrays                                          : loaded 3 times (x 69B)
Class com.google.common.collect.ImmutableList$ReverseImmutableList                    : loaded 3 times (x 168B)
Class com.google.common.collect.ImmutableMap                                          : loaded 3 times (x 118B)
Class com.google.common.collect.RegularImmutableMap$Values                            : loaded 3 times (x 167B)
Class com.google.common.collect.ImmutableCollection                                   : loaded 3 times (x 123B)
Class com.google.common.base.CharMatcher$JavaLetterOrDigit                            : loaded 3 times (x 109B)
Class org.gradle.api.GradleException                                                  : loaded 3 times (x 80B)
Class com.google.common.collect.Multimap                                              : loaded 3 times (x 68B)
Class com.google.common.base.JdkPattern                                               : loaded 3 times (x 73B)
Class com.google.common.base.CharMatcher$SingleWidth                                  : loaded 3 times (x 110B)
Class com.google.common.collect.UnmodifiableIterator                                  : loaded 3 times (x 78B)
Class com.google.common.collect.ImmutableMultimap                                     : loaded 3 times (x 145B)
Class com.google.common.collect.Lists                                                 : loaded 3 times (x 69B)
Class com.google.common.collect.BiMap                                                 : loaded 3 times (x 68B)
Class com.google.common.base.CharMatcher$InRange                                      : loaded 3 times (x 109B)
Class com.google.common.collect.RegularImmutableSet                                   : loaded 3 times (x 146B)
Class com.google.common.base.Predicate                                                : loaded 3 times (x 68B)
Class kotlin.io.FileSystemException                                                   : loaded 2 times (x 80B)
Class com.amazon.ion.impl.lite.ContainerlessContext                                   : loaded 2 times (x 78B)
Class kotlin.coroutines.jvm.internal.RestrictedSuspendLambda                          : loaded 2 times (x 89B)
Class com.google.common.base.Equivalence                                              : loaded 2 times (x 80B)
Class org.gradle.tooling.model.build.JavaEnvironment                                  : loaded 2 times (x 68B)
Class org.gradle.tooling.internal.adapter.ProtocolToModelAdapter$PropertyCachingMethodInvoker: loaded 2 times (x 74B)
Class com.google.common.primitives.Ints                                               : loaded 2 times (x 69B)
Class com.google.common.cache.LocalCache$EntryFactory$1                               : loaded 2 times (x 81B)
Class com.amazon.ion.IonDecimal                                                       : loaded 2 times (x 68B)
Class kotlin.collections.ArraysKt__ArraysKt                                           : loaded 2 times (x 69B)
Class com.google.common.cache.LocalCache$EntryFactory$2                               : loaded 2 times (x 81B)
Class com.google.common.cache.LocalCache$EntryFactory$3                               : loaded 2 times (x 81B)
Class org.gradle.tooling.internal.adapter.ProtocolToModelAdapter$NoOpDecoration       : loaded 2 times (x 77B)
Class com.google.common.cache.LocalCache$EntryFactory$4                               : loaded 2 times (x 81B)
Class com.google.common.cache.LocalCache$EntryFactory$5                               : loaded 2 times (x 81B)
Class com.google.common.cache.LocalCache$EntryFactory$6                               : loaded 2 times (x 81B)
Class org.gradle.internal.time.MonotonicClock                                         : loaded 2 times (x 75B)
Class com.google.common.reflect.TypeResolver$TypeVariableKey                          : loaded 2 times (x 70B)
Class com.google.common.cache.LocalCache$EntryFactory$7                               : loaded 2 times (x 81B)
Class com.google.common.cache.LocalCache$EntryFactory$8                               : loaded 2 times (x 81B)
Class org.gradle.tooling.internal.adapter.ProtocolToModelAdapter$SupportedPropertyInvoker: loaded 2 times (x 74B)
Class kotlin.reflect.KDeclarationContainer                                            : loaded 2 times (x 68B)
Class com.amazon.ion.impl.bin.IonRawBinaryWriter$PreallocationMode$1                  : loaded 2 times (x 79B)
Class kotlin.collections.ArrayDeque$Companion                                         : loaded 2 times (x 69B)
Class kotlin.collections.CollectionsKt__CollectionsKt                                 : loaded 2 times (x 69B)
Class com.amazon.ion.impl.bin.IonRawBinaryWriter$PreallocationMode$2                  : loaded 2 times (x 79B)
Class com.amazon.ion.impl.bin.IonRawBinaryWriter$PreallocationMode$3                  : loaded 2 times (x 79B)
Class kotlin.text.StringsKt                                                           : loaded 2 times (x 69B)
Class com.google.common.cache.LocalCache$StrongValueReference                         : loaded 2 times (x 88B)
Class org.gradle.internal.classloader.FilteringClassLoader                            : loaded 2 times (x 103B)
Class com.amazon.ion.impl.lite.IonSymbolLite                                          : loaded 2 times (x 162B)
Class com.google.common.collect.AbstractMapBasedMultimap$WrappedCollection            : loaded 2 times (x 122B)
Class com.amazon.ion.impl.lite.IonContext                                             : loaded 2 times (x 68B)
Class kotlin.collections.AbstractMutableList                                          : loaded 2 times (x 166B)
Class com.google.common.reflect.TypeResolver$TypeTable                                : loaded 2 times (x 71B)
Class kotlin.io.FilesKt                                                               : loaded 2 times (x 69B)
Class com.google.common.reflect.Invokable$MethodInvokable                             : loaded 2 times (x 103B)
Class org.jetbrains.plugins.gradle.tooling.serialization.SerializationService         : loaded 2 times (x 68B)
Class kotlin.jvm.internal.Lambda                                                      : loaded 2 times (x 73B)
Class org.gradle.tooling.model.idea.IdeaDependencyScope                               : loaded 2 times (x 68B)
Class org.gradle.tooling.model.Model                                                  : loaded 2 times (x 68B)
Class kotlin.reflect.KCallable                                                        : loaded 2 times (x 68B)
Class [Lcom.google.common.cache.LocalCache$Strength;                                  : loaded 2 times (x 67B)
Class org.gradle.internal.classpath.DefaultClassPath$ImmutableUniqueList$Builder      : loaded 2 times (x 73B)
Class com.amazon.ion.impl.bin.IonManagedBinaryWriter$ImportedSymbolResolverMode$1$1   : loaded 2 times (x 76B)
Class com.google.common.collect.AbstractRangeSet                                      : loaded 2 times (x 112B)
Class kotlin.UninitializedPropertyAccessException                                     : loaded 2 times (x 80B)
Class com.amazon.ion.impl._Private_IonContainer                                       : loaded 2 times (x 68B)
Class com.google.common.collect.Maps$8                                                : loaded 2 times (x 80B)
Class com.android.utils.FileUtils                                                     : loaded 2 times (x 69B)
Class [Lcom.google.common.cache.CacheBuilder$NullListener;                            : loaded 2 times (x 67B)
Class com.google.common.base.PatternCompiler                                          : loaded 2 times (x 68B)
Class kotlin.comparisons.ComparisonsKt                                                : loaded 2 times (x 69B)
Class com.google.common.io.CharStreams$NullWriter                                     : loaded 2 times (x 97B)
Class kotlin.Result$Failure                                                           : loaded 2 times (x 70B)
Class com.google.common.collect.Maps$KeySet                                           : loaded 2 times (x 135B)
Class org.jetbrains.kotlin.idea.gradleTooling.KotlinSourceSetContainer                : loaded 2 times (x 68B)
Class kotlin.Result$Companion                                                         : loaded 2 times (x 69B)
Class com.google.common.collect.ImmutableMultimap$EntryCollection                     : loaded 2 times (x 125B)
Class com.google.common.collect.Sets$SetView                                          : loaded 2 times (x 136B)
Class com.amazon.ion.IonBlob                                                          : loaded 2 times (x 68B)
Class com.google.common.collect.ImmutableSet$EmptySetBuilderImpl                      : loaded 2 times (x 74B)
Class kotlin.collections.IntIterator                                                  : loaded 2 times (x 80B)
Class com.amazon.ion.IonMutableCatalog                                                : loaded 2 times (x 68B)
Class org.objectweb.asm.AnnotationWriter                                              : loaded 2 times (x 77B)
Class kotlin.jvm.internal.markers.KMutableIterable                                    : loaded 2 times (x 68B)
Class org.apache.commons.io.output.ThresholdingOutputStream                           : loaded 2 times (x 92B)
Class com.google.common.math.IntMath$1                                                : loaded 2 times (x 69B)
Class org.gradle.internal.classloader.ClassLoaderVisitor                              : loaded 2 times (x 74B)
Class org.objectweb.asm.Label                                                         : loaded 2 times (x 71B)
Class org.gradle.tooling.internal.adapter.ProtocolToModelAdapter$MethodInvocationCache$MethodInvocationKey: loaded 2 times (x 71B)
Class com.google.common.cache.CacheBuilder$NullListener                               : loaded 2 times (x 80B)
Class org.jetbrains.plugins.gradle.tooling.serialization.internal.adapter.Supplier    : loaded 2 times (x 68B)
Class com.android.builder.model.v2.models.Versions$Version                            : loaded 2 times (x 68B)
Class com.amazon.ion.impl.SharedSymbolTable                                           : loaded 2 times (x 91B)
Class com.android.builder.model.v2.ide.ProjectType                                    : loaded 2 times (x 77B)
Class org.gradle.internal.time.DefaultCountdownTimer                                  : loaded 2 times (x 86B)
Class org.apache.commons.io.filefilter.IOFileFilter                                   : loaded 2 times (x 68B)
Class com.google.common.math.MathPreconditions                                        : loaded 2 times (x 69B)
Class com.google.common.io.ByteStreams$1                                              : loaded 2 times (x 83B)
Class [Lcom.amazon.ion.SymbolToken;                                                   : loaded 2 times (x 67B)
Class com.amazon.ion.impl.bin.IonManagedBinaryWriter$ImportedSymbolResolverMode       : loaded 2 times (x 78B)
Class kotlin.text.StringsKt__RegexExtensionsKt                                        : loaded 2 times (x 69B)
Class org.gradle.tooling.internal.adapter.CollectionMapper                            : loaded 2 times (x 71B)
Class com.amazon.ion.impl._Private_LocalSymbolTableFactory                            : loaded 2 times (x 68B)
Class com.android.builder.model.v2.ide.TestInfo                                       : loaded 2 times (x 68B)
Class org.gradle.internal.service.DefaultServiceLocator                               : loaded 2 times (x 81B)
Class com.amazon.ion.impl.lite.IonFloatLite                                           : loaded 2 times (x 153B)
Class kotlin.text.StringsKt__StringBuilderJVMKt                                       : loaded 2 times (x 69B)
Class org.gradle.internal.service.UnknownServiceException                             : loaded 2 times (x 81B)
Class org.jetbrains.plugins.gradle.model.ClasspathEntryModel                          : loaded 2 times (x 68B)
Class kotlin.collections.SetsKt___SetsKt                                              : loaded 2 times (x 69B)
Class com.google.common.util.concurrent.AbstractFuture$SynchronizedHelper             : loaded 2 times (x 76B)
Class com.google.common.collect.ArrayListMultimap                                     : loaded 2 times (x 170B)
Class com.amazon.ion.impl.lite.IonBlobLite                                            : loaded 2 times (x 159B)
Class kotlin.text.StringsKt__StringsJVMKt                                             : loaded 2 times (x 69B)
Class com.google.common.base.Strings                                                  : loaded 2 times (x 69B)
Class com.amazon.ion.IonClob                                                          : loaded 2 times (x 68B)
Class com.android.builder.model.v2.models.BasicAndroidProject                         : loaded 2 times (x 68B)
Class org.jetbrains.plugins.gradle.model.DependencyAccessorsModel                     : loaded 2 times (x 68B)
Class kotlin.collections.CollectionsKt___CollectionsKt$asSequence$$inlined$Sequence$1 : loaded 2 times (x 73B)
Class com.google.common.io.Closer                                                     : loaded 2 times (x 76B)
Class org.gradle.tooling.model.idea.IdeaCompilerOutput                                : loaded 2 times (x 68B)
Class com.google.common.cache.LocalCache$Values                                       : loaded 2 times (x 116B)
Class com.google.common.cache.CacheLoader$InvalidCacheLoadException                   : loaded 2 times (x 80B)
Class org.gradle.internal.classloader.DefaultClassLoaderFactory                       : loaded 2 times (x 80B)
Class org.jetbrains.plugins.gradle.model.internal.TurnOffDefaultTasks                 : loaded 2 times (x 68B)
Class com.android.builder.model.v2.models.ModelBuilderParameter                       : loaded 2 times (x 68B)
Class com.google.common.base.Stopwatch                                                : loaded 2 times (x 70B)
Class com.amazon.ion.UnsupportedIonVersionException                                   : loaded 2 times (x 83B)
Class org.jetbrains.plugins.gradle.tooling.ModelBuilderService$Parameter              : loaded 2 times (x 68B)
Class com.google.common.reflect.Types                                                 : loaded 2 times (x 69B)
Class com.google.common.base.Platform$JdkPatternCompiler                              : loaded 2 times (x 73B)
Class net.rubygrapefruit.platform.ProcessLauncher                                     : loaded 2 times (x 68B)
Class com.google.common.collect.Interners$InternerImpl                                : loaded 2 times (x 73B)
Class com.android.builder.model.v2.ide.AndroidArtifact                                : loaded 2 times (x 68B)
Class com.google.common.collect.Table                                                 : loaded 2 times (x 68B)
Class kotlin.collections.CollectionsKt__MutableCollectionsKt                          : loaded 2 times (x 69B)
Class com.google.common.cache.LocalCache$LoadingValueReference                        : loaded 2 times (x 94B)
Class org.gradle.tooling.internal.adapter.ProtocolToModelAdapter$DefaultViewBuilder   : loaded 2 times (x 78B)
Class org.apache.commons.io.output.ByteArrayOutputStream                              : loaded 2 times (x 100B)
Class sync_studio_tooling6_5n3w7al47lzq46lr9oqn4q3r2                                  : loaded 2 times (x 177B)
Class kotlin.ResultKt                                                                 : loaded 2 times (x 69B)
Class com.google.common.collect.ImmutableSortedSetFauxverideShim                      : loaded 2 times (x 145B)
Class com.android.builder.model.v2.ide.AndroidGradlePluginProjectFlags$BooleanFlag    : loaded 2 times (x 77B)
Class com.android.builder.model.v2.ide.CodeShrinker                                   : loaded 2 times (x 77B)
Class com.google.common.collect.Hashing                                               : loaded 2 times (x 69B)
Class com.amazon.ion.impl.LocalSymbolTable                                            : loaded 2 times (x 115B)
Class org.jetbrains.plugins.gradle.model.internal.DummyModel                          : loaded 2 times (x 68B)
Class com.google.common.io.ByteStreams$LimitedInputStream                             : loaded 2 times (x 90B)
Class org.jetbrains.plugins.gradle.model.GradleExtensions                             : loaded 2 times (x 68B)
Class com.google.common.collect.ImmutableRangeSet$ComplementRanges                    : loaded 2 times (x 167B)
Class com.google.common.collect.MapMakerInternalMap$AbstractStrongKeyEntry            : loaded 2 times (x 78B)
Class org.jetbrains.plugins.gradle.tooling.serialization.GradleExtensionsSerializationService$WriteContext: loaded 2 times (x 70B)
Class [Lcom.google.common.reflect.Types$ClassOwnership;                               : loaded 2 times (x 67B)
Class kotlin.collections.CollectionsKt__ReversedViewsKt                               : loaded 2 times (x 69B)
Class org.gradle.tooling.model.UnsupportedMethodException                             : loaded 2 times (x 80B)
Class com.google.common.base.Converter                                                : loaded 2 times (x 88B)
Class com.google.common.base.Optional                                                 : loaded 2 times (x 78B)
Class com.amazon.ion.impl.LocalSymbolTableAsStruct$Factory                            : loaded 2 times (x 77B)
Class org.gradle.internal.impldep.gnu.trove.PrimeFinder                               : loaded 2 times (x 69B)
Class [Lcom.google.common.cache.RemovalCause;                                         : loaded 2 times (x 67B)
Class com.google.common.base.FunctionalEquivalence                                    : loaded 2 times (x 81B)
Class com.amazon.ion.impl.bin.IonRawBinaryWriter$PatchList                            : loaded 2 times (x 83B)
Class com.amazon.ion.impl.bin.Symbols                                                 : loaded 2 times (x 69B)
Class org.objectweb.asm.AnnotationVisitor                                             : loaded 2 times (x 76B)
Class org.objectweb.asm.RecordComponentWriter                                         : loaded 2 times (x 76B)
Class kotlin.sequences.SequenceScope                                                  : loaded 2 times (x 71B)
Class com.google.common.cache.LocalCache$1                                            : loaded 2 times (x 87B)
Class com.amazon.ion.impl.IonWriterSystemText                                         : loaded 2 times (x 188B)
Class com.google.common.cache.LocalCache$2                                            : loaded 2 times (x 140B)
Class com.google.common.collect.RegularImmutableBiMap                                 : loaded 2 times (x 146B)
Class com.android.builder.model.v2.ide.TestedTargetVariant                            : loaded 2 times (x 68B)
Class kotlin.sequences.SequencesKt__SequenceBuilderKt                                 : loaded 2 times (x 69B)
Class org.jetbrains.plugins.gradle.tooling.serialization.internal.IdeaProjectSerializationService$WriteContext$1: loaded 2 times (x 81B)
Class org.jetbrains.plugins.gradle.tooling.serialization.internal.IdeaProjectSerializationService$WriteContext$2: loaded 2 times (x 81B)
Class org.jetbrains.plugins.gradle.model.VersionCatalogsModel                         : loaded 2 times (x 68B)
Class org.jetbrains.plugins.gradle.tooling.serialization.internal.IdeaProjectSerializationService$WriteContext$3: loaded 2 times (x 81B)
Class org.jetbrains.kotlin.idea.gradleTooling.AndroidAwareGradleModelProvider$Companion: loaded 2 times (x 69B)
Class org.jetbrains.plugins.gradle.tooling.serialization.internal.IdeaProjectSerializationService$WriteContext$4: loaded 2 times (x 81B)
Class kotlin.text.StringsKt__StringNumberConversionsKt                                : loaded 2 times (x 69B)
Class org.gradle.internal.classloader.VisitableURLClassLoader$Spec                    : loaded 2 times (x 72B)
Class org.jetbrains.plugins.gradle.tooling.serialization.internal.IdeaProjectSerializationService$WriteContext$5: loaded 2 times (x 81B)
Class org.gradle.tooling.model.ProjectModel                                           : loaded 2 times (x 68B)
Class org.gradle.internal.impldep.gnu.trove.TObjectIdentityHashingStrategy            : loaded 2 times (x 76B)
Class org.jetbrains.plugins.gradle.tooling.serialization.internal.IdeaProjectSerializationService$WriteContext$6: loaded 2 times (x 81B)
Class com.amazon.ion.impl.bin.IonRawBinaryWriter$PatchList$Node                       : loaded 2 times (x 70B)
Class org.jetbrains.plugins.gradle.tooling.serialization.internal.IdeaProjectSerializationService$WriteContext$7: loaded 2 times (x 81B)
Class kotlin.jvm.internal.CallableReference                                           : loaded 2 times (x 104B)
Class org.gradle.tooling.internal.gradle.DefaultProjectIdentifier                     : loaded 2 times (x 84B)
Class org.jetbrains.plugins.gradle.tooling.serialization.internal.IdeaProjectSerializationService$WriteContext$8: loaded 2 times (x 81B)
Class com.intellij.util.containers.IntObjectHashMap                                   : loaded 2 times (x 70B)
Class org.gradle.api.internal.classpath.ModuleRegistry                                : loaded 2 times (x 68B)
Class com.google.common.collect.ForwardingObject                                      : loaded 2 times (x 70B)
Class kotlin.KotlinNothingValueException                                              : loaded 2 times (x 80B)
Class com.google.common.reflect.TypeToken$1                                           : loaded 2 times (x 106B)
Class com.google.common.cache.CacheBuilder                                            : loaded 2 times (x 70B)
Class com.amazon.ion.impl.bin.PooledBlockAllocatorProvider$PooledBlockAllocator       : loaded 2 times (x 79B)
Class [Lcom.android.builder.model.v2.ide.BytecodeTransformation;                      : loaded 2 times (x 67B)
Class com.google.common.reflect.TypeToken$2                                           : loaded 2 times (x 106B)
Class org.objectweb.asm.ByteVector                                                    : loaded 2 times (x 77B)
Class com.android.builder.model.v2.ide.LibraryType                                    : loaded 2 times (x 77B)
Class org.jetbrains.plugins.gradle.model.RepositoriesModel                            : loaded 2 times (x 68B)
Class org.gradle.api.JavaVersion                                                      : loaded 2 times (x 77B)
Class kotlin.jvm.internal.markers.KMutableCollection                                  : loaded 2 times (x 68B)
Class com.google.common.collect.ImmutableRangeSet                                     : loaded 2 times (x 113B)
Class kotlin.jvm.internal.markers.KMappedMarker                                       : loaded 2 times (x 68B)
Class com.google.common.base.PairwiseEquivalence                                      : loaded 2 times (x 81B)
Class com.google.common.base.Ticker                                                   : loaded 2 times (x 70B)
Class com.amazon.ion.impl.bin.WriteBuffer                                             : loaded 2 times (x 76B)
Class org.gradle.tooling.internal.adapter.TypeInspector                               : loaded 2 times (x 71B)
Class org.gradle.api.internal.ClassPathProvider                                       : loaded 2 times (x 68B)
Class com.google.common.io.Files$FileByteSource                                       : loaded 2 times (x 83B)
Class com.google.common.base.Ascii                                                    : loaded 2 times (x 69B)
Class org.objectweb.asm.ModuleWriter                                                  : loaded 2 times (x 80B)
Class org.gradle.internal.classloader.ClasspathUtil$1                                 : loaded 2 times (x 74B)
Class com.android.builder.model.v2.dsl.DependenciesInfo                               : loaded 2 times (x 68B)
Class org.jetbrains.plugins.gradle.tooling.serialization.ExternalTestsSerializationService$ReadContext: loaded 2 times (x 70B)
Class com.google.common.collect.ImmutableEnumMap                                      : loaded 2 times (x 123B)
Class org.gradle.tooling.model.DomainObjectSet                                        : loaded 2 times (x 68B)
Class com.amazon.ion.IonSymbol                                                        : loaded 2 times (x 68B)
Class org.jetbrains.plugins.gradle.model.ExternalProjectDependency                    : loaded 2 times (x 68B)
Class org.jetbrains.plugins.gradle.model.ExternalSourceSet                            : loaded 2 times (x 68B)
Class kotlin.sequences.TransformingSequence                                           : loaded 2 times (x 73B)
Class com.google.common.reflect.Reflection                                            : loaded 2 times (x 69B)
Class net.rubygrapefruit.platform.internal.Platform$Posix                             : loaded 2 times (x 79B)
Class kotlin.collections.CollectionsKt__MutableCollectionsJVMKt                       : loaded 2 times (x 69B)
Class kotlin.collections.EmptyList                                                    : loaded 2 times (x 134B)
Class com.google.common.cache.AbstractCache$StatsCounter                              : loaded 2 times (x 68B)
Class org.objectweb.asm.FieldVisitor                                                  : loaded 2 times (x 75B)
Class com.android.builder.model.v2.dsl.ProductFlavor                                  : loaded 2 times (x 68B)
Class org.objectweb.asm.Symbol                                                        : loaded 2 times (x 71B)
Class com.amazon.ion.impl.bin.BlockAllocator                                          : loaded 2 times (x 78B)
Class com.android.builder.model.v2.ide.ApiVersion                                     : loaded 2 times (x 68B)
Class com.google.common.reflect.TypeToken                                             : loaded 2 times (x 71B)
Class com.amazon.ion.IonCatalog                                                       : loaded 2 times (x 68B)
Class com.google.common.cache.LocalCache$Strength$1                                   : loaded 2 times (x 79B)
Class com.google.common.collect.EmptyImmutableListMultimap                            : loaded 2 times (x 174B)
Class com.google.common.cache.LocalCache$Strength$2                                   : loaded 2 times (x 79B)
Class com.google.common.cache.LocalCache$Strength$3                                   : loaded 2 times (x 79B)
Class org.gradle.internal.classloader.ClassLoaderFactory                              : loaded 2 times (x 68B)
Class com.amazon.ion.impl.bin.IonManagedBinaryWriter$LocalSymbolTableView             : loaded 2 times (x 105B)
Class kotlin.ranges.IntProgression                                                    : loaded 2 times (x 79B)
Class com.google.common.base.Absent                                                   : loaded 2 times (x 78B)
Class com.google.common.util.concurrent.AbstractFuture$Waiter                         : loaded 2 times (x 70B)
Class com.amazon.ion.system.IonWriterBuilder                                          : loaded 2 times (x 72B)
Class kotlin.jvm.internal.FunctionReference                                           : loaded 2 times (x 120B)
Class kotlin.text.MatchNamedGroupCollection                                           : loaded 2 times (x 68B)
Class com.google.common.util.concurrent.Uninterruptibles                              : loaded 2 times (x 69B)
Class kotlin.coroutines.EmptyCoroutineContext                                         : loaded 2 times (x 75B)
Class com.amazon.ion.impl.lite.IonListLite                                            : loaded 2 times (x 457B)
Class com.android.ide.common.repository.GradleVersion                                 : loaded 2 times (x 91B)
Class org.jetbrains.plugins.gradle.model.FileCollectionDependency                     : loaded 2 times (x 68B)
Class sync_studio_tooling7_2c5sdo9zd605vhr8r99onp6jk                                  : loaded 2 times (x 177B)
Class org.gradle.internal.exceptions.DefaultMultiCauseException                       : loaded 2 times (x 89B)
Class com.google.common.collect.Iterators$EmptyModifiableIterator                     : loaded 2 times (x 84B)
Class org.gradle.api.internal.classpath.ManifestUtil                                  : loaded 2 times (x 69B)
Class org.gradle.api.specs.Spec                                                       : loaded 2 times (x 68B)
Class com.google.common.collect.RangeSet                                              : loaded 2 times (x 68B)
Class kotlin.jvm.internal.Intrinsics                                                  : loaded 2 times (x 69B)
Class com.google.common.cache.CacheLoader$UnsupportedLoadingOperationException        : loaded 2 times (x 80B)
Class com.amazon.ion.impl.bin._Private_IonManagedBinaryWriterBuilder                  : loaded 2 times (x 70B)
Class com.amazon.ion.impl.bin._Private_IonManagedWriter                               : loaded 2 times (x 68B)
Class com.google.common.util.concurrent.ListenableFuture                              : loaded 2 times (x 68B)
Class com.amazon.ion.impl.lite._Private_LiteDomTrampoline                             : loaded 2 times (x 69B)
Class com.google.common.collect.MapMaker$Dummy                                        : loaded 2 times (x 77B)
Class com.amazon.ion.impl.lite.IonValueLite                                           : loaded 2 times (x 143B)
Class com.amazon.ion.IonValue                                                         : loaded 2 times (x 68B)
Class com.amazon.ion.impl.bin.PooledBlockAllocatorProvider$PooledBlockAllocator$1     : loaded 2 times (x 77B)
Class com.amazon.ion.system.IonReaderBuilder$Mutable                                  : loaded 2 times (x 83B)
Class org.gradle.tooling.internal.gradle.GradleBuildIdentity                          : loaded 2 times (x 68B)
Class kotlin.jvm.internal.ArrayIterator                                               : loaded 2 times (x 77B)
Class kotlin.text.StringsKt___StringsJvmKt                                            : loaded 2 times (x 69B)
Class org.gradle.tooling.internal.adapter.ProtocolToModelAdapter$ReflectionMethodInvoker: loaded 2 times (x 74B)
Class org.jetbrains.plugins.gradle.model.GradleConfiguration                          : loaded 2 times (x 68B)
Class com.android.builder.model.v2.dsl.BaseConfig                                     : loaded 2 times (x 68B)
Class com.google.common.util.concurrent.AbstractFuture$Failure                        : loaded 2 times (x 70B)
Class org.objectweb.asm.Type                                                          : loaded 2 times (x 70B)
Class com.google.common.cache.LocalCache$AbstractReferenceEntry                       : loaded 2 times (x 105B)
Class org.gradle.internal.installation.GradleInstallation$1                           : loaded 2 times (x 73B)
Class kotlin.ranges.OpenEndRange                                                      : loaded 2 times (x 68B)
Class com.google.common.util.concurrent.AbstractFuture$UnsafeAtomicHelper             : loaded 2 times (x 76B)
Class org.gradle.api.internal.DefaultClassPathProvider                                : loaded 2 times (x 74B)
Class com.google.common.cache.LocalCache$Segment                                      : loaded 2 times (x 152B)
Class com.google.common.base.Equivalence$Equals                                       : loaded 2 times (x 80B)
Class com.google.common.collect.MapMakerInternalMap$Strength                          : loaded 2 times (x 78B)
Class org.jetbrains.kotlin.idea.gradleTooling.KotlinMPPGradleModel                    : loaded 2 times (x 68B)
Class com.amazon.ion.impl.bin.PooledBlockAllocatorProvider                            : loaded 2 times (x 71B)
Class kotlin.coroutines.CoroutineContext                                              : loaded 2 times (x 68B)
Class com.amazon.ion.SymbolToken                                                      : loaded 2 times (x 68B)
Class [Lnet.rubygrapefruit.platform.internal.FunctionResult$Failure;                  : loaded 2 times (x 67B)
Class com.amazon.ion.impl.lite.IonSequenceLite                                        : loaded 2 times (x 393B)
Class net.rubygrapefruit.platform.internal.Platform$Windows                           : loaded 2 times (x 77B)
Class com.amazon.ion.IonList                                                          : loaded 2 times (x 68B)
Class [Lcom.google.common.cache.Weigher;                                              : loaded 2 times (x 67B)
Class com.google.common.collect.MapMakerInternalMap$StrongKeyDummyValueEntry$Helper   : loaded 2 times (x 77B)
Class com.android.builder.model.v2.ide.JavaArtifact                                   : loaded 2 times (x 68B)
Class com.android.builder.model.v2.dsl.SigningConfig                                  : loaded 2 times (x 68B)
Class org.gradle.tooling.GradleConnectionException                                    : loaded 2 times (x 80B)
Class org.jetbrains.plugins.gradle.model.FilePatternSet                               : loaded 2 times (x 68B)
Class com.amazon.ion.impl._Private_IonWriter                                          : loaded 2 times (x 68B)
Class kotlin.collections.ArrayDeque                                                   : loaded 2 times (x 167B)
Class com.google.common.cache.ReferenceEntry                                          : loaded 2 times (x 68B)
Class org.gradle.tooling.internal.adapter.ObjectGraphAdapter                          : loaded 2 times (x 68B)
Class [Lcom.android.builder.model.v2.ide.ProjectType;                                 : loaded 2 times (x 67B)
Class com.amazon.ion.IonReader                                                        : loaded 2 times (x 68B)
Class kotlin.sequences.SequencesKt                                                    : loaded 2 times (x 69B)
Class com.google.common.primitives.IntsMethodsForWeb                                  : loaded 2 times (x 69B)
Class com.google.common.collect.RangeGwtSerializationDependencies                     : loaded 2 times (x 69B)
Class com.amazon.ion.impl.lite.IonLoaderLite                                          : loaded 2 times (x 80B)
Class kotlin.collections.EmptyIterator                                                : loaded 2 times (x 87B)
Class com.amazon.ion.impl._Private_ByteTransferSink                                   : loaded 2 times (x 68B)
Class com.google.common.collect.Maps                                                  : loaded 2 times (x 69B)
Class com.android.ide.gradle.model.ArtifactIdentifierImpl                             : loaded 2 times (x 75B)
Class [Lcom.amazon.ion.SymbolTable;                                                   : loaded 2 times (x 67B)
Class [Lcom.android.builder.model.v2.ide.TestInfo$Execution;                          : loaded 2 times (x 67B)
Class com.amazon.ion.impl._Private_IonValue                                           : loaded 2 times (x 68B)
Class com.android.ide.gradle.model.LegacyV1AgpVersionModel                            : loaded 2 times (x 68B)
Class kotlin.jvm.internal.FunctionReferenceImpl                                       : loaded 2 times (x 120B)
Class com.google.common.collect.SetMultimap                                           : loaded 2 times (x 68B)
Class kotlin.comparisons.ComparisonsKt___ComparisonsJvmKt                             : loaded 2 times (x 69B)
Class com.google.common.collect.ImmutableMultimap$Builder                             : loaded 2 times (x 81B)
Class com.android.builder.model.v2.ide.VectorDrawablesOptions                         : loaded 2 times (x 68B)
Class com.android.builder.model.v2.ide.JavaCompileOptions                             : loaded 2 times (x 68B)
Class sync_studio_tooling7_2c5sdo9zd605vhr8r99onp6jk$_run_closure1                    : loaded 2 times (x 137B)
Class net.rubygrapefruit.platform.internal.NativeLibraryLocator                       : loaded 2 times (x 71B)
Class [Lorg.apache.commons.io.StandardLineSeparator;                                  : loaded 2 times (x 67B)
Class com.android.builder.model.v2.ide.TestInfo$Execution                             : loaded 2 times (x 77B)
Class org.gradle.api.internal.classpath.EffectiveClassPath                            : loaded 2 times (x 88B)
Class net.rubygrapefruit.platform.internal.FunctionResult                             : loaded 2 times (x 75B)
Class org.apache.commons.io.StandardLineSeparator                                     : loaded 2 times (x 77B)
Class org.apache.commons.io.output.AppendableWriter                                   : loaded 2 times (x 98B)
Class com.amazon.ion.impl.bin.IonRawBinaryWriter$StreamFlushMode                      : loaded 2 times (x 77B)
Class com.amazon.ion.impl._Private_ValueFactory                                       : loaded 2 times (x 68B)
Class kotlin.jvm.internal.DefaultConstructorMarker                                    : loaded 2 times (x 69B)
Class com.google.common.io.Files                                                      : loaded 2 times (x 69B)
Class com.amazon.ion.impl.lite.IonBoolLite                                            : loaded 2 times (x 149B)
Class kotlin.text.MatchGroupCollection                                                : loaded 2 times (x 68B)
Class com.google.common.cache.CacheLoader$FunctionToCacheLoader                       : loaded 2 times (x 73B)
Class com.google.common.cache.CacheBuilder$1                                          : loaded 2 times (x 83B)
Class kotlin.jvm.internal.markers.KMutableList                                        : loaded 2 times (x 68B)
Class com.google.common.collect.Maps$IteratorBasedAbstractMap                         : loaded 2 times (x 123B)
Class com.google.common.cache.CacheBuilder$2                                          : loaded 2 times (x 70B)
Class com.amazon.ion.IonSexp                                                          : loaded 2 times (x 68B)
Class com.amazon.ion.impl.lite.IonSystemLite                                          : loaded 2 times (x 273B)
Class com.google.common.io.CharStreams                                                : loaded 2 times (x 69B)
Class org.jetbrains.kotlin.tooling.core.Extras                                        : loaded 2 times (x 68B)
Class com.android.builder.model.v2.models.Versions                                    : loaded 2 times (x 68B)
Class org.gradle.internal.impldep.gnu.trove.THash                                     : loaded 2 times (x 79B)
Class org.gradle.tooling.model.idea.IdeaDependency                                    : loaded 2 times (x 68B)
Class [Lcom.google.common.cache.RemovalListener;                                      : loaded 2 times (x 67B)
Class net.rubygrapefruit.platform.internal.Platform$Unsupported                       : loaded 2 times (x 77B)
Class org.jetbrains.kotlin.idea.gradleTooling.model.annotation.AnnotationBasedPluginModel: loaded 2 times (x 68B)
Class com.google.common.collect.Interners                                             : loaded 2 times (x 69B)
Class com.amazon.ion.impl.bin.IonManagedBinaryWriter$SymbolResolverBuilder            : loaded 2 times (x 68B)
Class org.jetbrains.kotlin.idea.gradleTooling.model.assignment.AssignmentModel        : loaded 2 times (x 68B)
Class com.android.builder.model.v2.models.VariantDependencies                         : loaded 2 times (x 68B)
Class kotlin.sequences.SequencesKt___SequencesKt$filterNotNull$1                      : loaded 2 times (x 76B)
Class org.jetbrains.plugins.gradle.tooling.serialization.ExternalProjectSerializationService: loaded 2 times (x 75B)
Class com.google.common.collect.MapMakerInternalMap$Strength$1                        : loaded 2 times (x 78B)
Class org.gradle.internal.installation.CurrentGradleInstallation                      : loaded 2 times (x 71B)
Class com.google.common.collect.MapMakerInternalMap$Strength$2                        : loaded 2 times (x 78B)
Class org.gradle.internal.installation.CurrentGradleInstallationLocator               : loaded 2 times (x 69B)
Class com.amazon.ion.impl.LocalSymbolTableAsStruct                                    : loaded 2 times (x 117B)
Class com.amazon.ion.impl.lite.IonClobLite                                            : loaded 2 times (x 160B)
Class kotlin.collections.CollectionsKt__IteratorsJVMKt                                : loaded 2 times (x 69B)
Class [Lcom.google.common.cache.LocalCache$Segment;                                   : loaded 2 times (x 67B)
Class org.gradle.api.internal.classpath.Module                                        : loaded 2 times (x 68B)
Class [Lcom.amazon.ion.impl.bin.IonRawBinaryWriter$PreallocationMode;                 : loaded 2 times (x 67B)
Class com.amazon.ion.impl.bin.AbstractSymbolTable                                     : loaded 2 times (x 105B)
Class kotlin.sequences.FilteringSequence                                              : loaded 2 times (x 73B)
Class com.google.common.collect.ImmutableSortedSet                                    : loaded 2 times (x 233B)
Class org.jetbrains.plugins.gradle.tooling.serialization.ProjectDependenciesSerializationService$ReadContext: loaded 2 times (x 70B)
Class com.google.common.collect.RegularImmutableSortedSet                             : loaded 2 times (x 233B)
Class org.jetbrains.plugins.gradle.tooling.serialization.internal.IdeaProjectSerializationService$WriteContext: loaded 2 times (x 70B)
Class kotlin.sequences.DistinctSequence                                               : loaded 2 times (x 73B)
Class org.gradle.tooling.internal.adapter.ViewBuilder                                 : loaded 2 times (x 68B)
Class net.rubygrapefruit.platform.internal.NativeLibraryLoader                        : loaded 2 times (x 71B)
Class com.google.common.collect.MapMakerInternalMap$Segment                           : loaded 2 times (x 140B)
Class com.amazon.ion.impl.lite.IonNullLite                                            : loaded 2 times (x 146B)
Class org.gradle.tooling.internal.adapter.ProtocolToModelAdapter                      : loaded 2 times (x 78B)
Class kotlin.sequences.SequencesKt__SequencesKt                                       : loaded 2 times (x 69B)
Class kotlin.sequences.SequencesKt__SequencesJVMKt                                    : loaded 2 times (x 69B)
Class [Lcom.amazon.ion.IonType;                                                       : loaded 2 times (x 67B)
Class com.google.common.collect.ImmutableSet$JdkBackedSetBuilderImpl                  : loaded 2 times (x 74B)
Class org.gradle.tooling.internal.adapter.WeakIdentityHashMap$WeakKey                 : loaded 2 times (x 77B)
Class com.google.common.reflect.Types$TypeVariableInvocationHandler                   : loaded 2 times (x 73B)
Class com.google.common.reflect.Types$ClassOwnership                                  : loaded 2 times (x 78B)
Class com.amazon.ion.UnknownSymbolException                                           : loaded 2 times (x 84B)
Class kotlin.sequences.SequenceBuilderIterator                                        : loaded 2 times (x 83B)
Class [Lorg.objectweb.asm.AnnotationWriter;                                           : loaded 2 times (x 67B)
Class org.gradle.internal.service.CachingServiceLocator                               : loaded 2 times (x 80B)
Class com.amazon.ion.IonSystem                                                        : loaded 2 times (x 68B)
Class com.google.common.collect.Streams                                               : loaded 2 times (x 69B)
Class kotlin.NoWhenBranchMatchedException                                             : loaded 2 times (x 80B)
Class org.gradle.internal.time.Timer                                                  : loaded 2 times (x 68B)
Class com.android.builder.model.v2.ide.ArtifactDependenciesAdjacencyList              : loaded 2 times (x 68B)
Class org.jetbrains.plugins.gradle.model.ExternalLibraryDependency                    : loaded 2 times (x 68B)
Class com.amazon.ion.impl.bin.IonRawBinaryWriter$RecyclingStack$ElementFactory        : loaded 2 times (x 68B)
Class org.jetbrains.plugins.gradle.model.tests.ExternalTestsModel                     : loaded 2 times (x 68B)
Class org.jetbrains.kotlin.idea.gradleTooling.KotlinDslScriptAdditionalTask           : loaded 2 times (x 68B)
Class kotlin.text.StringsKt__StringBuilderKt                                          : loaded 2 times (x 69B)
Class net.rubygrapefruit.platform.internal.Platform$Linux64Bit                        : loaded 2 times (x 81B)
Class org.jetbrains.plugins.gradle.tooling.util.ObjectCollector                       : loaded 2 times (x 70B)
Class kotlin.sequences.FilteringSequence$iterator$1                                   : loaded 2 times (x 77B)
Class com.google.common.collect.Sets$ImprovedAbstractSet                              : loaded 2 times (x 133B)
Class com.google.common.collect.AbstractMapBasedMultimap$AsMap                        : loaded 2 times (x 126B)
Class org.gradle.internal.classpath.DefaultClassPath                                  : loaded 2 times (x 88B)
Class com.google.common.collect.MapMakerInternalMap$1                                 : loaded 2 times (x 81B)
Class kotlin.sequences.FlatteningSequence                                             : loaded 2 times (x 73B)
Class kotlin.Result                                                                   : loaded 2 times (x 70B)
Class org.gradle.internal.impldep.gnu.trove.TObjectHash$NULL                          : loaded 2 times (x 69B)
Class com.google.common.util.concurrent.AbstractFuture$SetFuture                      : loaded 2 times (x 73B)
Class kotlin.collections.CollectionsKt__CollectionsJVMKt                              : loaded 2 times (x 69B)
Class org.jetbrains.plugins.gradle.tooling.serialization.GradleExtensionsSerializationService$ReadContext: loaded 2 times (x 70B)
Class kotlin.sequences.SequencesKt___SequencesKt                                      : loaded 2 times (x 69B)
Class org.jetbrains.plugins.gradle.tooling.serialization.internal.IdeaProjectSerializationService: loaded 2 times (x 75B)
Class org.gradle.internal.impldep.gnu.trove.TObjectIntHashMap                         : loaded 2 times (x 107B)
Class org.gradle.tooling.model.idea.IdeaProject                                       : loaded 2 times (x 68B)
Class com.google.common.collect.CollectCollectors                                     : loaded 2 times (x 69B)
Class kotlin.jvm.internal.Ref$BooleanRef                                              : loaded 2 times (x 69B)
Class com.android.builder.model.v2.ide.ProjectInfo                                    : loaded 2 times (x 68B)
Class org.gradle.tooling.model.Element                                                : loaded 2 times (x 68B)
Class com.android.builder.model.v2.ide.PrivacySandboxSdkInfo                          : loaded 2 times (x 68B)
Class kotlin.sequences.FlatteningSequence$iterator$1                                  : loaded 2 times (x 77B)
Class [Lcom.amazon.ion.impl.bin.IonManagedBinaryWriter$SymbolState;                   : loaded 2 times (x 67B)
Class kotlin.collections.SetsKt__SetsJVMKt                                            : loaded 2 times (x 69B)
Class com.amazon.ion.IonLob                                                           : loaded 2 times (x 68B)
Class kotlin.collections.MapsKt___MapsJvmKt                                           : loaded 2 times (x 69B)
Class com.google.common.collect.TransformedIterator                                   : loaded 2 times (x 78B)
Class kotlin.jvm.internal.CallableReference$NoReceiver                                : loaded 2 times (x 69B)
Class com.amazon.ion.impl.lite.IonContainerLite                                       : loaded 2 times (x 244B)
Class org.gradle.internal.impldep.gnu.trove.TObjectHash                               : loaded 2 times (x 92B)
Class [Lcom.amazon.ion.impl.bin.IonRawBinaryWriter$StreamFlushMode;                   : loaded 2 times (x 67B)
Class com.google.common.collect.ImmutableMultisetGwtSerializationDependencies         : loaded 2 times (x 123B)
Class com.intellij.openapi.externalSystem.model.project.dependencies.ProjectDependencies: loaded 2 times (x 68B)
Class com.google.common.reflect.TypeParameter                                         : loaded 2 times (x 70B)
Class com.google.common.collect.ImmutableListMultimap                                 : loaded 2 times (x 174B)
Class com.google.common.cache.LocalCache$LocalManualCache$1                           : loaded 2 times (x 73B)
Class [Lorg.gradle.api.JavaVersion;                                                   : loaded 2 times (x 67B)
Class kotlin.ranges.IntProgressionIterator                                            : loaded 2 times (x 80B)
Class org.jetbrains.kotlin.idea.gradleTooling.PrepareKotlinIdeImportTaskModel         : loaded 2 times (x 68B)
Class com.amazon.ion.impl.bin.IonRawBinaryWriter$PreallocationMode                    : loaded 2 times (x 79B)
Class com.google.common.reflect.Types$ClassOwnership$1LocalClass                      : loaded 2 times (x 69B)
Class com.google.common.collect.Lists$RandomAccessReverseList                         : loaded 2 times (x 160B)
Class kotlin.jvm.functions.Function0                                                  : loaded 2 times (x 68B)
Class org.gradle.tooling.internal.adapter.TargetTypeProvider                          : loaded 2 times (x 68B)
Class com.amazon.ion.impl.bin.IonManagedBinaryWriter$ImportedSymbolContext            : loaded 2 times (x 70B)
Class org.objectweb.asm.FieldWriter                                                   : loaded 2 times (x 76B)
Class kotlin.jvm.functions.Function1                                                  : loaded 2 times (x 68B)
Class org.jetbrains.kotlin.idea.gradleTooling.AndroidAwareGradleModelProvider         : loaded 2 times (x 74B)
Class kotlin.jvm.functions.Function2                                                  : loaded 2 times (x 68B)
Class [Lcom.google.common.collect.AbstractIterator$State;                             : loaded 2 times (x 67B)
Class org.objectweb.asm.SymbolTable$Entry                                             : loaded 2 times (x 72B)
Class [Lcom.google.common.cache.LocalCache$EntryFactory;                              : loaded 2 times (x 67B)
Class kotlin.jvm.functions.Function4                                                  : loaded 2 times (x 68B)
Class net.rubygrapefruit.platform.internal.jni.NativeLibraryFunctions                 : loaded 2 times (x 69B)
Class com.amazon.ion.IonText                                                          : loaded 2 times (x 68B)
Class com.android.builder.model.v2.ide.Variant                                        : loaded 2 times (x 68B)
Class com.google.common.collect.MapMakerInternalMap$InternalEntryHelper               : loaded 2 times (x 68B)
Class org.jetbrains.plugins.gradle.model.IntelliJSettings                             : loaded 2 times (x 68B)
Class com.google.common.base.Platform                                                 : loaded 2 times (x 69B)
Class com.amazon.ion.impl.lite.IonStructLite                                          : loaded 2 times (x 294B)
Class com.google.common.base.Suppliers$NonSerializableMemoizingSupplier               : loaded 2 times (x 77B)
Class org.gradle.internal.time.Time                                                   : loaded 2 times (x 69B)
Class com.android.builder.model.v2.ide.SourceProvider                                 : loaded 2 times (x 68B)
Class com.google.common.collect.ImmutableSetMultimap                                  : loaded 2 times (x 178B)
Class org.gradle.internal.time.TimeSource$1                                           : loaded 2 times (x 75B)
Class [Lkotlin.coroutines.intrinsics.CoroutineSingletons;                             : loaded 2 times (x 67B)
Class com.amazon.ion.IonSequence                                                      : loaded 2 times (x 68B)
Class kotlin.ranges.ClosedRange                                                       : loaded 2 times (x 68B)
Class org.jetbrains.plugins.gradle.tooling.serialization.RepositoriesModelSerializationService$WriteContext: loaded 2 times (x 70B)
Class kotlin.KotlinNullPointerException                                               : loaded 2 times (x 81B)
Class org.apache.commons.io.CloseableURLConnection                                    : loaded 2 times (x 115B)
Class com.google.common.cache.LocalCache$StrongEntry                                  : loaded 2 times (x 106B)
Class com.google.common.reflect.TypeResolver$TypeTable$1                              : loaded 2 times (x 71B)
Class com.google.common.cache.CacheLoader                                             : loaded 2 times (x 72B)
Class kotlin.io.NoSuchFileException                                                   : loaded 2 times (x 80B)
Class org.gradle.tooling.internal.adapter.ProtocolToModelAdapter$1                    : loaded 2 times (x 73B)
Class kotlin.reflect.KAnnotatedElement                                                : loaded 2 times (x 68B)
Class org.objectweb.asm.MethodTooLargeException                                       : loaded 2 times (x 81B)
Class kotlin.text.CharsKt                                                             : loaded 2 times (x 69B)
Class com.android.ide.gradle.model.composites.BuildMap                                : loaded 2 times (x 68B)
Class kotlin.ranges.RangesKt___RangesKt                                               : loaded 2 times (x 69B)
Class sync_studio_tooling6_5n3w7al47lzq46lr9oqn4q3r2$_run_closure1                    : loaded 2 times (x 137B)
Class com.android.ide.gradle.model.LegacyAndroidGradlePluginProperties                : loaded 2 times (x 68B)
Class kotlin.collections.CollectionsKt___CollectionsKt                                : loaded 2 times (x 69B)
Class kotlin.sequences.SequencesKt__SequenceBuilderKt$sequence$$inlined$Sequence$1    : loaded 2 times (x 73B)
Class org.apache.commons.io.output.NullWriter                                         : loaded 2 times (x 97B)
Class com.google.common.cache.Cache                                                   : loaded 2 times (x 68B)
Class com.google.common.collect.Maps$EntrySet                                         : loaded 2 times (x 134B)
Class org.gradle.tooling.internal.adapter.ProtocolToModelAdapter$MixInMappingAction   : loaded 2 times (x 78B)
Class org.gradle.internal.classloader.SystemClassLoaderSpec                           : loaded 2 times (x 69B)
Class com.google.common.io.LineBuffer                                                 : loaded 2 times (x 73B)
Class com.google.common.util.concurrent.internal.InternalFutureFailureAccess          : loaded 2 times (x 70B)
Class com.amazon.ion.impl.bin.AbstractIonWriter                                       : loaded 2 times (x 159B)
Class org.jetbrains.plugins.gradle.tooling.serialization.AnnotationProcessingModelSerializationService$ReadContext: loaded 2 times (x 70B)
Class com.android.builder.model.v2.ide.Library                                        : loaded 2 times (x 68B)
Class net.rubygrapefruit.platform.internal.Platform$FreeBSD64Bit                      : loaded 2 times (x 80B)
Class com.google.common.base.Charsets                                                 : loaded 2 times (x 69B)
Class com.google.common.primitives.Ints$IntConverter                                  : loaded 2 times (x 88B)
Class com.amazon.ion.impl.bin.IonBinaryWriterAdapter$Factory                          : loaded 2 times (x 68B)
Class kotlin.text.StringsKt__AppendableKt                                             : loaded 2 times (x 69B)
Class com.amazon.ion.system.IonWriterBuilderBase                                      : loaded 2 times (x 81B)
Class org.jetbrains.plugins.gradle.tooling.serialization.RepositoriesModelSerializationService: loaded 2 times (x 80B)
Class org.jetbrains.plugins.gradle.model.ExternalProject                              : loaded 2 times (x 68B)
Class com.google.common.reflect.Types$TypeVariableImpl                                : loaded 2 times (x 70B)
Class com.google.common.collect.Interners$InternerBuilder                             : loaded 2 times (x 74B)
Class org.jetbrains.plugins.gradle.tooling.serialization.ProjectDependenciesSerializationService: loaded 2 times (x 75B)
Class org.gradle.tooling.internal.adapter.WeakIdentityHashMap$AbsentValueProvider     : loaded 2 times (x 68B)
Class org.gradle.tooling.internal.adapter.ProtocolToModelAdapter$SafeMethodInvoker    : loaded 2 times (x 74B)
Class com.android.builder.model.v2.ide.BytecodeTransformation                         : loaded 2 times (x 77B)
Class org.gradle.tooling.model.Dependency                                             : loaded 2 times (x 68B)
Class com.google.common.io.LineReader$1                                               : loaded 2 times (x 73B)
Class kotlin.io.FileAlreadyExistsException                                            : loaded 2 times (x 80B)
Class com.android.builder.model.v2.models.ndk.NativeModule                            : loaded 2 times (x 68B)
Class com.android.builder.model.v2.ide.ViewBindingOptions                             : loaded 2 times (x 68B)
Class net.rubygrapefruit.platform.internal.Platform$MacOs                             : loaded 2 times (x 80B)
Class com.amazon.ion.impl.bin.IonRawBinaryWriter$1                                    : loaded 2 times (x 75B)
Class org.jetbrains.plugins.gradle.tooling.serialization.AnnotationProcessingModelSerializationService: loaded 2 times (x 75B)
Class com.amazon.ion.impl.IonWriterSystemTextMarkup                                   : loaded 2 times (x 190B)
Class org.objectweb.asm.ClassWriter                                                   : loaded 2 times (x 104B)
Class com.amazon.ion.IonFloat                                                         : loaded 2 times (x 68B)
Class com.amazon.ion.impl.bin.IonManagedBinaryWriter$ImportedSymbolResolverMode$1     : loaded 2 times (x 78B)
Class com.android.builder.model.v2.ide.ComponentInfo                                  : loaded 2 times (x 68B)
Class com.amazon.ion.impl.bin.IonManagedBinaryWriter$ImportedSymbolResolverMode$2     : loaded 2 times (x 78B)
Class com.amazon.ion.facet.Faceted                                                    : loaded 2 times (x 68B)
Class com.amazon.ion.impl.bin.IonRawBinaryWriter$ContainerType                        : loaded 2 times (x 77B)
Class com.google.common.collect.Range                                                 : loaded 2 times (x 85B)
Class org.jetbrains.kotlin.idea.gradleTooling.model.kapt.KaptGradleModel              : loaded 2 times (x 68B)
Class org.apache.commons.io.IOUtils                                                   : loaded 2 times (x 69B)
Class kotlin.collections.SetsKt                                                       : loaded 2 times (x 69B)
Class kotlin.jvm.internal.FunctionBase                                                : loaded 2 times (x 68B)
Class com.amazon.ion.impl.BlockedBuffer$BufferedOutputStream                          : loaded 2 times (x 88B)
Class kotlin.text.MatcherMatchResult                                                  : loaded 2 times (x 78B)
Class com.android.builder.model.v2.models.AndroidDsl                                  : loaded 2 times (x 68B)
Class com.amazon.ion.impl.bin.IonManagedBinaryWriter$SymbolResolver                   : loaded 2 times (x 68B)
Class kotlin.Function                                                                 : loaded 2 times (x 68B)
Class [Lcom.google.common.cache.CacheBuilder$OneWeigher;                              : loaded 2 times (x 67B)
Class com.amazon.ion.impl._Private_ReaderWriter                                       : loaded 2 times (x 68B)
Class org.jetbrains.plugins.gradle.tooling.serialization.BuildScriptClasspathModelSerializationService$ReadContext: loaded 2 times (x 70B)
Class com.google.common.io.ByteArrayDataOutput                                        : loaded 2 times (x 68B)
Class net.rubygrapefruit.platform.NativeIntegrationLinkageException                   : loaded 2 times (x 80B)
Class kotlin.text.MatchResult                                                         : loaded 2 times (x 68B)
Class org.jetbrains.kotlin.idea.gradleTooling.model.samWithReceiver.SamWithReceiverModel: loaded 2 times (x 68B)
Class com.android.builder.model.v2.ide.AaptOptions                                    : loaded 2 times (x 68B)
Class com.google.common.cache.LocalCache$ComputingValueReference                      : loaded 2 times (x 94B)
Class com.google.common.cache.LocalCache$SoftValueReference                           : loaded 2 times (x 95B)
Class org.jetbrains.plugins.gradle.tooling.util.ObjectCollector$Processor             : loaded 2 times (x 68B)
Class kotlin.ranges.RangesKt                                                          : loaded 2 times (x 69B)
Class com.amazon.ion.IonNull                                                          : loaded 2 times (x 68B)
Class org.jetbrains.plugins.gradle.tooling.serialization.KotlinDslScriptsModelSerializationService: loaded 2 times (x 79B)
Class kotlin.coroutines.intrinsics.IntrinsicsKt__IntrinsicsKt                         : loaded 2 times (x 69B)
Class com.amazon.ion.impl.lite.IonTextLite                                            : loaded 2 times (x 152B)
Class kotlin.coroutines.jvm.internal.RestrictedContinuationImpl                       : loaded 2 times (x 85B)
Class kotlin.io.FilesKt__FileReadWriteKt                                              : loaded 2 times (x 69B)
Class [Lcom.google.common.io.FileWriteMode;                                           : loaded 2 times (x 67B)
Class com.google.common.io.Files$FileByteSink                                         : loaded 2 times (x 75B)
Class com.google.common.cache.CacheBuilder$OneWeigher                                 : loaded 2 times (x 80B)
Class com.android.ide.gradle.model.GradlePropertiesModel                              : loaded 2 times (x 68B)
Class kotlin.sequences.DistinctIterator                                               : loaded 2 times (x 81B)
Class org.gradle.tooling.model.gradle.GradleScript                                    : loaded 2 times (x 68B)
Class [Lcom.android.builder.model.v2.ide.AndroidGradlePluginProjectFlags$BooleanFlag; : loaded 2 times (x 67B)
Class com.amazon.ion.SubstituteSymbolTableException                                   : loaded 2 times (x 82B)
Class com.amazon.ion.impl._Private_SymtabExtendsCache                                 : loaded 2 times (x 70B)
Class com.android.ide.gradle.model.artifacts.AdditionalClassifierArtifactsModel       : loaded 2 times (x 68B)
Class org.gradle.tooling.internal.adapter.ProtocolToModelAdapter$ViewKey              : loaded 2 times (x 70B)
Class com.google.common.collect.IndexedImmutableSet$1                                 : loaded 2 times (x 172B)
Class com.amazon.ion.system.IonSystemBuilder$Mutable                                  : loaded 2 times (x 73B)
Class kotlin.text.StringsKt__RegexExtensionsJVMKt                                     : loaded 2 times (x 69B)
Class com.google.common.collect.AbstractListMultimap                                  : loaded 2 times (x 170B)
Class org.gradle.tooling.model.kotlin.dsl.KotlinDslScriptsModel                       : loaded 2 times (x 68B)
Class org.apache.commons.io.output.UnsynchronizedByteArrayOutputStream                : loaded 2 times (x 100B)
Class com.android.builder.model.v2.ide.AbstractArtifact                               : loaded 2 times (x 68B)
Class com.google.common.cache.LocalCache$Strength                                     : loaded 2 times (x 79B)
Class com.google.common.collect.AbstractMapBasedMultimap$KeySet                       : loaded 2 times (x 135B)
Class com.google.common.collect.SortedIterable                                        : loaded 2 times (x 68B)
Class com.google.common.collect.ArrayListMultimapGwtSerializationDependencies         : loaded 2 times (x 170B)
Class kotlin.Unit                                                                     : loaded 2 times (x 69B)
Class com.amazon.ion.impl.lite.IonStringLite                                          : loaded 2 times (x 157B)
Class kotlin.io.FilePathComponents                                                    : loaded 2 times (x 70B)
Class kotlin.io.FilesKt__FilePathComponentsKt                                         : loaded 2 times (x 69B)
Class com.google.common.collect.AbstractMapBasedMultimap$RandomAccessWrappedList      : loaded 2 times (x 165B)
Class org.objectweb.asm.Handler                                                       : loaded 2 times (x 70B)
Class org.gradle.api.internal.classpath.GlobalCacheRootsProvider                      : loaded 2 times (x 68B)
Class org.gradle.internal.impldep.gnu.trove.TObjectIntProcedure                       : loaded 2 times (x 68B)
Class com.android.builder.model.v2.ide.LibraryInfo                                    : loaded 2 times (x 68B)
Class kotlin.collections.CollectionsKt                                                : loaded 2 times (x 69B)
Class org.gradle.tooling.internal.gradle.GradleProjectIdentity                        : loaded 2 times (x 68B)
Class kotlin.collections.ArraysKt___ArraysJvmKt                                       : loaded 2 times (x 69B)
Class com.intellij.openapi.externalSystem.model.ExternalSystemException               : loaded 2 times (x 84B)
Class net.rubygrapefruit.platform.internal.Platform$Linux32Bit                        : loaded 2 times (x 81B)
Class kotlin.collections.CollectionsKt___CollectionsJvmKt                             : loaded 2 times (x 69B)
Class com.amazon.ion.impl.bin.IonRawBinaryWriter$StreamCloseMode                      : loaded 2 times (x 77B)
Class net.rubygrapefruit.platform.internal.Platform$MacOs64Bit                        : loaded 2 times (x 80B)
Class org.gradle.tooling.internal.adapter.MethodInvocation                            : loaded 2 times (x 83B)
Class com.google.common.cache.LocalCache$ValueReference                               : loaded 2 times (x 68B)
Class org.gradle.internal.time.CountdownTimer                                         : loaded 2 times (x 68B)
Class org.gradle.internal.time.Clock                                                  : loaded 2 times (x 68B)
Class com.google.common.collect.CollectSpliterators                                   : loaded 2 times (x 69B)
Class com.amazon.ion.impl.bin.IonRawBinaryWriter$PatchPoint                           : loaded 2 times (x 69B)
Class com.google.common.io.Java8Compatibility                                         : loaded 2 times (x 69B)
Class org.gradle.internal.classloader.ClasspathUtil                                   : loaded 2 times (x 69B)
Class kotlin.ranges.RangesKt__RangesKt                                                : loaded 2 times (x 69B)
Class org.apache.commons.io.FileUtils                                                 : loaded 2 times (x 69B)
Class com.amazon.ion.IonInt                                                           : loaded 2 times (x 68B)
Class org.objectweb.asm.CurrentFrame                                                  : loaded 2 times (x 71B)
Class com.google.common.util.concurrent.AbstractFuture                                : loaded 2 times (x 93B)
Class kotlin.NotImplementedError                                                      : loaded 2 times (x 80B)
Class com.google.common.reflect.TypeResolver                                          : loaded 2 times (x 70B)
Class org.jetbrains.kotlin.tooling.core.HasMutableExtras                              : loaded 2 times (x 68B)
Class com.amazon.ion.impl._Private_IonSymbol                                          : loaded 2 times (x 68B)
Class com.amazon.ion.impl._Private_IonBinaryWriterBuilder$Mutable                     : loaded 2 times (x 107B)
Class org.gradle.tooling.model.BuildIdentifier                                        : loaded 2 times (x 68B)
Class kotlin.collections.CollectionsKt__IteratorsKt                                   : loaded 2 times (x 69B)
Class com.android.builder.model.v2.ide.BundleInfo                                     : loaded 2 times (x 68B)
Class com.google.common.collect.TransformedListIterator                               : loaded 2 times (x 91B)
Class com.google.common.cache.LocalCache$ValueIterator                                : loaded 2 times (x 84B)
Class com.google.common.base.Ticker$1                                                 : loaded 2 times (x 70B)
Class com.google.common.collect.Maps$BiMapConverter                                   : loaded 2 times (x 88B)
Class org.gradle.api.internal.DefaultClassPathRegistry                                : loaded 2 times (x 74B)
Class com.google.common.base.Splitter$5                                               : loaded 2 times (x 78B)
Class com.amazon.ion.impl.bin.AbstractIonWriter$WriteValueOptimization                : loaded 2 times (x 77B)
Class com.amazon.ion.impl.bin._Private_IonRawWriter                                   : loaded 2 times (x 68B)
Class com.google.common.collect.AbstractIterator$State                                : loaded 2 times (x 77B)
Class [Lorg.objectweb.asm.Symbol;                                                     : loaded 2 times (x 67B)
Class com.google.common.util.concurrent.AbstractFuture$Cancellation                   : loaded 2 times (x 70B)
Class com.google.common.collect.ListMultimap                                          : loaded 2 times (x 68B)
Class com.google.common.collect.Interner                                              : loaded 2 times (x 68B)
Class com.amazon.ion.impl.bin.IonManagedBinaryWriter$UserState                        : loaded 2 times (x 83B)
Class org.gradle.api.internal.classpath.DefaultModuleRegistry$DefaultModule           : loaded 2 times (x 84B)
Class com.amazon.ion.ReadOnlyValueException                                           : loaded 2 times (x 82B)
Class net.rubygrapefruit.platform.internal.Platform                                   : loaded 2 times (x 77B)
Class com.android.builder.model.v2.models.AndroidProject                              : loaded 2 times (x 68B)
Class com.google.common.io.LineReader                                                 : loaded 2 times (x 70B)
Class [Lcom.google.common.collect.MapMaker$Dummy;                                     : loaded 2 times (x 67B)
Class org.gradle.tooling.model.build.GradleEnvironment                                : loaded 2 times (x 68B)
Class com.amazon.ion.IonException                                                     : loaded 2 times (x 82B)
Class com.google.common.collect.ImmutableEnumSet                                      : loaded 2 times (x 144B)
Class [Lcom.android.builder.model.v2.ide.AaptOptions$Namespacing;                     : loaded 2 times (x 67B)
Class com.android.ide.gradle.model.artifacts.AdditionalClassifierArtifacts            : loaded 2 times (x 68B)
Class com.google.common.cache.RemovalCause$1                                          : loaded 2 times (x 78B)
Class com.amazon.ion.impl.bin.IonManagedBinaryWriter$SymbolState                      : loaded 2 times (x 78B)
Class org.jetbrains.plugins.gradle.tooling.serialization.ExternalTestsSerializationService$WriteContext: loaded 2 times (x 70B)
Class com.google.common.cache.RemovalCause$2                                          : loaded 2 times (x 78B)
Class com.google.common.cache.RemovalCause$3                                          : loaded 2 times (x 78B)
Class kotlin.text.StringsKt__StringsKt                                                : loaded 2 times (x 69B)
Class com.google.common.cache.RemovalCause$4                                          : loaded 2 times (x 78B)
Class org.gradle.internal.time.TimeSource                                             : loaded 2 times (x 68B)
Class com.google.common.cache.RemovalCause$5                                          : loaded 2 times (x 78B)
Class kotlin.comparisons.ComparisonsKt___ComparisonsKt                                : loaded 2 times (x 69B)
Class com.android.ide.gradle.model.ArtifactIdentifier                                 : loaded 2 times (x 68B)
Class com.google.common.base.Suppliers$SupplierOfInstance                             : loaded 2 times (x 77B)
Class org.objectweb.asm.RecordComponentVisitor                                        : loaded 2 times (x 75B)
Class kotlin.text.Regex$Companion                                                     : loaded 2 times (x 69B)
Class com.google.common.reflect.Types$ClassOwnership$1                                : loaded 2 times (x 78B)
Class com.google.common.reflect.Invokable                                             : loaded 2 times (x 99B)
Class com.google.common.reflect.Types$ClassOwnership$2                                : loaded 2 times (x 78B)
Class com.google.common.reflect.Types$ClassOwnership$3                                : loaded 2 times (x 69B)
Class com.amazon.ion.impl.bin.IonManagedBinaryWriter$SymbolState$1                    : loaded 2 times (x 78B)
Class com.amazon.ion.impl.bin.IonManagedBinaryWriter$SymbolState$2                    : loaded 2 times (x 78B)
Class com.amazon.ion.impl.bin.IonManagedBinaryWriter$SymbolState$3                    : loaded 2 times (x 78B)
Class com.intellij.util.containers.IntObjectHashMap$ArrayProducer                     : loaded 2 times (x 68B)
Class com.amazon.ion.impl.bin.IonManagedBinaryWriter$SymbolState$4                    : loaded 2 times (x 78B)
Class ijInit1_d02w2zlaso43pqcd7cgnqqjcx                                               : loaded 2 times (x 177B)
Class Settings_gradle$1$1                                                             : loaded 2 times (x 72B)
Class com.google.common.cache.LocalCache$HashIterator                                 : loaded 2 times (x 84B)
Class org.jetbrains.kotlin.android.synthetic.idea.AndroidExtensionsGradleModel        : loaded 2 times (x 68B)
Class [Lcom.intellij.openapi.externalSystem.model.project.dependencies.ResolutionState;: loaded 2 times (x 67B)
Class com.google.common.collect.FluentIterable$3                                      : loaded 2 times (x 79B)
Class com.intellij.openapi.externalSystem.model.project.dependencies.ResolutionState  : loaded 2 times (x 77B)
Class com.google.common.cache.LocalCache$WriteThroughEntry                            : loaded 2 times (x 77B)
Class org.objectweb.asm.ClassTooLargeException                                        : loaded 2 times (x 81B)
Class org.gradle.api.internal.classpath.UnknownModuleException                        : loaded 2 times (x 80B)
Class com.amazon.ion.system.SimpleCatalog                                             : loaded 2 times (x 89B)
Class kotlin.coroutines.intrinsics.IntrinsicsKt__IntrinsicsJvmKt                      : loaded 2 times (x 69B)
Class kotlin.collections.MapsKt__MapsJVMKt                                            : loaded 2 times (x 69B)
Class com.google.common.collect.FluentIterable                                        : loaded 2 times (x 79B)
Class com.google.common.util.concurrent.AbstractFuture$Listener                       : loaded 2 times (x 70B)
Class com.amazon.ion.IonNumber                                                        : loaded 2 times (x 68B)
Class com.google.common.collect.CollectSpliterators$1                                 : loaded 2 times (x 88B)
Class org.apache.commons.io.output.AbstractByteArrayOutputStream                      : loaded 2 times (x 100B)
Class com.google.common.collect.MapMakerInternalMap$StrongKeyDummyValueEntry$LinkedStrongKeyDummyValueEntry: loaded 2 times (x 80B)
Class com.google.common.collect.Iterables$4                                           : loaded 2 times (x 79B)
Class com.android.ide.gradle.model.GradlePluginModel                                  : loaded 2 times (x 68B)
Class org.objectweb.asm.Edge                                                          : loaded 2 times (x 70B)
Class com.google.common.collect.Maps$EntryTransformer                                 : loaded 2 times (x 68B)
Class org.jetbrains.plugins.gradle.model.ProjectImportModelProvider                   : loaded 2 times (x 68B)
Class com.google.common.collect.FluentIterable$2                                      : loaded 2 times (x 79B)
Class org.jetbrains.plugins.gradle.tooling.serialization.GradleExtensionsSerializationService: loaded 2 times (x 75B)
Class kotlin.jvm.internal.ArrayIteratorKt                                             : loaded 2 times (x 69B)
Class kotlin.collections.ArraysKt___ArraysKt                                          : loaded 2 times (x 69B)
Class com.amazon.ion.IonContainer                                                     : loaded 2 times (x 68B)
Class com.amazon.ion.impl.lite.ValueFactoryLite                                       : loaded 2 times (x 216B)
Class com.amazon.ion.impl._Private_IonWriterBase                                      : loaded 2 times (x 160B)
Class com.android.builder.model.v2.ide.AaptOptions$Namespacing                        : loaded 2 times (x 77B)
Class com.google.common.io.ByteArrayDataInput                                         : loaded 2 times (x 68B)
Class kotlin.coroutines.Continuation                                                  : loaded 2 times (x 68B)
Class kotlin.text.StringsKt__StringNumberConversionsJVMKt                             : loaded 2 times (x 69B)
Class net.rubygrapefruit.platform.internal.Platform$Window64Bit                       : loaded 2 times (x 77B)
Class [Lorg.objectweb.asm.SymbolTable$Entry;                                          : loaded 2 times (x 67B)
Class kotlin.ranges.IntProgression$Companion                                          : loaded 2 times (x 69B)
Class com.google.common.reflect.Types$JavaVersion                                     : loaded 2 times (x 81B)
Class com.google.common.collect.SingletonImmutableBiMap                               : loaded 2 times (x 141B)
Class kotlin.TuplesKt                                                                 : loaded 2 times (x 69B)
Class kotlin.text.CharsKt__CharJVMKt                                                  : loaded 2 times (x 69B)
Class org.gradle.internal.exceptions.NonGradleCauseExceptionsHolder                   : loaded 2 times (x 68B)
Class org.apache.commons.io.file.PathFilter                                           : loaded 2 times (x 68B)
Class com.google.common.base.Suppliers$MemoizingSupplier                              : loaded 2 times (x 77B)
Class com.amazon.ion.impl._Private_IonTextWriterBuilder$Mutable                       : loaded 2 times (x 99B)
Class com.google.common.base.Suppliers                                                : loaded 2 times (x 69B)
Class com.android.builder.model.v2.ide.AndroidLibraryData                             : loaded 2 times (x 68B)
Class net.rubygrapefruit.platform.internal.Platform$FreeBSD32Bit                      : loaded 2 times (x 80B)
Class org.jetbrains.plugins.gradle.model.IntelliJProjectSettings                      : loaded 2 times (x 68B)
Class [Lcom.google.common.collect.Iterators$EmptyModifiableIterator;                  : loaded 2 times (x 67B)
Class com.amazon.ion.system.IonReaderBuilder                                          : loaded 2 times (x 83B)
Class kotlin.text.StringsKt__IndentKt                                                 : loaded 2 times (x 69B)
Class org.objectweb.asm.ClassVisitor                                                  : loaded 2 times (x 86B)
Class com.google.common.collect.MapMakerInternalMap$StrongKeyDummyValueEntry          : loaded 2 times (x 80B)
Class com.google.common.cache.LoadingCache                                            : loaded 2 times (x 68B)
Class org.gradle.internal.service.ServiceLookupException                              : loaded 2 times (x 80B)
Class kotlin.collections.MapsKt__MapWithDefaultKt                                     : loaded 2 times (x 69B)
Class com.google.common.collect.MapMakerInternalMap$StrongKeyDummyValueSegment        : loaded 2 times (x 140B)
Class org.jetbrains.kotlin.idea.gradleTooling.model.lombok.LombokModel                : loaded 2 times (x 68B)
Class com.android.builder.model.v2.models.ProjectSyncIssues                           : loaded 2 times (x 68B)
Class com.google.common.base.Present                                                  : loaded 2 times (x 79B)
Class kotlin.collections.EmptySet                                                     : loaded 2 times (x 120B)
Class org.gradle.tooling.model.ProjectIdentifier                                      : loaded 2 times (x 68B)
Class com.google.common.collect.FluentIterable$1                                      : loaded 2 times (x 79B)
Class [Lorg.gradle.api.internal.ClassPathProvider;                                    : loaded 2 times (x 67B)
Class com.google.common.util.concurrent.AbstractFuture$SafeAtomicHelper               : loaded 2 times (x 77B)
Class org.gradle.internal.operations.MultipleBuildOperationFailures                   : loaded 2 times (x 89B)
Class com.google.common.collect.ImmutableMultimap$Values                              : loaded 2 times (x 124B)
Class kotlin.collections.MapsKt                                                       : loaded 2 times (x 69B)
Class net.rubygrapefruit.platform.internal.Platform$FreeBSD                           : loaded 2 times (x 80B)
Class org.gradle.util.internal.GUtil                                                  : loaded 2 times (x 69B)
Class org.gradle.tooling.model.internal.ImmutableDomainObjectSet                      : loaded 2 times (x 153B)
Class kotlin.jvm.internal.CollectionToArray                                           : loaded 2 times (x 69B)
Class net.rubygrapefruit.platform.internal.Platform$Unix                              : loaded 2 times (x 80B)
Class org.gradle.tooling.internal.adapter.MethodInvoker                               : loaded 2 times (x 68B)
Class org.jetbrains.plugins.gradle.model.AnnotationProcessingModel                    : loaded 2 times (x 68B)
Class org.jetbrains.plugins.gradle.model.ExternalTask                                 : loaded 2 times (x 68B)
Class com.google.common.math.IntMath                                                  : loaded 2 times (x 69B)
Class org.gradle.tooling.model.HierarchicalElement                                    : loaded 2 times (x 68B)
Class [Lcom.google.common.reflect.Types$JavaVersion;                                  : loaded 2 times (x 67B)
Class com.android.builder.model.v2.ide.BasicArtifact                                  : loaded 2 times (x 68B)
Class net.rubygrapefruit.platform.Process                                             : loaded 2 times (x 68B)
Class com.amazon.ion.system.IonTextWriterBuilder                                      : loaded 2 times (x 95B)
Class org.jetbrains.plugins.gradle.tooling.serialization.ExternalProjectSerializationService$ReadContext: loaded 2 times (x 72B)
Class com.android.builder.model.v2.ide.Edge                                           : loaded 2 times (x 68B)
Class org.gradle.api.internal.classpath.DefaultModuleRegistry                         : loaded 2 times (x 84B)
Class org.gradle.internal.classloader.ClassLoaderSpec                                 : loaded 2 times (x 69B)
Class com.android.builder.model.v2.models.ndk.NativeModelBuilderParameter             : loaded 2 times (x 68B)
Class com.google.common.io.LineProcessor                                              : loaded 2 times (x 68B)
Class com.android.builder.model.v2.CustomSourceDirectory                              : loaded 2 times (x 68B)
Class com.google.common.cache.RemovalListener                                         : loaded 2 times (x 68B)
Class com.google.common.io.CharSink                                                   : loaded 2 times (x 77B)
Class com.google.common.io.FileWriteMode                                              : loaded 2 times (x 77B)
Class org.objectweb.asm.Frame                                                         : loaded 2 times (x 71B)
Class com.google.common.cache.LocalCache$LocalManualCache                             : loaded 2 times (x 97B)
Class org.gradle.internal.classpath.ClassPath                                         : loaded 2 times (x 68B)
Class com.google.common.cache.CacheLoader$SupplierToCacheLoader                       : loaded 2 times (x 73B)
Class com.amazon.ion.impl.bin.Block                                                   : loaded 2 times (x 77B)
Class net.rubygrapefruit.platform.NativeIntegrationUnavailableException               : loaded 2 times (x 80B)
Class com.google.common.cache.CacheLoader$1                                           : loaded 2 times (x 73B)
Class org.jetbrains.plugins.gradle.model.GradleExtension                              : loaded 2 times (x 68B)
Class net.rubygrapefruit.platform.NativeIntegration                                   : loaded 2 times (x 68B)
Class com.amazon.ion.impl.bin.IonManagedBinaryWriter                                  : loaded 2 times (x 164B)
Class org.gradle.tooling.internal.adapter.ProtocolToModelAdapter$AdaptingMethodInvoker: loaded 2 times (x 74B)
Class [Lcom.google.common.collect.MapMakerInternalMap$Strength;                       : loaded 2 times (x 67B)
Class com.amazon.ion.impl.IonWriterSystem                                             : loaded 2 times (x 169B)
Class org.jetbrains.plugins.gradle.tooling.util.IntObjectMap                          : loaded 2 times (x 71B)
Class org.gradle.tooling.model.idea.IdeaModuleDependency                              : loaded 2 times (x 68B)
Class [Lcom.amazon.ion.impl.bin.IonManagedBinaryWriter$ImportedSymbolResolverMode;    : loaded 2 times (x 67B)
Class com.google.common.util.concurrent.AbstractFuture$TrustedFuture                  : loaded 2 times (x 95B)
Class org.jetbrains.plugins.gradle.tooling.serialization.RepositoriesModelSerializationService$ReadContext: loaded 2 times (x 70B)
Class com.google.common.cache.RemovalCause                                            : loaded 2 times (x 78B)
Class com.amazon.ion.impl.bin.IonRawBinaryWriter                                      : loaded 2 times (x 167B)
Class com.amazon.ion.impl._Private_IonSystem                                          : loaded 2 times (x 68B)
Class org.gradle.internal.classloader.InstrumentingClassLoader                        : loaded 2 times (x 68B)
Class org.jetbrains.plugins.gradle.model.BuildScriptClasspathModel                    : loaded 2 times (x 68B)
Class com.google.common.collect.MapMakerInternalMap$InternalEntry                     : loaded 2 times (x 68B)
Class org.jetbrains.kotlin.idea.projectModel.KotlinTaskProperties                     : loaded 2 times (x 68B)
Class org.apache.commons.io.FileExistsException                                       : loaded 2 times (x 80B)
Class com.google.common.collect.Maps$ViewCachingAbstractMap                           : loaded 2 times (x 123B)
Class com.amazon.ion.impl._Private_IonBinaryWriterBuilder                             : loaded 2 times (x 107B)
Class com.google.common.collect.Sets                                                  : loaded 2 times (x 69B)
Class org.apache.commons.io.output.QueueOutputStream                                  : loaded 2 times (x 85B)
Class com.amazon.ion.SymbolTable                                                      : loaded 2 times (x 68B)
Class kotlin.text.Regex                                                               : loaded 2 times (x 70B)
Class kotlin.io.FilesKt__UtilsKt                                                      : loaded 2 times (x 69B)
Class com.amazon.ion.impl.bin.IonRawBinaryWriter$RecyclingStack                       : loaded 2 times (x 70B)
Class com.amazon.ion.impl.bin.Symbols$1                                               : loaded 2 times (x 75B)
Class kotlin.coroutines.jvm.internal.SuspendFunction                                  : loaded 2 times (x 68B)
Class com.amazon.ion.impl.bin.Symbols$3                                               : loaded 2 times (x 105B)
Class com.google.common.collect.ImmutableRangeSet$AsSet                               : loaded 2 times (x 233B)
Class com.google.common.collect.MapMakerInternalMap                                   : loaded 2 times (x 159B)
Class com.google.common.io.AppendableWriter                                           : loaded 2 times (x 98B)
Class org.apache.commons.io.output.StringBuilderWriter                                : loaded 2 times (x 98B)
Class net.rubygrapefruit.platform.internal.Platform$MacOs32Bit                        : loaded 2 times (x 80B)
Class com.google.common.collect.ImmutableMapKeySet                                    : loaded 2 times (x 148B)
Class com.google.common.base.MoreObjects                                              : loaded 2 times (x 69B)
Class com.google.common.collect.SortedMapDifference                                   : loaded 2 times (x 68B)
Class org.jetbrains.plugins.gradle.model.ExternalFilter                               : loaded 2 times (x 68B)
Class kotlin.collections.ArraysUtilJVM                                                : loaded 2 times (x 69B)
Class com.android.ide.common.repository.GradleVersion$VersionSegment                  : loaded 2 times (x 73B)
Class org.objectweb.asm.SymbolTable                                                   : loaded 2 times (x 70B)
Class com.amazon.ion.impl.bin.BlockAllocatorProvider                                  : loaded 2 times (x 70B)
Class org.gradle.tooling.internal.adapter.ProtocolToModelAdapter$ViewGraphDetails$1   : loaded 2 times (x 75B)
Class [Lorg.objectweb.asm.AnnotationVisitor;                                          : loaded 2 times (x 67B)
Class com.google.common.cache.CacheStats                                              : loaded 2 times (x 69B)
Class com.amazon.ion.IonDatagram                                                      : loaded 2 times (x 68B)
Class kotlin.coroutines.jvm.internal.BaseContinuationImpl                             : loaded 2 times (x 85B)
Class org.objectweb.asm.Attribute                                                     : loaded 2 times (x 75B)
Class org.gradle.internal.classloader.VisitableURLClassLoader                         : loaded 2 times (x 115B)
Class [Lcom.amazon.ion.impl.bin.IonManagedBinaryWriter$UserState;                     : loaded 2 times (x 67B)
Class com.google.common.cache.LocalCache$LocalLoadingCache                            : loaded 2 times (x 132B)
Class com.google.common.base.Supplier                                                 : loaded 2 times (x 68B)
Class org.jetbrains.plugins.gradle.tooling.serialization.BuildScriptClasspathModelSerializationService: loaded 2 times (x 75B)
Class kotlin.io.FilesKt__FileTreeWalkKt                                               : loaded 2 times (x 69B)
Class org.gradle.util.internal.DefaultGradleVersion                                   : loaded 2 times (x 82B)
Class kotlin.collections.CollectionsKt__IterablesKt                                   : loaded 2 times (x 69B)
Class com.google.common.collect.ImmutableMultimap$Keys                                : loaded 2 times (x 164B)
Class com.google.common.util.concurrent.AbstractFuture$AtomicHelper                   : loaded 2 times (x 76B)
Class com.google.common.io.ByteSource                                                 : loaded 2 times (x 82B)
Class com.google.common.hash.PrimitiveSink                                            : loaded 2 times (x 68B)
Class com.google.common.collect.NullnessCasts                                         : loaded 2 times (x 69B)
Class org.jetbrains.plugins.gradle.model.GradleProperty                               : loaded 2 times (x 68B)
Class com.amazon.ion.impl.lite.IonLobLite                                             : loaded 2 times (x 155B)
Class com.amazon.ion.IonStruct                                                        : loaded 2 times (x 68B)
Class org.gradle.api.internal.ClassPathRegistry                                       : loaded 2 times (x 68B)
Class com.google.common.cache.LocalCache$EntryFactory                                 : loaded 2 times (x 81B)
Class org.jetbrains.plugins.gradle.model.MavenRepositoryModel                         : loaded 2 times (x 68B)
Class com.google.common.util.concurrent.UncheckedExecutionException                   : loaded 2 times (x 80B)
Class org.gradle.internal.classloader.VisitableURLClassLoader$InstrumentingVisitableURLClassLoader: loaded 2 times (x 121B)
Class kotlin.coroutines.jvm.internal.DebugProbesKt                                    : loaded 2 times (x 69B)
Class org.gradle.internal.classloader.ClassLoaderHierarchy                            : loaded 2 times (x 68B)
Class org.jetbrains.plugins.gradle.tooling.serialization.BuildScriptClasspathModelSerializationService$WriteContext: loaded 2 times (x 70B)
Class com.android.builder.model.v2.ide.AndroidGradlePluginProjectFlags                : loaded 2 times (x 68B)
Class kotlin.sequences.SequencesKt___SequencesJvmKt                                   : loaded 2 times (x 69B)
Class kotlin.collections.MapsKt__MapsKt                                               : loaded 2 times (x 69B)
Class org.apache.commons.io.file.DeleteOption                                         : loaded 2 times (x 68B)
Class com.amazon.ion.UnexpectedEofException                                           : loaded 2 times (x 82B)
Class kotlin.collections.ArraysKt                                                     : loaded 2 times (x 69B)
Class org.gradle.internal.exceptions.MultiCauseException                              : loaded 2 times (x 68B)
Class com.amazon.ion.impl.lite.IonSexpLite                                            : loaded 2 times (x 457B)
Class com.amazon.ion.impl.bin.IonManagedBinaryWriter$UserState$1                      : loaded 2 times (x 83B)
Class [Lcom.amazon.ion.impl.bin.IonRawBinaryWriter$ContainerType;                     : loaded 2 times (x 67B)
Class com.amazon.ion.impl.bin.IonManagedBinaryWriter$UserState$2                      : loaded 2 times (x 83B)
Class [Lcom.amazon.ion.impl.bin.IonRawBinaryWriter$StreamCloseMode;                   : loaded 2 times (x 67B)
Class com.amazon.ion.impl.bin.IonManagedBinaryWriter$UserState$3                      : loaded 2 times (x 83B)
Class com.android.builder.model.v2.models.VariantDependenciesAdjacencyList            : loaded 2 times (x 68B)
Class com.amazon.ion.impl.bin.IonManagedBinaryWriter$UserState$4                      : loaded 2 times (x 83B)
Class com.amazon.ion.IonTimestamp                                                     : loaded 2 times (x 68B)
Class kotlin.text.CharsKt__CharKt                                                     : loaded 2 times (x 69B)
Class com.google.common.collect.Lists$ReverseList                                     : loaded 2 times (x 160B)
Class com.amazon.ion.impl.bin.IonRawBinaryWriter$PatchList$1                          : loaded 2 times (x 81B)
Class com.google.common.io.Closer$Suppressor                                          : loaded 2 times (x 68B)
Class org.jetbrains.kotlin.idea.gradleTooling.model.parcelize.ParcelizeGradleModel    : loaded 2 times (x 68B)
Class kotlin.collections.MapsKt___MapsKt                                              : loaded 2 times (x 69B)
Class org.gradle.tooling.model.kotlin.dsl.KotlinDslScriptModel                        : loaded 2 times (x 68B)
Class com.google.common.collect.AbstractMapBasedMultimap$WrappedList                  : loaded 2 times (x 165B)
Class net.rubygrapefruit.platform.internal.LibraryDef                                 : loaded 2 times (x 70B)
Class [Lorg.objectweb.asm.Type;                                                       : loaded 2 times (x 67B)
Class com.google.common.collect.MapMakerInternalMap$WeakValueReference                : loaded 2 times (x 68B)
Class com.google.common.collect.Lists$ReverseList$1                                   : loaded 2 times (x 97B)
Class kotlin.sequences.TransformingSequence$iterator$1                                : loaded 2 times (x 77B)
Class org.objectweb.asm.ModuleVisitor                                                 : loaded 2 times (x 79B)
Class com.amazon.ion.impl._Private_Utils                                              : loaded 2 times (x 69B)
Class com.google.common.cache.Weigher                                                 : loaded 2 times (x 68B)
Class com.amazon.ion.impl._Private_IonTextWriterBuilder                               : loaded 2 times (x 99B)
Class com.google.common.collect.MapMakerInternalMap$StrongValueEntry                  : loaded 2 times (x 68B)
Class net.rubygrapefruit.platform.internal.FunctionResult$Failure                     : loaded 2 times (x 77B)
Class org.jetbrains.plugins.gradle.tooling.serialization.ToolingStreamApiUtils        : loaded 2 times (x 69B)
Class com.android.builder.model.v2.AndroidModel                                       : loaded 2 times (x 68B)
Class org.gradle.internal.InternalTransformer                                         : loaded 2 times (x 68B)
Class org.jetbrains.kotlin.idea.gradleTooling.model.noarg.NoArgModel                  : loaded 2 times (x 68B)
Class com.android.builder.model.v2.ide.LintOptions                                    : loaded 2 times (x 68B)
Class com.google.common.collect.AbstractMapBasedMultimap$AsMap$AsMapEntries           : loaded 2 times (x 136B)
Class org.apache.commons.io.output.NullOutputStream                                   : loaded 2 times (x 83B)
Class org.jetbrains.kotlin.idea.gradleTooling.KotlinGradleModel                       : loaded 2 times (x 68B)
Class kotlin.sequences.Sequence                                                       : loaded 2 times (x 68B)
Class org.gradle.tooling.internal.gradle.DefaultBuildIdentifier                       : loaded 2 times (x 77B)
Class org.gradle.internal.service.ServiceLocator                                      : loaded 2 times (x 68B)
Class Settings_gradle$1                                                               : loaded 2 times (x 72B)
Class org.jetbrains.plugins.gradle.model.ExternalDependency                           : loaded 2 times (x 68B)
Class com.amazon.ion.impl.bin.IonManagedBinaryWriter$ImportedSymbolResolverMode$1$1$1 : loaded 2 times (x 74B)
Class net.rubygrapefruit.platform.internal.Platform$Linux                             : loaded 2 times (x 81B)
Class org.gradle.internal.impldep.gnu.trove.TObjectHashingStrategy                    : loaded 2 times (x 68B)
Class org.gradle.tooling.internal.adapter.ProtocolToModelAdapter$MethodInvocationCache: loaded 2 times (x 71B)
Class com.google.common.collect.ImmutableRangeSet$1                                   : loaded 2 times (x 169B)
Class com.google.common.util.concurrent.SettableFuture                                : loaded 2 times (x 95B)
Class com.amazon.ion.IonString                                                        : loaded 2 times (x 68B)
Class [Lcom.android.builder.model.v2.ide.CodeShrinker;                                : loaded 2 times (x 67B)
Class net.rubygrapefruit.platform.NativeException                                     : loaded 2 times (x 80B)
Class com.amazon.ion.IonLoader                                                        : loaded 2 times (x 68B)
Class com.google.common.io.Files$2                                                    : loaded 2 times (x 74B)
Class net.rubygrapefruit.platform.Native                                              : loaded 2 times (x 69B)
Class com.amazon.ion.IonBinaryWriter                                                  : loaded 2 times (x 68B)
Class com.amazon.ion.impl.lite.IonIntLite                                             : loaded 2 times (x 154B)
Class com.android.builder.model.v2.models.Versions$Companion                          : loaded 2 times (x 69B)
Class kotlin.sequences.SequencesKt___SequencesKt$flatMap$2                            : loaded 2 times (x 123B)
Class com.google.common.reflect.Types$ParameterizedTypeImpl                           : loaded 2 times (x 79B)
Class org.jetbrains.kotlin.idea.gradleTooling.model.allopen.AllOpenModel              : loaded 2 times (x 68B)
Class net.rubygrapefruit.platform.internal.Platform$Window32Bit                       : loaded 2 times (x 77B)
Class com.google.common.io.ByteStreams                                                : loaded 2 times (x 69B)
Class kotlin.coroutines.jvm.internal.CoroutineStackFrame                              : loaded 2 times (x 68B)
Class org.jetbrains.plugins.gradle.model.AnnotationProcessingConfig                   : loaded 2 times (x 68B)
Class org.jetbrains.plugins.gradle.tooling.serialization.ExternalTestsSerializationService: loaded 2 times (x 75B)
Class kotlin.internal.ProgressionUtilKt                                               : loaded 2 times (x 69B)
Class com.android.builder.model.v2.dsl.BuildType                                      : loaded 2 times (x 68B)
Class kotlin.reflect.KFunction                                                        : loaded 2 times (x 68B)
Class org.jetbrains.plugins.gradle.tooling.serialization.ProjectDependenciesSerializationService$WriteContext: loaded 2 times (x 70B)
Class com.google.common.io.Closer$SuppressingSuppressor                               : loaded 2 times (x 73B)
Class kotlin.collections.ArraysKt__ArraysJVMKt                                        : loaded 2 times (x 69B)
Class kotlin.jvm.KotlinReflectionNotSupportedError                                    : loaded 2 times (x 80B)
Class com.google.common.collect.MapMaker                                              : loaded 2 times (x 70B)
Class kotlin.io.TerminateException                                                    : loaded 2 times (x 80B)
Class org.gradle.tooling.internal.adapter.WeakIdentityHashMap                         : loaded 2 times (x 74B)
Class kotlin.collections.AbstractCollection                                           : loaded 2 times (x 115B)
Class com.google.common.collect.ImmutableMultiset                                     : loaded 2 times (x 161B)
Class com.google.common.reflect.Types$JavaVersion$1                                   : loaded 2 times (x 81B)
Class com.google.common.reflect.Types$JavaVersion$2                                   : loaded 2 times (x 81B)
Class com.google.common.reflect.Types$JavaVersion$3                                   : loaded 2 times (x 81B)
Class org.gradle.internal.classpath.DefaultClassPath$ImmutableUniqueList              : loaded 2 times (x 159B)
Class com.amazon.ion.IonBool                                                          : loaded 2 times (x 68B)
Class com.google.common.reflect.Types$JavaVersion$4                                   : loaded 2 times (x 81B)
Class com.google.common.reflect.Types$JavaVersion$5                                   : loaded 2 times (x 69B)
Class com.amazon.ion.impl.bin.IonRawBinaryWriter$ContainerInfo                        : loaded 2 times (x 74B)
Class org.gradle.internal.time.DefaultTimer                                           : loaded 2 times (x 78B)
Class kotlin.collections.AbstractList                                                 : loaded 2 times (x 157B)
Class com.google.common.collect.ImmutableMultimap$1                                   : loaded 2 times (x 80B)
Class com.intellij.util.ThrowableConsumer                                             : loaded 2 times (x 68B)
Class com.google.common.collect.ImmutableMultimap$2                                   : loaded 2 times (x 79B)
Class org.gradle.internal.classpath.TransformedClassPath                              : loaded 2 times (x 94B)
Class org.jetbrains.plugins.gradle.tooling.serialization.ExternalProjectSerializationService$WriteContext: loaded 2 times (x 72B)
Class com.google.common.collect.MapDifference                                         : loaded 2 times (x 68B)
Class com.amazon.ion.impl.bin.IonManagedBinaryWriter$ImportDescriptor                 : loaded 2 times (x 74B)
Class com.amazon.ion.system.IonBinaryWriterBuilder                                    : loaded 2 times (x 95B)
Class com.google.common.reflect.TypeToken$SimpleTypeToken                             : loaded 2 times (x 71B)
Class org.jetbrains.kotlin.tooling.core.HasExtras                                     : loaded 2 times (x 68B)
Class com.google.common.collect.Sets$1                                                : loaded 2 times (x 137B)
Class org.gradle.tooling.internal.adapter.ProtocolToModelAdapter$InvocationHandlerImpl: loaded 2 times (x 75B)
Class com.google.common.collect.Sets$2                                                : loaded 2 times (x 137B)
Class com.google.common.util.concurrent.AbstractFuture$Trusted                        : loaded 2 times (x 68B)
Class com.google.common.collect.Sets$3                                                : loaded 2 times (x 137B)
Class com.google.common.graph.SuccessorsFunction                                      : loaded 2 times (x 68B)
Class com.google.common.collect.Sets$4                                                : loaded 2 times (x 137B)
Class org.jetbrains.plugins.gradle.tooling.serialization.AnnotationProcessingModelSerializationService$WriteContext: loaded 2 times (x 70B)
Class kotlin.text.MatcherMatchResult$groups$1                                         : loaded 2 times (x 149B)
Class kotlin.text.StringsKt___StringsKt                                               : loaded 2 times (x 69B)
Class com.google.common.reflect.Types$NativeTypeVariableEquals                        : loaded 2 times (x 69B)
Class Settings_gradle                                                                 : loaded 2 times (x 126B)
Class org.jetbrains.plugins.gradle.tooling.serialization.internal.IdeaProjectSerializationService$ReadContext: loaded 2 times (x 70B)
Class org.gradle.tooling.model.idea.IdeaLanguageLevel                                 : loaded 2 times (x 68B)
Class kotlin.collections.ArraysKt___ArraysKt$asSequence$$inlined$Sequence$1           : loaded 2 times (x 73B)
Class kotlin.coroutines.intrinsics.CoroutineSingletons                                : loaded 2 times (x 77B)
Class kotlin.Pair                                                                     : loaded 2 times (x 70B)
Class com.android.utils.StringHelper                                                  : loaded 2 times (x 69B)
Class com.google.common.io.ByteSink                                                   : loaded 2 times (x 74B)
Class com.android.builder.model.v2.ide.BasicVariant                                   : loaded 2 times (x 68B)
Class com.google.common.collect.AbstractMapBasedMultimap$WrappedCollection$WrappedIterator: loaded 2 times (x 82B)
Class org.objectweb.asm.MethodWriter                                                  : loaded 2 times (x 104B)
Class com.android.builder.model.v2.ide.SourceSetContainer                             : loaded 2 times (x 68B)
Class com.amazon.ion.impl._Private_Utils$1                                            : loaded 2 times (x 87B)
Class kotlin.collections.AbstractList$Companion                                       : loaded 2 times (x 69B)
Class kotlin.coroutines.intrinsics.IntrinsicsKt                                       : loaded 2 times (x 69B)
Class org.gradle.tooling.internal.adapter.ProtocolToModelAdapter$ViewDecoration       : loaded 2 times (x 68B)
Class kotlin.sequences.SequencesKt___SequencesKt$sortedWith$1                         : loaded 2 times (x 73B)
Class [Lcom.google.common.collect.MapMakerInternalMap$Segment;                        : loaded 2 times (x 67B)
Class kotlin.collections.AbstractIterator                                             : loaded 2 times (x 81B)
Class com.google.common.util.concurrent.ExecutionError                                : loaded 2 times (x 80B)
Class com.google.common.io.ByteSink$AsCharSink                                        : loaded 2 times (x 78B)
Class com.google.common.base.Equivalence$Identity                                     : loaded 2 times (x 80B)
Class kotlin.ranges.IntRange                                                          : loaded 2 times (x 91B)
Class org.gradle.util.GradleVersion                                                   : loaded 2 times (x 81B)
Class com.amazon.ion.util._Private_FastAppendable                                     : loaded 2 times (x 68B)
Class kotlin.collections.SetsKt__SetsKt                                               : loaded 2 times (x 69B)
Class com.amazon.ion.ValueFactory                                                     : loaded 2 times (x 68B)
Class com.google.common.collect.AbstractIterator$1                                    : loaded 2 times (x 69B)
Class com.android.ide.gradle.model.AdditionalClassifierArtifactsModelParameter        : loaded 2 times (x 68B)
Class com.google.common.cache.LocalCache                                              : loaded 2 times (x 185B)
Class com.google.common.collect.ImmutableRangeSet$Builder                             : loaded 2 times (x 75B)
Class kotlin.ranges.IntRange$Companion                                                : loaded 2 times (x 69B)
Class org.gradle.internal.installation.GradleInstallation                             : loaded 2 times (x 73B)
Class org.gradle.internal.impldep.gnu.trove.TObjectCanonicalHashingStrategy           : loaded 2 times (x 78B)
Class com.google.common.util.concurrent.AbstractFuture$UnsafeAtomicHelper$1           : loaded 2 times (x 74B)
Class org.jetbrains.plugins.gradle.tooling.util.IntObjectMap$ObjectFactory            : loaded 2 times (x 68B)
Class com.google.common.reflect.TypeCapture                                           : loaded 2 times (x 69B)
Class [Lorg.apache.commons.io.file.DeleteOption;                                      : loaded 2 times (x 67B)
Class org.apache.commons.io.file.PathUtils                                            : loaded 2 times (x 69B)
Class [Lcom.android.builder.model.v2.ide.LibraryType;                                 : loaded 2 times (x 67B)
Class org.jetbrains.plugins.gradle.ExternalDependencyId                               : loaded 2 times (x 68B)
Class com.google.common.collect.Multiset                                              : loaded 2 times (x 68B)
Class org.gradle.internal.impldep.com.google.common.base.Preconditions                : loaded 2 times (x 69B)
Class com.amazon.ion.impl.lite.IonDecimalLite                                         : loaded 2 times (x 156B)
Class org.jetbrains.plugins.gradle.tooling.util.IntObjectMap$1                        : loaded 2 times (x 75B)
Class [Lcom.amazon.ion.impl.bin.AbstractIonWriter$WriteValueOptimization;             : loaded 2 times (x 67B)
Class com.amazon.ion.Decimal                                                          : loaded 2 times (x 131B)
Class com.amazon.ion.impl.lite.IonTimestampLite                                       : loaded 2 times (x 163B)
Class kotlin.comparisons.ComparisonsKt__ComparisonsKt                                 : loaded 2 times (x 69B)
Class kotlin.collections.EmptyMap                                                     : loaded 2 times (x 107B)
Class org.gradle.tooling.internal.adapter.ProtocolToModelAdapter$ViewGraphDetails     : loaded 2 times (x 70B)
Class com.google.common.reflect.Invokable$ConstructorInvokable                        : loaded 2 times (x 103B)
Class org.objectweb.asm.MethodVisitor                                                 : loaded 2 times (x 103B)
Class com.amazon.ion.IonWriter                                                        : loaded 2 times (x 68B)
Class com.google.common.collect.AbstractMapBasedMultimap$KeySet$1                     : loaded 2 times (x 80B)
Class com.amazon.ion.system.IonSystemBuilder                                          : loaded 2 times (x 73B)
Class org.gradle.internal.impldep.gnu.trove.Equality                                  : loaded 2 times (x 68B)
Class com.google.common.collect.AbstractMapBasedMultimap                              : loaded 2 times (x 137B)
Class kotlin.text.RegexKt                                                             : loaded 2 times (x 69B)
Class com.amazon.ion.IonType                                                          : loaded 2 times (x 77B)


---------------  S Y S T E M  ---------------

OS:
 Windows 11 , 64 bit Build 26100 (10.0.26100.8328)
OS uptime: 0 days 5:39 hours
Hyper-V role detected

CPU: total 16 (initial active 16) (8 cores per cpu, 2 threads per core) family 6 model 154 stepping 3 microcode 0x423, cx8, cmov, fxsr, ht, mmx, 3dnowpref, sse, sse2, sse3, ssse3, sse4.1, sse4.2, popcnt, lzcnt, tsc, tscinvbit, avx, avx2, aes, erms, clmul, bmi1, bmi2, adx, sha, fma, vzeroupper, clflush, clflushopt, clwb, hv
Processor Information for processor 0
  Max Mhz: 3100, Current Mhz: 3100, Mhz Limit: 3100
Processor Information for processor 1
  Max Mhz: 3100, Current Mhz: 3100, Mhz Limit: 3100
Processor Information for processor 2
  Max Mhz: 3100, Current Mhz: 3100, Mhz Limit: 3100
Processor Information for processor 3
  Max Mhz: 3100, Current Mhz: 3100, Mhz Limit: 3100
Processor Information for processor 4
  Max Mhz: 3100, Current Mhz: 3100, Mhz Limit: 3100
Processor Information for processor 5
  Max Mhz: 3100, Current Mhz: 3100, Mhz Limit: 3100
Processor Information for processor 6
  Max Mhz: 3100, Current Mhz: 3100, Mhz Limit: 3100
Processor Information for processor 7
  Max Mhz: 3100, Current Mhz: 3100, Mhz Limit: 3100
Processor Information for processor 8
  Max Mhz: 3100, Current Mhz: 2232, Mhz Limit: 2232
Processor Information for processor 9
  Max Mhz: 3100, Current Mhz: 1488, Mhz Limit: 2232
Processor Information for processor 10
  Max Mhz: 3100, Current Mhz: 2232, Mhz Limit: 2232
Processor Information for processor 11
  Max Mhz: 3100, Current Mhz: 2232, Mhz Limit: 2232
Processor Information for processor 12
  Max Mhz: 3100, Current Mhz: 1488, Mhz Limit: 2232
Processor Information for processor 13
  Max Mhz: 3100, Current Mhz: 1488, Mhz Limit: 2232
Processor Information for processor 14
  Max Mhz: 3100, Current Mhz: 1488, Mhz Limit: 2232
Processor Information for processor 15
  Max Mhz: 3100, Current Mhz: 1488, Mhz Limit: 2232

Memory: 4k page, system-wide physical 7896M (404M free)
TotalPageFile size 24280M (AvailPageFile size 9M)
current process WorkingSet (physical memory assigned to process): 716M, peak: 895M
current process commit charge ("private bytes"): 1068M, peak: 1092M

vm_info: OpenJDK 64-Bit Server VM (17.0.9+0--11185874) for windows-amd64 JRE (17.0.9+0--11185874), built on Dec  6 2023 18:57:44 by "androidbuild" with MS VC++ 16.10 / 16.11 (VS2019)

END.
